{
  "run_id": 14,
  "seed": 28014,
  "pop": 20,
  "ngen": 10,
  "steps": 150,
  "base_seed": 7000,
  "elapsed_s": 1.5264067649841309,
  "hof_fitness": [
    [
      -896.8538082539635,
      0.1455588512639047
    ],
    [
      -814.6298892914647,
      0.143082486971462
    ],
    [
      -814.619619746608,
      0.1430824170203014
    ],
    [
      -814.563794386451,
      0.14308203676669579
    ],
    [
      -814.3983351302571,
      0.14308090976003943
    ],
    [
      -813.9960562020088,
      0.14307816978710766
    ],
    [
      -812.890149633898,
      0.1430706380744083
    ],
    [
      -810.0396048588165,
      0.14305122973947942
    ],
    [
      -809.4162201834566,
      0.14304698632594634
    ],
    [
      -809.4059539919787,
      0.1430469164463921
    ],
    [
      -804.1162340573305,
      0.13945099815446169
    ],
    [
      -803.6214545936259,
      0.13944693776901748
    ],
    [
      -803.392965339542,
      0.1394450628803726
    ],
    [
      -803.3843495695271,
      0.1394449921853671
    ],
    [
      -802.99601118219,
      0.13944180593591696
    ],
    [
      -801.9047436769724,
      0.13943285421101947
    ],
    [
      -800.0486032612565,
      0.13816367016638148
    ],
    [
      -799.8211097791747,
      0.1381617228613191
    ],
    [
      -798.3393742423592,
      0.13814904322893282
    ],
    [
      -797.9219103476604,
      0.13738451654508296
    ],
    [
      -797.8571437741736,
      0.13738395059615024
    ],
    [
      -796.2171366817333,
      0.13736962442117365
    ],
    [
      -795.7013920911187,
      0.1365630513860965
    ],
    [
      -795.4751109050128,
      0.1365610389718381
    ],
    [
      -795.0819928969023,
      0.13655754326455005
    ],
    [
      -794.0012718472955,
      0.13654793620440825
    ],
    [
      -793.2781359200991,
      0.1356621978045856
    ],
    [
      -793.2137391168052,
      0.13566161678851266
    ],
    [
      -793.0525308491389,
      0.13566016237416123
    ],
    [
      -791.5830957674932,
      0.13564691026318212
    ],
    [
      -790.1987437551837,
      0.13452033096524704
    ],
    [
      -790.1345923034609,
      0.13451974626440702
    ],
    [
      -789.9739982428716,
      0.13451828263697987
    ],
    [
      -789.2785861527816,
      0.13451194622223958
    ],
    [
      -788.5101620179224,
      0.13450494728946946
    ],
    [
      -787.6978781943382,
      0.1336046389230836
    ],
    [
      -787.6339260915671,
      0.13360405564607278
    ],
    [
      -787.632414295126,
      0.13358089649181495
    ],
    [
      -787.408385462443,
      0.13357885349711857
    ],
    [
      -785.9492174264478,
      0.13356555357726022
    ],
    [
      -783.6237540794533,
      0.13354438171037075
    ]
  ],
  "hall_of_fame": [
    [
      0.9900985085325641,
      0.9391660895905849
    ],
    [
      0.12999134354126318,
      0.9391660895905849
    ],
    [
      0.12999134354126318,
      0.9379201253756321
    ],
    [
      0.12999134354126318,
      0.9311470359817681
    ],
    [
      0.12999134354126318,
      0.911072322379447
    ],
    [
      0.12999134354126318,
      0.8622640638390459
    ],
    [
      0.12999134354126318,
      0.7280787424581242
    ],
    [
      0.12999134354126318,
      0.3821646375798187
    ],
    [
      0.12999134354126318,
      0.30650857604323245
    ],
    [
      0.12999134354126318,
      0.30526261182827963
    ],
    [
      0.8064573636482871,
      1.0
    ],
    [
      0.8064573636482871,
      0.9391660895905849
    ],
    [
      0.8064573636482871,
      0.911072322379447
    ],
    [
      0.8064573636482871,
      0.9100129671428095
    ],
    [
      0.8064573636482871,
      0.8622640638390459
    ],
    [
      0.8064573636482871,
      0.7280787424581242
    ],
    [
      0.7769533068454868,
      0.9391660895905849
    ],
    [
      0.7769533068454868,
      0.911072322379447
    ],
    [
      0.7769533068454868,
      0.7280787424581242
    ],
    [
      0.24394272564786257,
      0.9391660895905849
    ],
    [
      0.24394272564786257,
      0.9311470359817681
    ],
    [
      0.24394272564786257,
      0.7280787424581242
    ],
    [
      0.26941872637842723,
      0.9391660895905849
    ],
    [
      0.26941872637842723,
      0.911072322379447
    ],
    [
      0.26941872637842723,
      0.8622640638390459
    ],
    [
      0.26941872637842723,
      0.7280787424581242
    ],
    [
      0.6966717687468587,
      0.9391660895905849
    ],
    [
      0.6966717687468587,
      0.9311470359817681
    ],
    [
      0.6966717687468587,
      0.911072322379447
    ],
    [
      0.6966717687468587,
      0.7280787424581242
    ],
    [
      0.36321645676169045,
      0.9391660895905849
    ],
    [
      0.36321645676169045,
      0.9311470359817681
    ],
    [
      0.36321645676169045,
      0.911072322379447
    ],
    [
      0.36321645676169045,
      0.8241413587897269
    ],
    [
      0.36321645676169045,
      0.7280787424581242
    ],
    [
      0.46683368508921386,
      0.9391660895905849
    ],
    [
      0.46683368508921386,
      0.9311470359817681
    ],
    [
      0.5249263393440453,
      0.9391660895905849
    ],
    [
      0.5249263393440453,
      0.911072322379447
    ],
    [
      0.5249263393440453,
      0.7280787424581242
    ],
    [
      0.5249263393440453,
      0.436406549020246
    ]
  ]
}