{
  "run_id": 5,
  "seed": 28005,
  "pop": 20,
  "ngen": 10,
  "steps": 150,
  "base_seed": 7000,
  "elapsed_s": 1.4965310096740723,
  "hof_fitness": [
    [
      -984.1681355687875,
      0.12318279764618864
    ],
    [
      -983.8377337159242,
      0.12318279764614629
    ],
    [
      -983.2270246769103,
      0.12318279764613307
    ]
  ],
  "hall_of_fame": [
    [
      1.0,
      0.9511189423522798
    ],
    [
      1.0,
      0.9172279479762051
    ],
    [
      1.0,
      0.8545844233501952
    ]
  ]
}