{
  "run_id": 17,
  "seed": 28017,
  "pop": 20,
  "ngen": 10,
  "steps": 150,
  "base_seed": 7000,
  "elapsed_s": 1.4942219257354736,
  "hof_fitness": [
    [
      -971.0699599252548,
      0.12351277938856005
    ]
  ],
  "hall_of_fame": [
    [
      0.00037436621461128805,
      0.8417563025710955
    ]
  ]
}