{
  "run_id": 18,
  "seed": 28018,
  "pop": 20,
  "ngen": 10,
  "steps": 150,
  "base_seed": 7000,
  "elapsed_s": 1.518601894378662,
  "hof_fitness": [
    [
      -984.2161644862084,
      0.1231827976461846
    ],
    [
      -983.3012710992112,
      0.12318279764616022
    ],
    [
      -981.2297720938332,
      0.1231827976461581
    ]
  ],
  "hall_of_fame": [
    [
      0.0,
      0.9560455120916483
    ],
    [
      0.0,
      0.8622002555826215
    ],
    [
      0.0,
      0.6497160926402039
    ]
  ]
}