{
  "run_id": 15,
  "seed": 28015,
  "pop": 20,
  "ngen": 10,
  "steps": 150,
  "base_seed": 7000,
  "elapsed_s": 1.499316930770874,
  "hof_fitness": [
    [
      -909.8159377970973,
      0.1422363445231359
    ],
    [
      -807.3781964169681,
      0.1407048782071242
    ],
    [
      -807.1718143424604,
      0.14070327066365268
    ],
    [
      -806.6312840780955,
      0.14042679316299275
    ],
    [
      -806.5617777020365,
      0.14042624491856384
    ],
    [
      -806.3556000667056,
      0.14042461871049255
    ],
    [
      -805.5331344604866,
      0.1404181324225696
    ],
    [
      -804.911085440045,
      0.14041322758867394
    ],
    [
      -804.4896801091577,
      0.1404099052585564
    ],
    [
      -804.3689592815688,
      0.1404089535688458
    ],
    [
      -803.4386828157421,
      0.14040162080292037
    ],
    [
      -802.9344634088226,
      0.14039764708537852
    ],
    [
      -801.1952672878682,
      0.14038394447299662
    ],
    [
      -800.0819891552815,
      0.14037517643444553
    ],
    [
      -796.0635052974159,
      0.13662489555208737
    ],
    [
      -795.7913622701477,
      0.13662247785903073
    ],
    [
      -794.3654025058063,
      0.13660981427751603
    ],
    [
      -793.949410463402,
      0.13660612138672115
    ],
    [
      -793.8302404176719,
      0.13660506359595515
    ],
    [
      -792.9119146920625,
      0.13659691402311824
    ],
    [
      -792.8844086418318,
      0.1354682214121367
    ],
    [
      -792.6816595635148,
      0.13546638767583974
    ],
    [
      -791.8728712899638,
      0.1354590744767528
    ],
    [
      -791.2611672030158,
      0.1354535452318528
    ],
    [
      -791.1003016710714,
      0.13478172140811737
    ],
    [
      -790.9395389937804,
      0.13472226864583853
    ],
    [
      -790.7796831432652,
      0.13466318881954606
    ],
    [
      -790.7115164332864,
      0.13466256790845493
    ],
    [
      -790.50931269996,
      0.13466072622372383
    ],
    [
      -789.7026999340035,
      0.13465338149670156
    ],
    [
      -789.4150388612487,
      0.13425734413012175
    ],
    [
      -787.9435892010142,
      0.1337191123251357
    ],
    [
      -787.8535236539,
      0.13361501521804842
    ],
    [
      -787.7458627476534,
      0.1335519852331348
    ],
    [
      -787.6779528125589,
      0.13355136590748068
    ],
    [
      -787.4765107598246,
      0.13354952894356775
    ],
    [
      -786.0651760743187,
      0.1335366651431336
    ],
    [
      -784.6265969651915,
      0.1335235642884474
    ],
    [
      -781.3470233800284,
      0.13349374037550352
    ]
  ],
  "hall_of_fame": [
    [
      0.006597857949122488,
      0.9640236988657931
    ],
    [
      0.1689076103124476,
      0.9555068834772467
    ],
    [
      0.1689076103124476,
      0.9302431240304536
    ],
    [
      0.17407365817510057,
      0.9640236988657931
    ],
    [
      0.17407365817510057,
      0.9555068834772467
    ],
    [
      0.17407365817510057,
      0.9302431240304536
    ],
    [
      0.17407365817510057,
      0.8294598471581401
    ],
    [
      0.17407365817510057,
      0.7532316901067003
    ],
    [
      0.17407365817510057,
      0.7015894191243063
    ],
    [
      0.17407365817510057,
      0.6867950980197319
    ],
    [
      0.17407365817510057,
      0.572786012480709
    ],
    [
      0.17407365817510057,
      0.5109890837060644
    ],
    [
      0.17407365817510057,
      0.29781863627311944
    ],
    [
      0.17407365817510057,
      0.16135352692942906
    ],
    [
      0.26740799649891356,
      0.9640236988657931
    ],
    [
      0.26740799649891356,
      0.9302431240304536
    ],
    [
      0.26740799649891356,
      0.7532316901067003
    ],
    [
      0.26740799649891356,
      0.7015894191243063
    ],
    [
      0.26740799649891356,
      0.6867950980197319
    ],
    [
      0.26740799649891356,
      0.572786012480709
    ],
    [
      0.688156891865698,
      0.9555068834772467
    ],
    [
      0.688156891865698,
      0.9302431240304536
    ],
    [
      0.688156891865698,
      0.8294598471581401
    ],
    [
      0.688156891865698,
      0.7532316901067003
    ],
    [
      0.346941789849856,
      0.9640236988657931
    ],
    [
      0.6495201205615911,
      0.9640236988657931
    ],
    [
      0.354100360898846,
      0.9640236988657931
    ],
    [
      0.354100360898846,
      0.9555068834772467
    ],
    [
      0.354100360898846,
      0.9302431240304536
    ],
    [
      0.354100360898846,
      0.8294598471581401
    ],
    [
      0.6175815107978329,
      0.9302431240304536
    ],
    [
      0.558345198007386,
      0.9302431240304536
    ],
    [
      0.5358457368355478,
      0.9555068834772467
    ],
    [
      0.500440485511238,
      0.9640236988657931
    ],
    [
      0.500440485511238,
      0.9555068834772467
    ],
    [
      0.500440485511238,
      0.9302431240304536
    ],
    [
      0.500440485511238,
      0.7532316901067003
    ],
    [
      0.500440485511238,
      0.572786012480709
    ],
    [
      0.500440485511238,
      0.16135352692942906
    ]
  ]
}