{
  "run_id": 3,
  "seed": 28003,
  "pop": 20,
  "ngen": 10,
  "steps": 150,
  "base_seed": 7000,
  "elapsed_s": 1.5687880516052246,
  "hof_fitness": [
    [
      -843.5257775672517,
      0.14916542593998602
    ],
    [
      -843.5062659531916,
      0.14916537855639714
    ],
    [
      -843.202223038589,
      0.149164640110454
    ],
    [
      -840.7052907498535,
      0.1491585697472285
    ],
    [
      -838.3100879190454,
      0.14915273680804353
    ],
    [
      -830.678355221726,
      0.1471465388936844
    ],
    [
      -830.6591335698147,
      0.14714645421788786
    ],
    [
      -830.35960909266,
      0.14714513470973112
    ],
    [
      -830.0124101596557,
      0.14701061321227427
    ],
    [
      -829.9932035581809,
      0.14701052662046624
    ],
    [
      -829.6939136095987,
      0.14700917725848067
    ],
    [
      -823.685031497741,
      0.14557041490602196
    ],
    [
      -823.6659679825923,
      0.14557031038712656
    ],
    [
      -823.3689077247848,
      0.14556868170161053
    ],
    [
      -820.4138190254238,
      0.14472348011267985
    ],
    [
      -820.3948295431343,
      0.14472336661585553
    ],
    [
      -820.0989229267676,
      0.14472159804599483
    ],
    [
      -820.0763306075667,
      0.1447214630175456
    ],
    [
      -818.5597429881412,
      0.14421383515037706
    ],
    [
      -818.540795483271,
      0.14421371668935914
    ],
    [
      -818.2455429937611,
      0.14421187077339212
    ],
    [
      -818.2230006173571,
      0.14421172984031483
    ],
    [
      -816.3918587200267,
      0.14420028248483283
    ],
    [
      -816.2926907838587,
      0.14419966258279396
    ],
    [
      -815.8469021102412,
      0.1434310972145119
    ],
    [
      -814.1062867071144,
      0.14290663631109324
    ],
    [
      -813.4361025510301,
      0.14279458509853493
    ],
    [
      -811.8072760144394,
      0.1421886623329032
    ],
    [
      -811.7884814873642,
      0.14218852684304276
    ],
    [
      -810.2025860104765,
      0.14167137102887875
    ],
    [
      -808.5324397413181,
      0.14111973584333368
    ],
    [
      -806.8339468080939,
      0.14064901502653954
    ],
    [
      -806.5818046451514,
      0.1404657731368286
    ],
    [
      -803.873459365404,
      0.13951722180484968
    ],
    [
      -803.8548447697286,
      0.13951706945185915
    ],
    [
      -803.5647799433913,
      0.13951469549374151
    ],
    [
      -802.5737343001678,
      0.13916309555595116
    ],
    [
      -801.606314812395,
      0.13870866039319815
    ],
    [
      -801.5877516708985,
      0.13870850411126298
    ],
    [
      -801.2984886451761,
      0.1387060689451877
    ],
    [
      -799.4411729380312,
      0.13792280208620014
    ],
    [
      -799.4226589515109,
      0.1379226425217578
    ],
    [
      -799.134161898259,
      0.1379201562210473
    ],
    [
      -797.6665430400703,
      0.13727762241718125
    ],
    [
      -788.5649750777062,
      0.13390135237369005
    ],
    [
      -788.546708257604,
      0.13390118566566753
    ],
    [
      -788.2620627490742,
      0.1338985881397587
    ],
    [
      -787.937389114966,
      0.13378785361026962
    ],
    [
      -787.763511702606,
      0.13361606797324185
    ],
    [
      -787.6655030987614,
      0.1335805192269137
    ],
    [
      -787.3811699515772,
      0.13357792629570206
    ],
    [
      -782.8062229438219,
      0.13353626667113574
    ]
  ],
  "hall_of_fame": [
    [
      0.051191579839739196,
      0.9458445691297331
    ],
    [
      0.051191579839739196,
      0.9435563971037705
    ],
    [
      0.051191579839739196,
      0.9079002465766732
    ],
    [
      0.051191579839739196,
      0.6150526018449698
    ],
    [
      0.051191579839739196,
      0.33409614827378564
    ],
    [
      0.9233084654878946,
      0.9458445691297331
    ],
    [
      0.9233084654878946,
      0.9435563971037705
    ],
    [
      0.9233084654878946,
      0.9079002465766732
    ],
    [
      0.9216572357764495,
      0.9458445691297331
    ],
    [
      0.9216572357764495,
      0.9435563971037705
    ],
    [
      0.9216572357764495,
      0.9079002465766732
    ],
    [
      0.9038502981892437,
      0.9458445691297331
    ],
    [
      0.9038502981892437,
      0.9435563971037705
    ],
    [
      0.9038502981892437,
      0.9079002465766732
    ],
    [
      0.10711032391244868,
      0.9458445691297331
    ],
    [
      0.10711032391244868,
      0.9435563971037705
    ],
    [
      0.10711032391244868,
      0.9079002465766732
    ],
    [
      0.10711032391244868,
      0.9051778908486029
    ],
    [
      0.8860433606020378,
      0.9458445691297331
    ],
    [
      0.8860433606020378,
      0.9435563971037705
    ],
    [
      0.8860433606020378,
      0.9079002465766732
    ],
    [
      0.8860433606020378,
      0.9051778908486029
    ],
    [
      0.8860433606020378,
      0.6840252222603281
    ],
    [
      0.8860433606020378,
      0.6720476862004936
    ],
    [
      0.12491726149965451,
      0.9458445691297331
    ],
    [
      0.8673897214151851,
      0.9458445691297331
    ],
    [
      0.8657384917037401,
      0.9079002465766732
    ],
    [
      0.14366996228139062,
      0.9458445691297331
    ],
    [
      0.14366996228139062,
      0.9435563971037705
    ],
    [
      0.8479315541165342,
      0.9458445691297331
    ],
    [
      0.16147689986859645,
      0.9458445691297331
    ],
    [
      0.8301246165293283,
      0.9079002465766732
    ],
    [
      0.17331699474742412,
      0.9435563971037705
    ],
    [
      0.19207672940582987,
      0.9458445691297331
    ],
    [
      0.19207672940582987,
      0.9435563971037705
    ],
    [
      0.19207672940582987,
      0.9079002465766732
    ],
    [
      0.1995887063541001,
      0.9079002465766732
    ],
    [
      0.2098836669930357,
      0.9458445691297331
    ],
    [
      0.2098836669930357,
      0.9435563971037705
    ],
    [
      0.2098836669930357,
      0.9079002465766732
    ],
    [
      0.2292357388201336,
      0.9458445691297331
    ],
    [
      0.2292357388201336,
      0.9435563971037705
    ],
    [
      0.2292357388201336,
      0.9079002465766732
    ],
    [
      0.24704267640733943,
      0.9435563971037705
    ],
    [
      0.41649103677002786,
      0.9458445691297331
    ],
    [
      0.41649103677002786,
      0.9435563971037705
    ],
    [
      0.41649103677002786,
      0.9079002465766732
    ],
    [
      0.4306967863428379,
      0.9051778908486029
    ],
    [
      0.5363810274705547,
      0.9435563971037705
    ],
    [
      0.475357341906446,
      0.9435563971037705
    ],
    [
      0.475357341906446,
      0.9079002465766732
    ],
    [
      0.475357341906446,
      0.33409614827378564
    ]
  ]
}