{
  "run_id": 6,
  "seed": 5006,
  "strategy": "simple",
  "elapsed_s": 20.532012224197388,
  "hof_fitness": [
    [
      -820.9644504160576,
      0.13698945085627584
    ],
    [
      -819.2357833324634,
      0.13698077979355275
    ],
    [
      -818.6655568634359,
      0.13697792045023705
    ],
    [
      -818.4517774562783,
      0.13697684859441744
    ],
    [
      -817.5827888952375,
      0.13697249229520114
    ],
    [
      -810.7706597966836,
      0.1335870444521106
    ],
    [
      -803.2056195668728,
      0.1264425577598722
    ],
    [
      -802.0529825890386,
      0.1256052145363667
    ],
    [
      -800.7537119202353,
      0.12471733747952204
    ],
    [
      -781.4341241094261,
      0.10848999217833824
    ],
    [
      -780.5440927700962,
      0.10701483735628539
    ],
    [
      -779.7529928056337,
      0.10626481444848171
    ],
    [
      -778.1102863464159,
      0.1062467152354554
    ],
    [
      -777.5684162136571,
      0.10624074873412895
    ],
    [
      -776.5806838189128,
      0.10483665768614794
    ],
    [
      -775.6811677832239,
      0.10387328558743639
    ],
    [
      -773.2617016145388,
      0.1011607000464583
    ],
    [
      -772.5591291901573,
      0.09975336912030479
    ]
  ],
  "hall_of_fame": [
    [
      0.015119577138056117,
      0.9954143861775296
    ],
    [
      0.015119577138056117,
      0.784989493671373
    ],
    [
      0.015119577138056117,
      0.7155751832846386
    ],
    [
      0.015119577138056117,
      0.6895512507912545
    ],
    [
      0.015119577138056117,
      0.5837651549642022
    ],
    [
      0.022267592771963107,
      0.5479423770981452
    ],
    [
      0.04364494382267081,
      0.9954143861775296
    ],
    [
      0.046822233714081785,
      0.9954143861775296
    ],
    [
      0.9496278259800001,
      0.9822733206924129
    ],
    [
      0.17197296744895,
      0.9092457109634415
    ],
    [
      0.19341526303319112,
      0.9954143861775296
    ],
    [
      0.20568056420142444,
      0.9954143861775296
    ],
    [
      0.20568056420142444,
      0.784989493671373
    ],
    [
      0.20568056420142444,
      0.7155751832846386
    ],
    [
      0.23208884440681166,
      0.7795118453680706
    ],
    [
      0.7465266024487467,
      0.7954158209018136
    ],
    [
      0.3410889670922589,
      0.8621645578119611
    ],
    [
      0.5579496340254416,
      0.9763641040087112
    ]
  ],
  "logbook": [
    {
      "gen": 0,
      "nevals": 20,
      "avg": [
        -782.354753159454,
        0.1105345539393815
      ],
      "min": [
        -818.6655568634359,
        0.09975336912030479
      ],
      "max": [
        -771.2788305842707,
        0.13697792045023705
      ]
    },
    {
      "gen": 1,
      "nevals": 18,
      "avg": [
        -789.9858686593877,
        0.11705830720676062
      ],
      "min": [
        -819.2357833324634,
        0.10146024781295596
      ],
      "max": [
        -772.0033388944954,
        0.13698077979355275
      ]
    },
    {
      "gen": 2,
      "nevals": 18,
      "avg": [
        -793.0652651339622,
        0.11951742207276013
      ],
      "min": [
        -819.2357833324634,
        0.10622942448507591
      ],
      "max": [
        -776.539493643555,
        0.13698077979355275
      ]
    },
    {
      "gen": 3,
      "nevals": 18,
      "avg": [
        -807.8267991761718,
        0.13012877256533237
      ],
      "min": [
        -820.9644504160576,
        0.1063574666791901
      ],
      "max": [
        -777.5619167479463,
        0.13698945085627584
      ]
    },
    {
      "gen": 4,
      "nevals": 18,
      "avg": [
        -815.6501381965682,
        0.13439679218113293
      ],
      "min": [
        -820.9644504160576,
        0.10637555379066058
      ],
      "max": [
        -779.2048449139013,
        0.13698945085627584
      ]
    },
    {
      "gen": 5,
      "nevals": 18,
      "avg": [
        -818.1311678235656,
        0.13556018074745452
      ],
      "min": [
        -820.9644504160576,
        0.10848999217833824
      ],
      "max": [
        -781.4341241094261,
        0.13698945085627584
      ]
    },
    {
      "gen": 6,
      "nevals": 18,
      "avg": [
        -818.7324176705051,
        0.13556319644118905
      ],
      "min": [
        -820.9644504160576,
        0.10848999217833824
      ],
      "max": [
        -781.4341241094261,
        0.13698945085627584
      ]
    },
    {
      "gen": 7,
      "nevals": 18,
      "avg": [
        -818.9879341007257,
        0.13556447792237894
      ],
      "min": [
        -820.9644504160576,
        0.10848999217833824
      ],
      "max": [
        -781.4341241094261,
        0.13698945085627584
      ]
    },
    {
      "gen": 8,
      "nevals": 18,
      "avg": [
        -818.9879341007257,
        0.13556447792237894
      ],
      "min": [
        -820.9644504160576,
        0.10848999217833824
      ],
      "max": [
        -781.4341241094261,
        0.13698945085627584
      ]
    },
    {
      "gen": 9,
      "nevals": 18,
      "avg": [
        -818.9879341007257,
        0.13556447792237894
      ],
      "min": [
        -820.9644504160576,
        0.10848999217833824
      ],
      "max": [
        -781.4341241094261,
        0.13698945085627584
      ]
    },
    {
      "gen": 10,
      "nevals": 18,
      "avg": [
        -818.9879341007257,
        0.13556447792237894
      ],
      "min": [
        -820.9644504160576,
        0.10848999217833824
      ],
      "max": [
        -781.4341241094261,
        0.13698945085627584
      ]
    }
  ]
}