{
  "run_id": 4,
  "seed": 5004,
  "strategy": "simple",
  "elapsed_s": 15.98943281173706,
  "hof_fitness": [
    [
      -799.060520747016,
      0.1234943135925908
    ],
    [
      -798.760066603447,
      0.12349175834065848
    ],
    [
      -798.2744569919043,
      0.12288190506476179
    ],
    [
      -797.9742955054488,
      0.12287931277227424
    ],
    [
      -796.3489295221735,
      0.12286528094730045
    ],
    [
      -795.1606126989236,
      0.12037419500867727
    ],
    [
      -794.8616106584169,
      0.12037145872938337
    ],
    [
      -794.0324750322794,
      0.12036387277670776
    ],
    [
      -793.2425232291491,
      0.12035664775429081
    ],
    [
      -792.9257524249231,
      0.120353751184377
    ],
    [
      -791.6490234060859,
      0.1203420805611963
    ],
    [
      -790.786654995223,
      0.12033420111827782
    ],
    [
      -790.4755069954862,
      0.12033135885672588
    ],
    [
      -787.9913024315082,
      0.11514413953102262
    ],
    [
      -787.4113622116955,
      0.11361744032499514
    ],
    [
      -785.5117911108439,
      0.11359785763506194
    ],
    [
      -783.933676688781,
      0.11358160225712707
    ],
    [
      -782.3633915283474,
      0.11096669890838784
    ],
    [
      -781.563086161188,
      0.11095818593897225
    ],
    [
      -780.6648431365481,
      0.10730828651152688
    ],
    [
      -779.5570868953095,
      0.10729613609321184
    ],
    [
      -778.8567509973828,
      0.10586855301885364
    ],
    [
      -776.3424828015994,
      0.10322903936439143
    ],
    [
      -776.0504954373785,
      0.10322581911450199
    ],
    [
      -773.582157773064,
      0.10167286249575683
    ],
    [
      -770.3192127570275,
      0.09979258102945444
    ],
    [
      -770.2905966870319,
      0.09972888092659722
    ],
    [
      -768.098470021125,
      0.09952249657936561
    ]
  ],
  "hall_of_fame": [
    [
      0.9444054184002683,
      0.9709895539106879
    ],
    [
      0.9444054184002683,
      0.9334337263328131
    ],
    [
      0.9416355966025484,
      0.9709895539106879
    ],
    [
      0.9416355966025484,
      0.9334337263328131
    ],
    [
      0.9416355966025484,
      0.7300633998156382
    ],
    [
      0.9291114775386096,
      0.9709895539106879
    ],
    [
      0.9291114775386096,
      0.9334337263328131
    ],
    [
      0.9291114775386096,
      0.8292890544504791
    ],
    [
      0.9291114775386096,
      0.7300633998156382
    ],
    [
      0.9291114775386096,
      0.690273151140202
    ],
    [
      0.9291114775386096,
      0.5298962084596344
    ],
    [
      0.9291114775386096,
      0.4215654643190231
    ],
    [
      0.9291114775386096,
      0.38247826989274036
    ],
    [
      0.10458387945358227,
      0.8292890544504791
    ],
    [
      0.882901570549688,
      0.9709895539106879
    ],
    [
      0.882901570549688,
      0.7300633998156382
    ],
    [
      0.882901570549688,
      0.5298962084596344
    ],
    [
      0.8577632863120949,
      0.690273151140202
    ],
    [
      0.8577632863120949,
      0.5883985796322752
    ],
    [
      0.18886433794008162,
      0.9709895539106879
    ],
    [
      0.18886433794008162,
      0.8292890544504791
    ],
    [
      0.2125254476152285,
      0.9334337263328131
    ],
    [
      0.27018151112886235,
      0.9709895539106879
    ],
    [
      0.27018151112886235,
      0.9334337263328131
    ],
    [
      0.6804733293892559,
      0.8306259935559462
    ],
    [
      0.5663888735290009,
      0.6774550921612471
    ],
    [
      0.5579095346531986,
      0.6831792962961889
    ],
    [
      0.5165230792285315,
      0.4270506923031169
    ]
  ],
  "logbook": [
    {
      "gen": 0,
      "nevals": 20,
      "avg": [
        -779.1629395528867,
        0.10865416499245928
      ],
      "min": [
        -797.9742955054488,
        0.09952249657936561
      ],
      "max": [
        -768.098470021125,
        0.12346613119964414
      ]
    },
    {
      "gen": 1,
      "nevals": 17,
      "avg": [
        -784.5806762812203,
        0.11301092345117114
      ],
      "min": [
        -795.1606126989236,
        0.10167286249575683
      ],
      "max": [
        -773.3127654859517,
        0.12345696406343007
      ]
    },
    {
      "gen": 2,
      "nevals": 17,
      "avg": [
        -789.5369054243158,
        0.11729494082949836
      ],
      "min": [
        -799.060520747016,
        0.10322903936439143
      ],
      "max": [
        -776.3424828015994,
        0.1234943135925908
      ]
    },
    {
      "gen": 3,
      "nevals": 17,
      "avg": [
        -795.1803683302016,
        0.12213483068417237
      ],
      "min": [
        -799.060520747016,
        0.12033135885672588
      ],
      "max": [
        -790.4755069954862,
        0.1234943135925908
      ]
    },
    {
      "gen": 4,
      "nevals": 17,
      "avg": [
        -798.0367137760384,
        0.12327068905760068
      ],
      "min": [
        -799.060520747016,
        0.12037419500867727
      ],
      "max": [
        -795.1606126989236,
        0.1234943135925908
      ]
    },
    {
      "gen": 5,
      "nevals": 17,
      "avg": [
        -798.6805367240438,
        0.12336993584661111
      ],
      "min": [
        -799.060520747016,
        0.12287931277227424
      ],
      "max": [
        -797.1331158425274,
        0.1234943135925908
      ]
    },
    {
      "gen": 6,
      "nevals": 17,
      "avg": [
        -799.0212175592605,
        0.12346369316619936
      ],
      "min": [
        -799.060520747016,
        0.12288190506476179
      ],
      "max": [
        -798.2744569919043,
        0.1234943135925908
      ]
    },
    {
      "gen": 7,
      "nevals": 17,
      "avg": [
        -799.0605207470161,
        0.12349431359259082
      ],
      "min": [
        -799.060520747016,
        0.1234943135925908
      ],
      "max": [
        -799.060520747016,
        0.1234943135925908
      ]
    },
    {
      "gen": 8,
      "nevals": 17,
      "avg": [
        -799.0605207470161,
        0.12349431359259082
      ],
      "min": [
        -799.060520747016,
        0.1234943135925908
      ],
      "max": [
        -799.060520747016,
        0.1234943135925908
      ]
    },
    {
      "gen": 9,
      "nevals": 17,
      "avg": [
        -799.0605207470161,
        0.12349431359259082
      ],
      "min": [
        -799.060520747016,
        0.1234943135925908
      ],
      "max": [
        -799.060520747016,
        0.1234943135925908
      ]
    },
    {
      "gen": 10,
      "nevals": 17,
      "avg": [
        -799.0605207470161,
        0.12349431359259082
      ],
      "min": [
        -799.060520747016,
        0.1234943135925908
      ],
      "max": [
        -799.060520747016,
        0.1234943135925908
      ]
    }
  ]
}