{
  "run_id": 1,
  "seed": 6001,
  "steps": 140,
  "n_eval": 5,
  "elapsed_s": 10.047649145126343,
  "hof_fitness": [
    [
      -834.8435463850572,
      0.14948503337398564
    ],
    [
      -834.3231272128521,
      0.1494831204051358
    ],
    [
      -834.259340998626,
      0.14948288591472403
    ],
    [
      -833.681195440173,
      0.14948076030576946
    ],
    [
      -833.4122599645652,
      0.14947977139423768
    ],
    [
      -832.0690906312841,
      0.14947483101728812
    ],
    [
      -831.6478082187687,
      0.14947328101016796
    ],
    [
      -830.4382722768427,
      0.14894177776412323
    ],
    [
      -829.9676897067262,
      0.1487450899425706
    ],
    [
      -829.2784846858842,
      0.14874210035138805
    ],
    [
      -827.3928329438859,
      0.14873391870923564
    ],
    [
      -827.3059635406113,
      0.1487335417155049
    ],
    [
      -823.3000954312887,
      0.14740405093164152
    ],
    [
      -822.7293468126876,
      0.14740101025120234
    ],
    [
      -822.6792041173594,
      0.14740074311010698
    ],
    [
      -822.4638522845501,
      0.14739959578992518
    ],
    [
      -822.0956542869404,
      0.14739763412810283
    ],
    [
      -821.1378695265079,
      0.14739253112662837
    ],
    [
      -820.7219780380453,
      0.1473903152105369
    ],
    [
      -820.3506575340174,
      0.14738833673333945
    ],
    [
      -818.2880628499421,
      0.14737734609063274
    ],
    [
      -817.7606871951616,
      0.14737453575743603
    ],
    [
      -816.7091936539119,
      0.14567121279768291
    ],
    [
      -816.1997925898679,
      0.14566797581536758
    ],
    [
      -816.1373568633509,
      0.14566757907717073
    ],
    [
      -815.5217350426823,
      0.14566366730632344
    ],
    [
      -815.3082109561116,
      0.14566231057998094
    ],
    [
      -813.9934828247377,
      0.145653957330904
    ],
    [
      -813.581121562085,
      0.14565133753193238
    ],
    [
      -812.2743543915266,
      0.14564303598630537
    ],
    [
      -808.8178865783581,
      0.1436098777904134
    ],
    [
      -808.7560023333002,
      0.1436094253706713
    ],
    [
      -808.1458183058344,
      0.14360496476705054
    ],
    [
      -806.8205592546872,
      0.14359527862154717
    ],
    [
      -806.6310662277554,
      0.14359389384805263
    ],
    [
      -806.2223479077942,
      0.1435909072000504
    ],
    [
      -806.10789583468,
      0.14299577754060452
    ],
    [
      -805.8967794282182,
      0.14299418443489978
    ],
    [
      -804.1891659436502,
      0.14298130144115934
    ],
    [
      -803.0626108227224,
      0.14170179465561583
    ],
    [
      -802.5615270183351,
      0.141697793023511
    ],
    [
      -802.5001107339822,
      0.14169730259691607
    ],
    [
      -801.6845034475626,
      0.14169079058888148
    ],
    [
      -800.6036147181158,
      0.1416821629438406
    ],
    [
      -800.391244382409,
      0.14168046813189922
    ],
    [
      -800.0696856501835,
      0.14167790215090398
    ],
    [
      -799.9856172608712,
      0.14167723134077748
    ],
    [
      -798.7001918175498,
      0.14166697658914168
    ],
    [
      -798.5377954478332,
      0.14166568131757784
    ],
    [
      -798.5229877768351,
      0.14042761244293217
    ],
    [
      -797.2217918958904,
      0.13983031051268785
    ],
    [
      -796.7242739947463,
      0.13982610899014672
    ],
    [
      -796.6632947806352,
      0.13982559408051184
    ],
    [
      -796.0620346474623,
      0.13982051770491216
    ],
    [
      -795.8534919574124,
      0.13981875728795004
    ],
    [
      -794.2501673667286,
      0.139805227729282
    ],
    [
      -794.1666973560308,
      0.1398045236118224
    ],
    [
      -793.5039658679788,
      0.13979893393161116
    ],
    [
      -793.2352763996204,
      0.13853594106180742
    ],
    [
      -792.740194413629,
      0.1385316688886499
    ],
    [
      -792.6795137677054,
      0.13853114533246036
    ],
    [
      -792.1295171149166,
      0.13852640063283692
    ],
    [
      -791.51886612613,
      0.13852113416702308
    ],
    [
      -791.4521323685675,
      0.1385205587267056
    ],
    [
      -790.6114830706357,
      0.1376901138113541
    ],
    [
      -790.1180052725263,
      0.13768583093156087
    ],
    [
      -790.0575212505438,
      0.13768530607224508
    ],
    [
      -789.8629822196889,
      0.13768361804829785
    ],
    [
      -789.5093067924217,
      0.13768054965237783
    ],
    [
      -789.4611438620229,
      0.1376801318494197
    ],
    [
      -789.4070673586399,
      0.13747736614521658
    ],
    [
      -788.1845127300987,
      0.13747319349214274
    ],
    [
      -787.545915619812,
      0.13747023068043412
    ],
    [
      -787.213440497528,
      0.13746734820792048
    ],
    [
      -786.961692457501,
      0.1374651659787473
    ],
    [
      -786.6053098001703,
      0.13746207727599782
    ],
    [
      -784.1195420734941,
      0.13744055090676277
    ]
  ],