{
  "run_id": 2,
  "seed": 6002,
  "steps": 140,
  "n_eval": 5,
  "elapsed_s": 9.96834397315979,
  "hof_fitness": [
    [
      -982.531973039464,
      0.1275417462444625
    ],
    [
      -977.8401028989543,
      0.12754174624444728
    ]
  ],
  "hall_of_fame": [
    [
      1.0,
      0.9690056082860555
    ],
    [
      1.0,
      0.48684983572116214
    ]
  ]
}