{
  "run_id": 4,
  "seed": 6004,
  "steps": 140,
  "n_eval": 5,
  "elapsed_s": 9.951972246170044,
  "hof_fitness": [
    [
      -913.9086055378687,
      0.14260667281394346
    ],
    [
      -801.5864690577482,
      0.14145074863705537
    ],
    [
      -800.6575317405101,
      0.14144326546642014
    ],
    [
      -799.6827109662385,
      0.14143541499851
    ],
    [
      -798.9527352727682,
      0.14142953788544346
    ],
    [
      -798.7797522692358,
      0.14142814537622925
    ],
    [
      -798.3932693709281,
      0.14142503446859794
    ],
    [
      -798.0821203929314,
      0.14142253021641946
    ],
    [
      -797.9554788253604,
      0.1402871892253255
    ],
    [
      -797.0306585149709,
      0.14027946839320407
    ],
    [
      -796.0601583883079,
      0.14027136908611282
    ],
    [
      -795.3334183208416,
      0.14026530601080028
    ],
    [
      -795.1612020906974,
      0.1402638694811375
    ],
    [
      -794.7764323698501,
      0.14026066028724654
    ],
    [
      -794.4666626673168,
      0.14025807697251697
    ],
    [
      -794.0522470952741,
      0.13901983292232276
    ],
    [
      -794.0504599029298,
      0.13901925177709343
    ],
    [
      -793.1318553743863,
      0.13901194493537078
    ],
    [
      -792.1660028812582,
      0.13900367087351018
    ],
    [
      -791.4754430732313,
      0.1381839570946222
    ],
    [
      -791.4455240383106,
      0.1381742901731348
    ],
    [
      -790.5280915974524,
      0.1381663510544324
    ],
    [
      -789.5653447493922,
      0.13815802380750974
    ],
    [
      -789.3274855181684,
      0.1374938068741862
    ],
    [
      -788.4124586061245,
      0.13748586727542378
    ],
    [
      -787.452236260629,
      0.1374775399300554
    ],
    [
      -786.1821061756565,
      0.1374665319060443
    ],
    [
      -785.8756174175431,
      0.13746387679793648
    ],
    [
      -783.9691759283131,
      0.13744737165057827
    ]
  ],
  "hall_of_fame": [
    [
      0.007462111826714746,
      0.9140139362893465
    ],
    [
      0.23223902843094657,
      0.9140139362893465
    ],
    [
      0.23223902843094657,
      0.7997041008464902
    ],
    [
      0.23223902843094657,
      0.6797402271675465
    ],
    [
      0.23223902843094657,
      0.5899023212091392
    ],
    [
      0.23223902843094657,
      0.568612688839267
    ],
    [
      0.23223902843094657,
      0.5210459501474792
    ],
    [
      0.23223902843094657,
      0.4827500834171544
    ],
    [
      0.7303156860398561,
      0.9140139362893465
    ],
    [
      0.7303156860398561,
      0.7997041008464902
    ],
    [
      0.7303156860398561,
      0.6797402271675465
    ],
    [
      0.7303156860398561,
      0.5899023212091392
    ],
    [
      0.7303156860398561,
      0.568612688839267
    ],
    [
      0.7303156860398561,
      0.5210459501474792
    ],
    [
      0.7303156860398561,
      0.4827500834171544
    ],
    [
      0.6755181019014214,
      0.9140139362893465
    ],
    [
      0.32451249512347863,
      0.9140139362893465
    ],
    [
      0.6755181019014214,
      0.7997041008464902
    ],
    [
      0.6755181019014214,
      0.6797402271675465
    ],
    [
      0.621487282992804,
      0.9140139362893465
    ],
    [
      0.3793100792619133,
      0.9140139362893465
    ],
    [
      0.3793100792619133,
      0.7997041008464902
    ],
    [
      0.3793100792619133,
      0.6797402271675465
    ],
    [
      0.47803193110264763,
      0.9140139362893465
    ],
    [
      0.47803193110264763,
      0.7997041008464902
    ],
    [
      0.47803193110264763,
      0.6797402271675465
    ],
    [
      0.47803193110264763,
      0.5210459501474792
    ],
    [
      0.47803193110264763,
      0.4827500834171544
    ],
    [
      0.47803193110264763,
      0.2445209359545073
    ]
  ]
}