{
  "run_id": 0,
  "seed": 6000,
  "steps": 140,
  "n_eval": 5,
  "elapsed_s": 8.55480432510376,
  "hof_fitness": [
    [
      -911.6269502932306,
      0.1434335172918266
    ],
    [
      -808.6132894349231,
      0.1434289561849597
    ],
    [
      -808.0286140031118,
      0.14342463857627089
    ],
    [
      -807.4002301748886,
      0.14341999877763775
    ],
    [
      -806.7322110897321,
      0.14341506698366976
    ],
    [
      -805.2934795688911,
      0.14340444755076068
    ],
    [
      -800.9115197293983,
      0.1412264205530984
    ],
    [
      -799.1469118240375,
      0.14048008607803147
    ],
    [
      -798.5689302445084,
      0.14047528359149677
    ],
    [
      -797.2873706203725,
      0.1404646386366804
    ],
    [
      -796.3526254883184,
      0.14045687754656092
    ],
    [
      -796.1844291836827,
      0.14045548131135377
    ],
    [
      -795.8651135843205,
      0.14045283083679597
    ],
    [
      -795.4799089600925,
      0.1392919064928703
    ],
    [
      -794.9045233410069,
      0.1392869952461479
    ],
    [
      -794.0492202561387,
      0.13882707568303476
    ],
    [
      -793.4748479102493,
      0.13882213730304457
    ],
    [
      -792.8575378584408,
      0.13881683122313726
    ],
    [
      -792.8335663476391,
      0.1388166252071388
    ],
    [
      -792.201291556251,
      0.13881119214078186
    ],
    [
      -791.5352434200537,
      0.1380135324089273
    ],
    [
      -790.9626522048502,
      0.13800856995011168
    ],
    [
      -790.2321282364704,
      0.13759537020103807
    ],
    [
      -789.8952301324986,
      0.13748783337700812
    ],
    [
      -789.8836946972165,
      0.13748415600526745
    ],
    [
      -789.3238012907672,
      0.13748287296110864
    ],
    [
      -789.3122740325663,
      0.1374791956567609
    ],
    [
      -788.0567719751491,
      0.13747187994380075
    ],
    [
      -786.6506419414636,
      0.13745968927907865
    ],
    [
      -783.6387982049832,
      0.13743361026461068
    ],
    [
      -783.32697016264,
      0.13743091274343033
    ]
  ],
  "hall_of_fame": [
    [
      0.9918021824165638,
      0.9893263825292095
    ],
    [
      0.8168725997325466,
      0.9893263825292095
    ],
    [
      0.8168725997325466,
      0.9179413936017254
    ],
    [
      0.8168725997325466,
      0.8412167380512852
    ],
    [
      0.8168725997325466,
      0.7596490911655303
    ],
    [
      0.8168725997325466,
      0.5839619958517095
    ],
    [
      0.7611696212117951,
      0.9179413936017254
    ],
    [
      0.7369800750636087,
      0.9893263825292095
    ],
    [
      0.7369800750636087,
      0.9179413936017254
    ],
    [
      0.7369800750636087,
      0.7596490911655303
    ],
    [
      0.7369800750636087,
      0.6441848160728008
    ],
    [
      0.7369800750636087,
      0.6234075930352627
    ],
    [
      0.7369800750636087,
      0.5839619958517095
    ],
    [
      0.3111018812066513,
      0.9893263825292095
    ],
    [
      0.3111018812066513,
      0.9179413936017254
    ],
    [
      0.335330098917225,
      0.9893263825292095
    ],
    [
      0.335330098917225,
      0.9179413936017254
    ],
    [
      0.335330098917225,
      0.8412167380512852
    ],
    [
      0.335330098917225,
      0.8382372832030646
    ],
    [
      0.335330098917225,
      0.7596490911655303
    ],
    [
      0.3940700994720189,
      0.9893263825292095
    ],
    [
      0.3940700994720189,
      0.9179413936017254
    ],
    [
      0.5503799350139792,
      0.9893263825292095
    ],
    [
      0.5155578028496807,
      0.9893263825292095
    ],
    [
      0.48723097166413876,
      0.9893263825292095
    ],
    [
      0.5155578028496807,
      0.9179413936017254
    ],
    [
      0.48723097166413876,
      0.9179413936017254
    ],
    [
      0.5155578028496807,
      0.7596490911655303
    ],
    [
      0.5155578028496807,
      0.5839619958517095
    ],
    [
      0.5155578028496807,
      0.20759210808709017
    ],
    [
      0.5155578028496807,
      0.1686204637870583
    ]
  ]
}