{
  "run_id": 3,
  "seed": 6003,
  "steps": 140,
  "n_eval": 5,
  "elapsed_s": 10.093276500701904,
  "hof_fitness": [
    [
      -883.953903429799,
      0.14941035431212973
    ],
    [
      -817.3216142682253,
      0.14589694555598712
    ],
    [
      -815.1134389941358,
      0.14588318359467148
    ],
    [
      -814.5788893737783,
      0.14587985242247065
    ],
    [
      -813.891940363792,
      0.14587557170418722
    ],
    [
      -812.4869998902516,
      0.14459735573779742
    ],
    [
      -810.2915772257018,
      0.14458224455863256
    ],
    [
      -808.6041613380639,
      0.14347698470659906
    ],
    [
      -807.3070208571104,
      0.14308936103825276
    ],
    [
      -807.2982782567829,
      0.14308672771274275
    ],
    [
      -806.8161649489172,
      0.14294109603070773
    ],
    [
      -806.666360026894,
      0.1428956802162779
    ],
    [
      -798.9075824993713,
      0.14283686533250944
    ],
    [
      -798.3692917418995,
      0.1402836224679033
    ],
    [
      -797.5510534597607,
      0.14001887813526878
    ],
    [
      -796.6337633361466,
      0.1397213845268504
    ],
    [
      -795.7485641084486,
      0.13943384315711432
    ],
    [
      -794.974144987491,
      0.13918212371314895
    ],
    [
      -794.2633070270795,
      0.138951097233203
    ],
    [
      -792.8219723016936,
      0.13848334138556173
    ],
    [
      -790.6785338350088,
      0.13846484500988263
    ],
    [
      -790.1596570431044,
      0.13846037038364947
    ],
    [
      -789.7151627710185,
      0.1374835755061269
    ],
    [
      -788.0697528468154,
      0.1374692978698996
    ],
    [
      -787.5799535259673,
      0.13746505032430562
    ],
    [
      -787.4429446094069,
      0.13746386239207714
    ],
    [
      -786.3988223703687,
      0.13745481238369334
    ],
    [
      -786.192172337164,
      0.1374530218631564
    ],
    [
      -784.8735406743847,
      0.13744160150578974
    ],
    [
      -782.1160186420043,
      0.13741774683697128
    ]
  ],
  "hall_of_fame": [
    [
      0.9812451121604469,
      0.9679172523789643
    ],
    [
      0.1357100246601861,
      0.9679172523789643
    ],
    [
      0.1357100246601861,
      0.7011581152703855
    ],
    [
      0.1357100246601861,
      0.6365758452907865
    ],
    [
      0.1357100246601861,
      0.5535778952402758
    ],
    [
      0.84074116757774,
      0.9679172523789643
    ],
    [
      0.84074116757774,
      0.7011581152703855
    ],
    [
      0.18205752020359955,
      0.9679172523789643
    ],
    [
      0.1906385613167062,
      0.9679172523789643
    ],
    [
      0.8093017409738733,
      0.9679172523789643
    ],
    [
      0.19403080262725758,
      0.9679172523789643
    ],
    [
      0.8049172025064473,
      0.9679172523789643
    ],
    [
      0.8049172025064473,
      0.01834559185681628
    ],
    [
      0.7300541882810508,
      0.9679172523789643
    ],
    [
      0.27986714633103815,
      0.9679172523789643
    ],
    [
      0.2918404287546962,
      0.9679172523789643
    ],
    [
      0.30440462767848175,
      0.9679172523789643
    ],
    [
      0.3163779101021398,
      0.9679172523789643
    ],
    [
      0.3283511925257978,
      0.9679172523789643
    ],
    [
      0.6434512739674453,
      0.9679172523789643
    ],
    [
      0.6434512739674453,
      0.7011581152703855
    ],
    [
      0.6434512739674453,
      0.6365758452907865
    ],
    [
      0.5135108428162846,
      0.9679172523789643
    ],
    [
      0.5135108428162846,
      0.7623540311739159
    ],
    [
      0.5135108428162846,
      0.7011581152703855
    ],
    [
      0.5135108428162846,
      0.6840397313793081
    ],
    [
      0.5135108428162846,
      0.5535778952402758
    ],
    [
      0.5135108428162846,
      0.5277560724187979
    ],
    [
      0.5135108428162846,
      0.3629783833718513
    ],
    [
      0.5135108428162846,
      0.01834559185681628
    ]
  ]
}