{
  "run_id": 5,
  "seed": 6005,
  "steps": 140,
  "n_eval": 5,
  "elapsed_s": 9.363197088241577,
  "hof_fitness": [
    [
      -941.8744093029112,
      0.13416080495106222
    ],
    [
      -941.6537718684916,
      0.13349339229770926
    ]
  ],
  "hall_of_fame": [
    [
      0.0028229478499490757,
      0.9426573957924137
    ],
    [
      0.0025748164563947906,
      0.6809709798552652
    ]
  ]
}