{
  "run_id": 9,
  "seed": 6009,
  "steps": 140,
  "n_eval": 5,
  "elapsed_s": 9.119449853897095,
  "hof_fitness": [
    [
      -918.5383331039011,
      0.14120706136273237
    ],
    [
      -794.4624048313993,
      0.13899770665828381
    ],
    [
      -794.1971963359786,
      0.13899543199992204
    ],
    [
      -794.0813819028162,
      0.13887392207036509
    ],
    [
      -793.4208795235363,
      0.1388682473194882
    ],
    [
      -792.4559748956026,
      0.13834686709284183
    ],
    [
      -792.191422347606,
      0.1383445800080122
    ],
    [
      -791.7967966099902,
      0.13834116898773935
    ],
    [
      -791.6502861753281,
      0.13833990276881059
    ],
    [
      -791.0373134033728,
      0.13788923881399945
    ],
    [
      -790.773224791076,
      0.1378869485252503
    ],
    [
      -790.379291108865,
      0.13788353276397683
    ],
    [
      -789.7886185706465,
      0.13748936786737095
    ],
    [
      -789.7619421285754,
      0.13748086250663222
    ],
    [
      -789.104959321349,
      0.13747515992167228
    ],
    [
      -787.89390225051,
      0.13747292758063623
    ],
    [
      -787.1614543793697,
      0.13746657691334999
    ],
    [
      -787.1348648949324,
      0.13745807228639853
    ],
    [
      -784.8906140827081,
      0.13743862997224882
    ],
    [
      -784.6737030260277,
      0.13743675214658196
    ]
  ],
  "hall_of_fame": [
    [
      0.9936124066090264,
      0.8929419739310482
    ],
    [
      0.32587558757963897,
      0.9750175058707571
    ],
    [
      0.32587558757963897,
      0.9420780284522536
    ],
    [
      0.6673735279245084,
      0.9750175058707571
    ],
    [
      0.6673735279245084,
      0.8929419739310482
    ],
    [
      0.3661983778935337,
      0.9750175058707571
    ],
    [
      0.3661983778935337,
      0.9420780284522536
    ],
    [
      0.3661983778935337,
      0.8929419739310482
    ],
    [
      0.3661983778935337,
      0.8746991639088919
    ],
    [
      0.5932739853321455,
      0.9750175058707571
    ],
    [
      0.5932739853321455,
      0.9420780284522536
    ],
    [
      0.5932739853321455,
      0.8929419739310482
    ],
    [
      0.48278508496825334,
      0.9750175058707571
    ],
    [
      0.48933964681176845,
      0.9750175058707571
    ],
    [
      0.48933964681176845,
      0.8929419739310482
    ],
    [
      0.48278508496825334,
      0.7383118497323921
    ],
    [
      0.48278508496825334,
      0.6467990790278219
    ],
    [
      0.48933964681176845,
      0.6467990790278219
    ],
    [
      0.48933964681176845,
      0.36636123000832355
    ],
    [
      0.48933964681176845,
      0.3392540198774029
    ]
  ]
}