{
  "run_id": 8,
  "seed": 6008,
  "steps": 140,
  "n_eval": 5,
  "elapsed_s": 8.369436740875244,
  "hof_fitness": [
    [
      -835.0462897532834,
      0.1495164480631115
    ],
    [
      -834.5966558406304,
      0.1495148091550857
    ],
    [
      -831.7835026808822,
      0.14950454939269522
    ],
    [
      -831.3777868181533,
      0.14950306888699277
    ],
    [
      -831.2308398490131,
      0.14950253260833568
    ],
    [
      -830.6991181145042,
      0.14950059187634254
    ],
    [
      -829.6056350176425,
      0.14949659964422532
    ],
    [
      -828.5441682496678,
      0.14949272285489237
    ],
    [
      -827.5258464295396,
      0.14948900230775072
    ],
    [
      -827.1563097430474,
      0.1494876518433167
    ],
    [
      -826.9751357274129,
      0.1494869896837786
    ],
    [
      -821.4628064585966,
      0.14685386712125328
    ],
    [
      -821.0202976010047,
      0.146851353356063
    ],
    [
      -818.487724852908,
      0.14683696641687574
    ],
    [
      -818.2517285324016,
      0.14683562576842754
    ],
    [
      -817.8524434703922,
      0.14683335750541646
    ],
    [
      -817.7078257366915,
      0.14683253595833548
    ],
    [
      -817.1845324784232,
      0.14682956321979765
    ],
    [
      -816.663298870203,
      0.14682660217493984
    ],
    [
      -816.1083836373662,
      0.1468234497830511
    ],
    [
      -815.0637450531244,
      0.14681751532635684
    ],
    [
      -814.0615687609287,
      0.14681182207203444
    ],
    [
      -813.519590147104,
      0.14680874314313305
    ],
    [
      -811.0100247779666,
      0.14410481435598466
    ],
    [
      -810.5730124534471,
      0.1441017092788548
    ],
    [
      -807.8388367567379,
      0.14408228753691474
    ],
    [
      -807.4445125230226,
      0.14407948726874328
    ],
    [
      -807.3034449664233,
      0.14407848553227995
    ],
    [
      -807.3016915968432,
      0.14407847308156269
    ],
    [
      -806.7849001749591,
      0.14407480349499135
    ],
    [
      -805.722123116418,
      0.14406725803962198
    ],
    [
      -804.6904658132279,
      0.14405993483811083
    ],
    [
      -803.3415865948391,
      0.14405036179418582
    ],
    [
      -803.1655013257598,
      0.14404911227418174
    ],
    [
      -801.8821698288218,
      0.14132856451705536
    ],
    [
      -798.7458767713978,
      0.14130318989456228
    ],
    [
      -798.2163770798064,
      0.1412989083973555
    ],
    [
      -798.2146430067953,
      0.14129889437695323
    ],
    [
      -796.6524593222097,
      0.14128626687963283
    ],
    [
      -795.6321575385996,
      0.1412780229314126
    ],
    [
      -794.9997306180966,
      0.13910865349884777
    ],
    [
      -792.1183478137957,
      0.13908399454425652
    ],
    [
      -791.5030768776516,
      0.1390787331582121
    ],
    [
      -791.3647340226507,
      0.13907755034221064
    ],
    [
      -791.3630145193457,
      0.1390775356411098
    ],
    [
      -790.3056822471606,
      0.13759230189890562
    ],
    [
      -789.8795874171576,
      0.1375886030685608
    ],
    [
      -787.4409653877053,
      0.1375674508341591
    ],
    [
      -787.2137246532923,
      0.1375654812462912
    ],
    [
      -786.8292536014216,
      0.1375621494474755
    ],
    [
      -786.6917110367386,
      0.13756095768682614
    ],
    [
      -786.690001480519,
      0.13756094287466786
    ],
    [
      -785.1499055358391,
      0.13754760470889857
    ],
    [
      -784.1440310716141,
      0.13753889941160216
    ],
    [
      -782.8288653332056,
      0.13752752473962648
    ],
    [
      -782.6571813147467,
      0.13752604048677075
    ]
  ],
  "hall_of_fame": [
    [
      0.9211022526291404,
      1.0
    ],
    [
      0.9211022526291404,
      0.9467927174707556
    ],
    [
      0.9211022526291404,
      0.6138647296704469
    ],
    [
      0.9211022526291404,
      0.5658446168486293
    ],
    [
      0.9211022526291404,
      0.5484518204459727
    ],
    [
      0.9211022526291404,
      0.48551533113363343
    ],
    [
      0.9211022526291404,
      0.356080105707856
    ],
    [
      0.9211022526291404,
      0.23042609012237492
    ],
    [
      0.9211022526291404,
      0.1098715629018527
    ],
    [
      0.9211022526291404,
      0.06612186652653636
    ],
    [
      0.9211022526291404,
      0.04467218082546742
    ],
    [
      0.11984451247536787,
      1.0
    ],
    [
      0.11984451247536787,
      0.9467927174707556
    ],
    [
      0.11984451247536787,
      0.6422462916364934
    ],
    [
      0.11984451247536787,
      0.6138647296704469
    ],
    [
      0.11984451247536787,
      0.5658446168486293
    ],
    [
      0.11984451247536787,
      0.5484518204459727
    ],
    [
      0.11984451247536787,
      0.48551533113363343
    ],
    [
      0.11984451247536787,
      0.4228244093489202
    ],
    [
      0.11984451247536787,
      0.356080105707856
    ],
    [
      0.11984451247536787,
      0.23042609012237492
    ],
    [
      0.11984451247536787,
      0.1098715629018527
    ],
    [
      0.11984451247536787,
      0.04467218082546742
    ],
    [
      0.8310134479277093,
      1.0
    ],
    [
      0.8310134479277093,
      0.9467927174707556
    ],
    [
      0.8310134479277093,
      0.6138647296704469
    ],
    [
      0.8310134479277093,
      0.5658446168486293
    ],
    [
      0.8310134479277093,
      0.5486653475940616
    ],
    [
      0.8310134479277093,
      0.5484518204459727
    ],
    [
      0.8310134479277093,
      0.48551533113363343
    ],
    [
      0.8310134479277093,
      0.356080105707856
    ],
    [
      0.8310134479277093,
      0.23042609012237492
    ],
    [
      0.8310134479277093,
      0.06612186652653636
    ],
    [
      0.8310134479277093,
      0.04467218082546742
    ],
    [
      0.23595892401148022,
      1.0
    ],
    [
      0.23595892401148022,
      0.6138647296704469
    ],
    [
      0.23595892401148022,
      0.5486653475940616
    ],
    [
      0.23595892401148022,
      0.5484518204459727
    ],
    [
      0.23595892401148022,
      0.356080105707856
    ],
    [
      0.23595892401148022,
      0.23042609012237492
    ],
    [
      0.6798135330000769,
      1.0
    ],
    [
      0.6798135330000769,
      0.6422462916364934
    ],
    [
      0.6798135330000769,
      0.5658446168486293
    ],
    [
      0.6798135330000769,
      0.5486653475940616
    ],
    [
      0.6798135330000769,
      0.5484518204459727
    ],
    [
      0.5495705366993723,
      1.0
    ],
    [
      0.5495705366993723,
      0.9467927174707556
    ],
    [
      0.5495705366993723,
      0.6422462916364934
    ],
    [
      0.5495705366993723,
      0.6138647296704469
    ],
    [
      0.5495705366993723,
      0.5658446168486293
    ],
    [
      0.5495705366993723,
      0.5486653475940616
    ],
    [
      0.5495705366993723,
      0.5484518204459727
    ],
    [
      0.5495705366993723,
      0.356080105707856
    ],
    [
      0.5495705366993723,
      0.23042609012237492
    ],
    [
      0.5495705366993723,
      0.06612186652653636
    ],
    [
      0.5495705366993723,
      0.04467218082546742
    ]
  ]
}