{
  "run_id": 7,
  "seed": 6007,
  "steps": 140,
  "n_eval": 5,
  "elapsed_s": 7.994612216949463,
  "hof_fitness": [
    [
      -848.5055123055699,
      0.15107501313937596
    ],
    [
      -847.4632630041527,
      0.15107346741315855
    ],
    [
      -846.4515948637533,
      0.1510719646822095
    ],
    [
      -844.5771358426988,
      0.1510691742347442
    ],
    [
      -843.6044564263863,
      0.15106772310774144
    ],
    [
      -843.4255900617105,
      0.1510674560270547
    ],
    [
      -843.1646789611475,
      0.1510670663089913
    ],
    [
      -842.1205581863233,
      0.15106550519004192
    ],
    [
      -841.9004207425162,
      0.1510651757378909
    ],
    [
      -841.4295570343736,
      0.15106447068922865
    ],
    [
      -840.9587067352668,
      0.1510637651623162
    ],
    [
      -835.1552655892938,
      0.14968042750399324
    ],
    [
      -834.1289379221391,
      0.14967685783103193
    ],
    [
      -833.1327256992608,
      0.14967339152943446
    ],
    [
      -831.9017113305523,
      0.1496691063744132
    ],
    [
      -831.8493134754235,
      0.14966892393210618
    ],
    [
      -831.2869077821936,
      0.14966696547657155
    ],
    [
      -830.1529596549797,
      0.14966301544729482
    ],
    [
      -828.8678731961012,
      0.14965853683983638
    ],
    [
      -828.6511004491755,
      0.14965778115383596
    ],
    [
      -828.1874338958144,
      0.14965616456539416
    ],
    [
      -826.9340963031594,
      0.14825468731731706
    ],
    [
      -826.4746843000992,
      0.1482525169872174
    ],
    [
      -825.9176030968904,
      0.14824988506420117
    ],
    [
      -823.1028102155369,
      0.1482365834573153
    ],
    [
      -821.9797313466718,
      0.14823127476699247
    ],
    [
      -821.7252705231374,
      0.14823007183908402
    ],
    [
      -821.5204661012142,
      0.1482291036240673
    ],
    [
      -821.0678190344568,
      0.1469866551453167
    ],
    [
      -820.0583546223157,
      0.14698100717785623
    ],
    [
      -817.6572522226337,
      0.1469675726024531
    ],
    [
      -816.1477176371467,
      0.1469591262428259
    ],
    [
      -815.9410784112936,
      0.1459729976484098
    ],
    [
      -813.4863825342106,
      0.14506542468323166
    ],
    [
      -812.4860142944146,
      0.14505876386293445
    ],
    [
      -812.0339201951122,
      0.14505575390519201
    ],
    [
      -810.1065507798479,
      0.14504292360161009
    ],
    [
      -809.8960827888491,
      0.14405704297618843
    ],
    [
      -808.9000266678937,
      0.14404994971360993
    ],
    [
      -806.1418348002899,
      0.14403031402571487
    ],
    [
      -805.9090766164385,
      0.14344842820742326
    ],
    [
      -804.7030988068042,
      0.1425055784581801
    ],
    [
      -804.4022123500775,
      0.1424128005723222
    ],
    [
      -803.4127599427454,
      0.14240512886026507
    ],
    [
      -801.0592638859879,
      0.14238688896814666
    ],
    [
      -800.6728569892631,
      0.142383895332789
    ],
    [
      -798.3407667025572,
      0.14236583417380264
    ],
    [
      -797.8937608498161,
      0.14236237353639103
    ],
    [
      -797.68478642962,
      0.14236075583320779
    ],
    [
      -797.5147307993986,
      0.14022719883277202
    ],
    [
      -796.5335661387104,
      0.14021899633379453
    ],
    [
      -792.9302709310826,
      0.14018889907763538
    ],
    [
      -792.4869669201407,
      0.14018519913189126
    ],
    [
      -791.8035828572835,
      0.13868008892974304
    ],
    [
      -789.6867559278213,
      0.13866188028889928
    ],
    [
      -789.5247298588225,
      0.13758912306188975
    ],
    [
      -789.3692679380895,
      0.13758777403349362
    ],
    [
      -789.0258831736667,
      0.13747805490501738
    ],
    [
      -788.0549469391084,
      0.13746963153196312
    ],
    [
      -785.3663238003908,
      0.13744633048090854
    ],
    [
      -782.8728197247066,
      0.13742475213963376
    ],
    [
      -782.4341885841962,
      0.13742095945891014
    ]
  ],