{
  "run_id": 6,
  "seed": 6006,
  "steps": 140,
  "n_eval": 5,
  "elapsed_s": 8.766011476516724,
  "hof_fitness": [
    [
      -982.8335802570479,
      0.12754174624447334
    ],
    [
      -981.4903814241427,
      0.12754174624446055
    ]
  ],
  "hall_of_fame": [
    [
      1.0,
      1.0
    ],
    [
      1.0,
      0.8619673921925242
    ]
  ]
}