{
  "run_id": 1,
  "seed": 8501,
  "domain": "ent",
  "steps": 50,
  "n_eval": 3,
  "elapsed_s": 0.39443469047546387,
  "hof_fitness": [
    [
      -58.56595508278207,
      257.52463838040774
    ],
    [
      -58.56595508278207,
      257.52463838040774
    ],
    [
      -58.56595508278207,
      257.52463838040774
    ],
    [
      -58.56595508278207,
      257.52463838040774
    ],
    [
      -58.56595508278207,
      257.52463838040774
    ],
    [
      -58.56595508278207,
      257.52463838040774
    ],
    [
      -58.56595508278207,
      257.52463838040774
    ],
    [
      -58.56595508278207,
      257.52463838040774
    ],
    [
      -58.56595508278207,
      257.52463838040774
    ],
    [
      -58.56595508278207,
      257.52463838040774
    ],
    [
      -57.80068537139706,
      250.56105559574414
    ],
    [
      -57.532932863318656,
      248.1475284833658
    ],
    [
      -57.340174825704196,
      246.4173494972557
    ],
    [
      -57.340174825704196,
      246.4173494972557
    ],
    [
      -57.340174825704196,
      246.4173494972557
    ],
    [
      -57.340174825704196,
      246.4173494972557
    ],
    [
      -57.340174825704196,
      246.4173494972557
    ],
    [
      -57.340174825704196,
      246.4173494972557
    ],
    [
      -51.82164471403524,
      199.49190939322253
    ],
    [
      -51.82164471403524,
      199.49190939322253
    ],
    [
      -51.47472705209486,
      196.7103823756174
    ],
    [
      -51.47472705209486,
      196.7103823756174
    ],
    [
      -51.47472705209486,
      196.7103823756174
    ],
    [
      -51.47472705209486,
      196.7103823756174
    ],
    [
      -51.47472705209486,
      196.7103823756174
    ],
    [
      -51.47472705209486,
      196.7103823756174
    ],
    [
      -44.88149162402973,
      147.63383511459458
    ],
    [
      -44.88149162402973,
      147.63383511459458
    ],
    [
      -44.88149162402973,
      147.63383511459458
    ],
    [
      -44.88149162402973,
      147.63383511459458
    ],
    [
      -44.88149162402973,
      147.63383511459458
    ],
    [
      -44.88149162402973,
      147.63383511459458
    ],
    [
      -44.88149162402973,
      147.63383511459458
    ],
    [
      -44.88149162402973,
      147.63383511459458
    ],
    [
      -43.90525324692794,
      140.97879214137276
    ],
    [
      -41.685021661511904,
      126.43074787488102
    ],
    [
      -41.685021661511904,
      126.43074787488102
    ],
    [
      -40.58383183534806,
      119.51790579995033
    ],
    [
      -40.58383183534806,
      119.51790579995033
    ],
    [
      -40.58383183534806,
      119.51790579995033
    ],
    [
      -40.58383183534806,
      119.51790579995033
    ]
  ],
  "hall_of_fame": [
    [
      0.047939020793562936,
      0.1614054350909132,
      0.2021069878668822,
      0.41214705163685805
    ],
    [
      0.047939020793562936,
      0.8683162176764382,
      0.2021069878668822,
      0.41214705163685805
    ],
    [
      0.047939020793562936,
      0.9518181777996103,
      0.2021069878668822,
      0.41214705163685805
    ],
    [
      0.047939020793562936,
      0.8683162176764382,
      0.2444963091259384,
      0.16287535195027708
    ],
    [
      0.047939020793562936,
      0.9848724887539201,
      0.2444963091259384,
      0.16287535195027708
    ],
    [
      0.047939020793562936,
      0.1614054350909132,
      0.2021069878668822,
      0.16287535195027708
    ],
    [
      0.047939020793562936,
      0.8683162176764382,
      0.28104400974334454,
      0.16287535195027708
    ],
    [
      0.047939020793562936,
      0.8683162176764382,
      0.2444963091259384,
      0.2636735472652752
    ],
    [
      0.047939020793562936,
      0.9518181777996103,
      0.2021069878668822,
      0.16287535195027708
    ],
    [
      0.047939020793562936,
      0.8683162176764382,
      0.3817774527416703,
      0.16287535195027708
    ],
    [
      0.06230903682689537,
      0.1614054350909132,
      0.2559209498286704,
      0.14890834409127113
    ],
    [
      0.06733681693737209,
      0.1465338508534264,
      0.25212387548955506,
      0.39384541464815204
    ],
    [
      0.07095637230440682,
      0.9518181777996103,
      0.2021069878668822,
      0.16287535195027708
    ],
    [
      0.07095637230440682,
      0.13330278551561525,
      0.29846645364380975,
      0.41214705163685805
    ],
    [
      0.07095637230440682,
      0.9518181777996103,
      0.172733534320603,
      0.04699548769861539
    ],
    [
      0.07095637230440682,
      0.9518181777996103,
      0.2021069878668822,
      0.04699548769861539
    ],
    [
      0.07095637230440682,
      0.9752487584199531,
      0.28104400974334454,
      0.3641830567708404
    ],
    [
      0.07095637230440682,
      0.9518181777996103,
      0.2021069878668822,
      0.41214705163685805
    ],
    [
      0.17458175431722317,
      0.8683162176764382,
      0.3817774527416703,
      0.16287535195027708
    ],
    [
      0.17458175431722317,
      0.13330278551561525,
      0.29846645364380975,
      0.42670565397636984
    ],
    [
      0.18109607507259123,
      0.8683162176764382,
      0.3817774527416703,
      0.16287535195027708
    ],
    [
      0.18109607507259123,
      0.9848724887539201,
      0.2444963091259384,
      0.04699548769861539
    ],
    [
      0.18109607507259123,
      0.9848724887539201,
      0.2151228555796592,
      0.16287535195027708
    ],
    [
      0.18109607507259123,
      0.9848724887539201,
      0.2444963091259384,
      0.16287535195027708
    ],
    [
      0.18109607507259123,
      0.13330278551561525,
      0.2444963091259384,
      0.2636735472652752
    ],
    [
      0.18109607507259123,
      0.9848724887539201,
      0.2444963091259384,
      0.2636735472652752
    ],
    [
      0.3049019665162194,
      0.8683162176764382,
      0.3524039991953911,
      0.16287535195027708
    ],
    [
      0.3049019665162194,
      0.9848724887539201,
      0.2444963091259384,
      0.16287535195027708
    ],
    [
      0.3049019665162194,
      0.13330278551561525,
      0.26909300009753057,
      0.16287535195027708
    ],
    [
      0.3049019665162194,
      0.8683162176764382,
      0.3817774527416703,
      0.16287535195027708
    ],
    [
      0.3049019665162194,
      0.13330278551561525,
      0.29846645364380975,
      0.16287535195027708
    ],
    [
      0.3049019665162194,
      0.4991325229487392,
      0.04058346836327681,
      0.16287535195027708
    ],
    [
      0.3049019665162194,
      0.4991325229487392,
      0.011210014816997637,
      0.04699548769861539
    ],
    [
      0.3049019665162194,
      0.4991325229487392,
      0.04058346836327681,
      0.04699548769861539
    ],
    [
      0.323233491889042,
      0.029501486079668515,
      0.12958715613903615,
      0.02378157262404773
    ],
    [
      0.36492436636831044,
      0.6699558680336641,
      0.20205284034032256,
      0.02378157262404773
    ],
    [
      0.36492436636831044,
      0.6699558680336641,
      0.20205284034032256,
      0.2514414426092511
    ],
    [
      0.38560219435797116,
      0.1614054350909132,
      0.2559209498286704,
      0.3641830567708404
    ],
    [
      0.38560219435797116,
      0.9752487584199531,
      0.25212387548955506,
      0.3641830567708404
    ],
    [
      0.38560219435797116,
      0.9752487584199531,
      0.2559209498286704,
      0.14890834409127113
    ],
    [
      0.38560219435797116,
      0.9752487584199531,
      0.28104400974334454,
      0.3641830567708404
    ]
  ],
  "logbook": [
    {
      "gen": 0,
      "nevals": 10,
      "avg": [
        -50.55917182771496,
        193.3414144656412
      ],
      "min": [
        -58.56595508278207,
        119.51790579995033
      ],
      "max": [
        -40.58383183534806,
        257.52463838040774
      ]
    },
    {
      "gen": 1,
      "nevals": 10,