{
  "run_id": 0,
  "seed": 8500,
  "domain": "ent",
  "steps": 50,
  "n_eval": 3,
  "elapsed_s": 0.4216153621673584,
  "hof_fitness": [
    [
      -56.224908083904246,
      236.52754322020556
    ],
    [
      -56.224908083904246,
      236.52754322020556
    ],
    [
      -56.224908083904246,
      236.52754322020556
    ],
    [
      -55.39539781383053,
      229.30523622234762
    ],
    [
      -55.39539781383053,
      229.30523622234762
    ],
    [
      -55.39539781383053,
      229.30523622234762
    ],
    [
      -53.885503119558955,
      216.4513443358353
    ],
    [
      -53.885503119558955,
      216.4513443358353
    ],
    [
      -53.11633341145332,
      210.04839762575025
    ],
    [
      -53.11633341145332,
      210.04839762575025
    ],
    [
      -53.11633341145332,
      210.04839762575025
    ],
    [
      -53.11633341145332,
      210.04839762575025
    ],
    [
      -53.11633341145332,
      210.04839762575025
    ],
    [
      -53.11633341145332,
      210.04839762575025
    ],
    [
      -53.11633341145332,
      210.04839762575025
    ],
    [
      -53.11633341145332,
      210.04839762575025
    ],
    [
      -48.81392553115794,
      176.03884330715724
    ],
    [
      -48.81392553115794,
      176.03884330715724
    ],
    [
      -48.81392553115794,
      176.03884330715724
    ],
    [
      -48.81392553115794,
      176.03884330715724
    ],
    [
      -48.81392553115794,
      176.03884330715724
    ],
    [
      -45.75898949073692,
      153.75038149000403
    ],
    [
      -45.75898949073692,
      153.75038149000403
    ],
    [
      -45.75898949073692,
      153.75038149000403
    ],
    [
      -45.75898949073692,
      153.75038149000403
    ],
    [
      -42.68027356124113,
      132.85122866460307
    ],
    [
      -42.68027356124113,
      132.85122866460307
    ],
    [
      -42.68027356124113,
      132.85122866460307
    ],
    [
      -42.68027356124113,
      132.85122866460307
    ],
    [
      -42.68027356124113,
      132.85122866460307
    ],
    [
      -42.68027356124113,
      132.85122866460307
    ],
    [
      -39.76170116364258,
      114.4877491596506
    ],
    [
      -39.76170116364258,
      114.4877491596506
    ],
    [
      -39.76170116364258,
      114.4877491596506
    ],
    [
      -38.957131653153176,
      109.67335400439526
    ],
    [
      -38.957131653153176,
      109.67335400439526
    ],
    [
      -38.32206017685085,
      105.94886832605535
    ]
  ],
  "hall_of_fame": [
    [
      0.09189853259466974,
      0.9810508172819715,
      0.5,
      0.28769365775480726
    ],
    [
      0.09189853259466974,
      0.9810508172819715,
      0.36201183610475285,
      0.28769365775480726
    ],
    [
      0.09189853259466974,
      0.9810508172819715,
      0.4393657338448993,
      0.28769365775480726
    ],
    [
      0.10747483948809056,
      0.06859965518099564,
      0.43356548596920724,
      0.28769365775480726
    ],
    [
      0.10747483948809056,
      0.06859965518099564,
      0.4393657338448993,
      0.28769365775480726
    ],
    [
      0.10747483948809056,
      0.06859965518099564,
      0.43356548596920724,
      0.2099624392158413
    ],
    [
      0.13582721074038806,
      0.25573574776105057,
      0.4528082271759575,
      0.027779002256381524
    ],
    [
      0.13582721074038806,
      0.25573574776105057,
      0.15920599222198129,
      0.027779002256381524
    ],
    [
      0.1502704597980668,
      0.3218178170539363,
      0.19271912275637182,
      0.4031237250946537
    ],
    [
      0.1502704597980668,
      0.4026122244422876,
      0.4393657338448993,
      0.28769365775480726
    ],
    [
      0.1502704597980668,
      0.4026122244422876,
      0.19271912275637182,
      0.4031237250946537
    ],
    [
      0.1502704597980668,
      0.3218178170539363,
      0.4393657338448993,
      0.28769365775480726
    ],
    [
      0.1502704597980668,
      0.3218178170539363,
      0.27007302049651827,
      0.4031237250946537
    ],
    [
      0.1502704597980668,
      0.4026122244422876,
      0.27007302049651827,
      0.4031237250946537
    ],
    [
      0.1502704597980668,
      0.4026122244422876,
      0.4528082271759575,
      0.4031237250946537
    ],
    [
      0.1502704597980668,
      0.4834066318306389,
      0.4528082271759575,
      0.4031237250946537
    ],
    [
      0.2310598459478,
      0.3356869391462809,
      0.12165653794407244,
      0.04370661704368123
    ],
    [
      0.2310598459478,
      0.3356869391462809,
      0.4393657338448993,
      0.28769365775480726
    ],
    [
      0.2310598459478,
      0.4164813465346322,
      0.12165653794407244,
      0.04370661704368123
    ],
    [
      0.2310598459478,
      0.4164813465346322,
      0.4393657338448993,
      0.28769365775480726
    ],
    [
      0.2310598459478,
      0.4164813465346322,
      0.1990104356842189,
      0.04370661704368123
    ],
    [
      0.28842456224135826,
      0.7870091581539692,
      0.24451517545454138,
      0.28769365775480726
    ],
    [
      0.28842456224135826,
      0.7870091581539692,
      0.4393657338448993,
      0.28769365775480726
    ],
    [
      0.28842456224135826,
      0.7870091581539692,
      0.24451517545454138,
      0.17382796035533005
    ],
    [
      0.28842456224135826,
      0.7870091581539692,
      0.3218690731946878,
      0.17382796035533005
    ],
    [
      0.34623581049899516,
      0.3766211008575622,
      0.12165653794407244,
      0.04370661704368123
    ],
    [
      0.34623581049899516,
      0.29582669346921087,
      0.4393657338448993,
      0.11450506100696772
    ],
    [
      0.34623581049899516,
      0.29582669346921087,
      0.27007302049651827,
      0.11450506100696772
    ],
    [
      0.34623581049899516,
      0.3766211008575622,
      0.27007302049651827,
      0.04370661704368123
    ],
    [
      0.34623581049899516,
      0.3766211008575622,
      0.27027055318552323,
      0.47893405287539437
    ],
    [
      0.34623581049899516,
      0.3766211008575622,
      0.27007302049651827,
      0.11450506100696772
    ],
    [
      0.40103992926129145,
      0.05019964133250754,
      0.1990104356842189,
      0.04370661704368123
    ],
    [
      0.40103992926129145,
      0.05019964133250754,
      0.3403300120906032,
      0.47893405287539437
    ],
    [
      0.40103992926129145,
      0.05019964133250754,
      0.27027055318552323,
      0.47893405287539437
    ],
    [
      0.41614790569581933,
      0.6923006043462595,
      0.27027055318552323,
      0.47893405287539437
    ],
    [
      0.41614790569581933,
      0.6923006043462595,
      0.40557833040781777,
      0.35626054432678517
    ],
    [
      0.4280730964632154,
      0.5166482136070248,
      0.2569978260037059,
      0.42715090791377874
    ]
  ],
  "logbook": [
    {
      "gen": 0,
      "nevals": 10,
      "avg": [
        -47.29162240055296,
        168.5082946356004
      ],
      "min": [
        -56.224908083904246,
        105.94886832605535
      ],
      "max": [
        -38.32206017685085,
        236.52754322020556
      ]
    },
    {
      "gen": 1,
      "nevals": 10,
      "avg": [
        -49.233340312577354,
        182.3897668366682
      ],
      "min": [
        -56.224908083904246,
        105.94886832605535
      ],
      "max": [
        -38.32206017685085,
        236.52754322020556
      ]
    },
    {
      "gen": 2,
      "nevals": 10,
      "avg": [
        -48.575193084310094,
        177.06312754514914
      ],
      "min": [
        -56.224908083904246,
        105.94886832605535
      ],
      "max": [
        -38.32206017685085,
        236.52754322020556
      ]
    },
    {
      "gen": 3,
      "nevals": 10,
      "avg": [
        -48.5751930843101,
        177.06312754514914
      ],
      "min": [
        -56.224908083904246,
        105.94886832605535
      ],