{
  "run_id": 29,
  "strategy": "random",
  "seed": 2029,
  "pop_size": 50,
  "n_generations": 25,
  "elapsed_s": 14.532,
  "hof_fitness": [
    [
      -51.548499103074484,
      1.0
    ],
    [
      -34.436402514306465,
      0.0
    ]
  ],
  "hall_of_fame": [
    [
      0.27477240344206716,
      0.9987240532737507
    ],
    [
      0.017114980582032945,
      0.9807617334904669
    ]
  ],
  "logbook": []
}