{
  "run_id": 26,
  "strategy": "random",
  "seed": 2026,
  "pop_size": 50,
  "n_generations": 25,
  "elapsed_s": 14.373,
  "hof_fitness": [
    [
      -51.58450456767865,
      1.0
    ],
    [
      -32.44644917871587,
      0.0
    ]
  ],
  "hall_of_fame": [
    [
      0.2937068757644744,
      0.9968102018339414
    ],
    [
      0.013765217318368883,
      0.9121789621737408
    ]
  ],
  "logbook": []
}