{
  "run_id": 15,
  "strategy": "random",
  "seed": 2015,
  "pop_size": 50,
  "n_generations": 25,
  "elapsed_s": 14.29,
  "hof_fitness": [
    [
      -33.363532594263106,
      0.0
    ],
    [
      -51.57079098880864,
      1.0
    ]
  ],
  "hall_of_fame": [
    [
      0.01640281457272318,
      0.8656127061999154
    ],
    [
      0.2861300820180816,
      0.9975648684810836
    ]
  ],
  "logbook": []
}