{
  "run_id": 7,
  "strategy": "random",
  "seed": 2007,
  "pop_size": 50,
  "n_generations": 25,
  "elapsed_s": 14.602,
  "hof_fitness": [
    [
      -51.51044038101586,
      1.0
    ],
    [
      -34.10075782190536,
      0.0
    ]
  ],
  "hall_of_fame": [
    [
      0.29316746757340834,
      0.991132016584667
    ],
    [
      0.016576090342901837,
      0.9660079592227733
    ]
  ],
  "logbook": []
}