{
  "run_id": 25,
  "strategy": "random",
  "seed": 2025,
  "pop_size": 50,
  "n_generations": 25,
  "elapsed_s": 14.318,
  "hof_fitness": [
    [
      -51.53485051609128,
      1.0
    ],
    [
      -32.75335180384322,
      0.0
    ]
  ],
  "hall_of_fame": [
    [
      0.2979185751072094,
      0.9919338851947544
    ],
    [
      0.013770862975985353,
      0.9648693685225544
    ]
  ],
  "logbook": []
}