{
  "run_id": 18,
  "strategy": "random",
  "seed": 2018,
  "pop_size": 50,
  "n_generations": 25,
  "elapsed_s": 15.07,
  "hof_fitness": [
    [
      -51.57107862687651,
      1.0
    ],
    [
      -33.53504402073947,
      0.0
    ]
  ],
  "hall_of_fame": [
    [
      0.2902317617646119,
      0.9965830669991896
    ],
    [
      0.01661319278411979,
      0.876040212776555
    ]
  ],
  "logbook": []
}