{
  "run_id": 8,
  "strategy": "random",
  "seed": 2008,
  "pop_size": 50,
  "n_generations": 25,
  "elapsed_s": 14.733,
  "hof_fitness": [
    [
      -33.99841939467719,
      0.0
    ],
    [
      -51.41983125284173,
      1.0
    ]
  ],
  "hall_of_fame": [
    [
      0.016203002791109578,
      0.9786156247634977
    ],
    [
      0.2867084758736588,
      0.9856545638048526
    ]
  ],
  "logbook": []
}