{
  "run_id": 19,
  "strategy": "random",
  "seed": 2019,
  "pop_size": 50,
  "n_generations": 25,
  "elapsed_s": 14.679,
  "hof_fitness": [
    [
      -51.517102413014086,
      1.0
    ],
    [
      -33.94052605528262,
      0.0
    ]
  ],
  "hall_of_fame": [
    [
      0.27623689684208397,
      0.9958592593755066
    ],
    [
      0.01627108771980986,
      0.9628336177030415
    ]
  ],
  "logbook": []
}