{
  "run_id": 17,
  "strategy": "random",
  "seed": 2017,
  "pop_size": 50,
  "n_generations": 25,
  "elapsed_s": 14.696,
  "hof_fitness": [
    [
      -34.30903698949058,
      0.0
    ],
    [
      -51.43897036012761,
      1.0
    ]
  ],
  "hall_of_fame": [
    [
      0.017000121533301816,
      0.9680270663514213
    ],
    [
      0.2468103304114383,
      0.998225966987651
    ]
  ],
  "logbook": []
}