{
  "run_id": 27,
  "strategy": "random",
  "seed": 2027,
  "pop_size": 50,
  "n_generations": 25,
  "elapsed_s": 14.308,
  "hof_fitness": [
    [
      -33.32206268876312,
      0.0
    ],
    [
      -51.59805487012746,
      1.0
    ]
  ],
  "hall_of_fame": [
    [
      0.016121353680844542,
      0.8772537389585738
    ],
    [
      0.28795256126433316,
      0.9992715966951743
    ]
  ],
  "logbook": []
}