{
  "run_id": 4,
  "strategy": "random",
  "seed": 2004,
  "pop_size": 50,
  "n_generations": 25,
  "elapsed_s": 14.254,
  "hof_fitness": [
    [
      -51.47637983052491,
      1.0
    ],
    [
      -33.93272051462391,
      0.0
    ]
  ],
  "hall_of_fame": [
    [
      0.28660227124447807,
      0.9900529653922838
    ],
    [
      0.016172014358942898,
      0.9694462329259674
    ]
  ],
  "logbook": []
}