{
  "run_id": 3,
  "strategy": "random",
  "seed": 2003,
  "pop_size": 50,
  "n_generations": 25,
  "elapsed_s": 14.286,
  "hof_fitness": [
    [
      -51.490002037766295,
      1.0
    ],
    [
      -32.0094930756166,
      0.0
    ]
  ],
  "hall_of_fame": [
    [
      0.269155058173786,
      0.9956300172909853
    ],
    [
      0.015246040586001486,
      0.7658277772230435
    ]
  ],
  "logbook": []
}