{
  "run_id": 0,
  "strategy": "random",
  "seed": 2000,
  "pop_size": 50,
  "n_generations": 25,
  "elapsed_s": 14.225,
  "hof_fitness": [
    [
      -51.39886380185361,
      1.0
    ],
    [
      -34.070140964040775,
      0.0
    ]
  ],
  "hall_of_fame": [
    [
      0.24298102124901338,
      0.9963027524722905
    ],
    [
      0.01644351937600148,
      0.971505611748473
    ]
  ],
  "logbook": []
}