{
  "run_id": 22,
  "strategy": "random",
  "seed": 2022,
  "pop_size": 50,
  "n_generations": 25,
  "elapsed_s": 14.054,
  "hof_fitness": [
    [
      -51.569262913711874,
      1.0
    ],
    [
      -33.85185852627341,
      0.0
    ]
  ],
  "hall_of_fame": [
    [
      0.2869062542195233,
      0.9972521124866537
    ],
    [
      0.015884915473260475,
      0.9792635446783614
    ]
  ],
  "logbook": []
}