{
  "run_id": 23,
  "strategy": "random",
  "seed": 2023,
  "pop_size": 50,
  "n_generations": 25,
  "elapsed_s": 14.613,
  "hof_fitness": [
    [
      -51.328747826660745,
      1.0
    ],
    [
      -33.127828292036035,
      0.0
    ]
  ],
  "hall_of_fame": [
    [
      0.2779214016574469,
      0.9808511390116033
    ],
    [
      0.015491385368759901,
      0.8908436485111281
    ]
  ],
  "logbook": []
}