{
  "run_id": 2,
  "strategy": "random",
  "seed": 2002,
  "pop_size": 50,
  "n_generations": 25,
  "elapsed_s": 14.423,
  "hof_fitness": [
    [
      -34.38152673997537,
      0.0
    ],
    [
      -51.57058465847338,
      1.0
    ]
  ],
  "hall_of_fame": [
    [
      0.01695625312692319,
      0.984102045484593
    ],
    [
      0.2972052197907544,
      0.9948959457082347
    ]
  ],
  "logbook": []
}