{
  "run_id": 5,
  "strategy": "random",
  "seed": 2005,
  "pop_size": 50,
  "n_generations": 25,
  "elapsed_s": 14.825,
  "hof_fitness": [
    [
      -51.479366932143556,
      1.0
    ],
    [
      -33.634859722272104,
      0.0
    ]
  ],
  "hall_of_fame": [
    [
      0.273087453627986,
      0.9937317919004478
    ],
    [
      0.01579864445785023,
      0.9482255545965758
    ]
  ],
  "logbook": []
}