{
  "run_id": 13,
  "strategy": "random",
  "seed": 2013,
  "pop_size": 50,
  "n_generations": 25,
  "elapsed_s": 13.98,
  "hof_fitness": [
    [
      -51.52495681009149,
      1.0
    ],
    [
      -32.714736725859595,
      0.0
    ]
  ],
  "hall_of_fame": [
    [
      0.29677319909343797,
      0.9914249629736567
    ],
    [
      0.016057835733164348,
      0.8041593511590085
    ]
  ],
  "logbook": []
}