{
  "run_id": 28,
  "strategy": "random",
  "seed": 2028,
  "pop_size": 50,
  "n_generations": 25,
  "elapsed_s": 14.414,
  "hof_fitness": [
    [
      -33.74713103312425,
      0.0
    ],
    [
      -51.55160547384084,
      1.0
    ]
  ],
  "hall_of_fame": [
    [
      0.016649176378501693,
      0.9039449588200797
    ],
    [
      0.2723209774475625,
      0.9996293839836352
    ]
  ],
  "logbook": []
}