{
  "run_id": 9,
  "strategy": "random",
  "seed": 2009,
  "pop_size": 50,
  "n_generations": 25,
  "elapsed_s": 13.966,
  "hof_fitness": [
    [
      -51.51635510103877,
      1.0
    ],
    [
      -33.68015733267219,
      0.0
    ]
  ],
  "hall_of_fame": [
    [
      0.28653795481800076,
      0.9931853440057161
    ],
    [
      0.016398715435376954,
      0.9107864779716753
    ]
  ],
  "logbook": []
}