{
  "run_id": 21,
  "strategy": "random",
  "seed": 2021,
  "pop_size": 50,
  "n_generations": 25,
  "elapsed_s": 14.249,
  "hof_fitness": [
    [
      -33.66719479151073,
      0.0
    ],
    [
      -51.4187140175287,
      1.0
    ]
  ],
  "hall_of_fame": [
    [
      0.016608414820615345,
      0.8949475765678891
    ],
    [
      0.2506127514125169,
      0.9954353495204626
    ]
  ],
  "logbook": []
}