{
  "run_id": 20,
  "strategy": "random",
  "seed": 2020,
  "pop_size": 50,
  "n_generations": 25,
  "elapsed_s": 14.586,
  "hof_fitness": [
    [
      -51.466941842373345,
      1.0
    ],
    [
      -32.926410796500726,
      0.0
    ]
  ],
  "hall_of_fame": [
    [
      0.27414281507192195,
      0.9924801775050591
    ],
    [
      0.016263213425445944,
      0.8184760565161247
    ]
  ],
  "logbook": []
}