{
  "run_id": 11,
  "strategy": "random",
  "seed": 2011,
  "pop_size": 50,
  "n_generations": 25,
  "elapsed_s": 14.417,
  "hof_fitness": [
    [
      -51.560079599254685,
      1.0
    ],
    [
      -33.349040630133594,
      0.0
    ]
  ],
  "hall_of_fame": [
    [
      0.2881258780341037,
      0.9962284267424046
    ],
    [
      0.01484977072543696,
      0.9776206284842613
    ]
  ],
  "logbook": []
}