{
  "run_id": 14,
  "strategy": "random",
  "seed": 2014,
  "pop_size": 50,
  "n_generations": 25,
  "elapsed_s": 13.96,
  "hof_fitness": [
    [
      -51.576358818650434,
      1.0
    ],
    [
      -33.08610738998009,
      0.0
    ]
  ],
  "hall_of_fame": [
    [
      0.28894345906982505,
      0.9973123585166116
    ],
    [
      0.01483154872224428,
      0.932674037119384
    ]
  ],
  "logbook": []
}