{
  "run_id": 24,
  "strategy": "random",
  "seed": 2024,
  "pop_size": 50,
  "n_generations": 25,
  "elapsed_s": 14.345,
  "hof_fitness": [
    [
      -51.47786721975545,
      1.0
    ],
    [
      -33.22476462030301,
      0.0
    ]
  ],
  "hall_of_fame": [
    [
      0.2574885170475488,
      0.9980067069239186
    ],
    [
      0.015008663402219824,
      0.9419361496599967
    ]
  ],
  "logbook": []
}