{
  "run_id": 16,
  "strategy": "random",
  "seed": 2016,
  "pop_size": 50,
  "n_generations": 25,
  "elapsed_s": 14.473,
  "hof_fitness": [
    [
      -34.03291678324578,
      0.0
    ],
    [
      -51.55301127974563,
      1.0
    ]
  ],
  "hall_of_fame": [
    [
      0.016132976296905088,
      0.9909871328094532
    ],
    [
      0.27853782527531157,
      0.9980892099664921
    ]
  ],
  "logbook": []
}