{
  "run_id": 10,
  "strategy": "random",
  "seed": 2010,
  "pop_size": 50,
  "n_generations": 25,
  "elapsed_s": 13.982,
  "hof_fitness": [
    [
      -32.70037960556206,
      0.0
    ],
    [
      -51.54841405131985,
      1.0
    ]
  ],
  "hall_of_fame": [
    [
      0.015097917174152807,
      0.8564059835291699
    ],
    [
      0.27838695353094145,
      0.9977652022258335
    ]
  ],
  "logbook": []
}