{
  "run_id": 12,
  "strategy": "random",
  "seed": 2012,
  "pop_size": 50,
  "n_generations": 25,
  "elapsed_s": 14.163,
  "hof_fitness": [
    [
      -51.563005149899354,
      1.0
    ],
    [
      -33.23373586907156,
      0.0
    ]
  ],
  "hall_of_fame": [
    [
      0.2924131987998178,
      0.995424290334877
    ],
    [
      0.015533073611630132,
      0.9037583983441746
    ]
  ],
  "logbook": []
}