{
  "run_id": 1,
  "strategy": "random",
  "seed": 2001,
  "pop_size": 50,
  "n_generations": 25,
  "elapsed_s": 14.227,
  "hof_fitness": [
    [
      -33.2817198056201,
      0.0
    ],
    [
      -51.62623531994656,
      1.0
    ]
  ],
  "hall_of_fame": [
    [
      0.01594951517229636,
      0.8826256843516622
    ],
    [
      0.2982142214332348,
      0.9990537487943298
    ]
  ],
  "logbook": []
}