{
  "run_id": 6,
  "strategy": "random",
  "seed": 2006,
  "pop_size": 50,
  "n_generations": 25,
  "elapsed_s": 14.378,
  "hof_fitness": [
    [
      -51.602282825684576,
      1.0
    ],
    [
      -34.16771799520568,
      0.0
    ]
  ],
  "hall_of_fame": [
    [
      0.2865311970037925,
      0.9999588589453215
    ],
    [
      0.01693019676145566,
      0.9498554080580687
    ]
  ],
  "logbook": []
}