{
  "run_id": 13,
  "seed": 37513,
  "pop": 30,
  "ngen": 5,
  "steps": 150,
  "base_seed": 7000,
  "elapsed_s": 1.2287242412567139,
  "hof_fitness": [
    [
      -934.599220701745,
      0.1328631457700993
    ]
  ],
  "hall_of_fame": [
    [
      0.9975638939050263,
      0.5676729666937678
    ]
  ]
}