{
  "run_id": 14,
  "seed": 37514,
  "pop": 30,
  "ngen": 5,
  "steps": 150,
  "base_seed": 7000,
  "elapsed_s": 1.2955951690673828,
  "hof_fitness": [
    [
      -896.7812620831916,
      0.14555914718596055
    ],
    [
      -818.5152599250873,
      0.14423472212402802
    ],
    [
      -818.1014483424965,
      0.14423213971725157
    ],
    [
      -817.9448269962612,
      0.14423116233627295
    ],
    [
      -817.9363699282633,
      0.14423110956104657
    ],
    [
      -816.5683391603761,
      0.1442225729755415
    ],
    [
      -813.6342863325732,
      0.14420426724025143
    ],
    [
      -811.6533926452337,
      0.14419191058828332
    ],
    [
      -810.1258840035878,
      0.141684763460902
    ],
    [
      -809.7162241136086,
      0.14168172542770283
    ],
    [
      -809.561174149226,
      0.14168057564291756
    ],
    [
      -809.552801931451,
      0.14168051355910066
    ],
    [
      -808.4611668417899,
      0.1416724194652323
    ],
    [
      -808.1984973178845,
      0.1416704721225991
    ],
    [
      -806.0703981398273,
      0.14165469884562226
    ],
    [
      -804.2214043187859,
      0.13982027320247628
    ],
    [
      -803.5562345321425,
      0.13944640258729762
    ],
    [
      -803.1498292900143,
      0.13944306794367972
    ],
    [
      -802.99601118219,
      0.13944180593591696
    ],
    [
      -802.7675311423359,
      0.13943993146564182
    ],
    [
      -801.9047436769724,
      0.13943285421101947
    ],
    [
      -801.6441612123348,
      0.13943071706191826
    ],
    [
      -800.646707294074,
      0.13860134512888808
    ],
    [
      -799.2987341172089,
      0.13858996471803456
    ],
    [
      -799.1901702511939,
      0.13807237790304266
    ],
    [
      -797.300815844708,
      0.13737908982101185
    ],
    [
      -797.2925678970729,
      0.1373790177644391
    ],
    [
      -796.9369285905595,
      0.13704425502907125
    ],
    [
      -796.3729913318844,
      0.1370392892001067
    ],
    [
      -795.0402990077746,
      0.137027558430561
    ],
    [
      -792.94616422548,
      0.13700913781634075
    ],
    [
      -792.8124639116975,
      0.13565799670404105
    ],
    [
      -792.6605874773343,
      0.1356566267361055
    ],
    [
      -792.6523866212215,
      0.1356565527648668
    ],
    [
      -791.3258029460972,
      0.13564459080634814
    ],
    [
      -790.1345923034609,
      0.13451974626440702
    ],
    [
      -789.7348459769058,
      0.13451610327684968
    ],
    [
      -789.5835482090297,
      0.13451472466647318
    ],
    [
      -789.575378599263,
      0.13451465022896933
    ],
    [
      -789.2785861527816,
      0.13451194622223958
    ],
    [
      -788.2538495875085,
      0.13450261339569827
    ],
    [
      -787.6339260915671,
      0.13360405564607278
    ],
    [
      -787.5684674117501,
      0.13358031331052134
    ],
    [
      -787.5254628191902,
      0.13356472273997758
    ],
    [
      -786.9810113988021,
      0.1335643375548736
    ],
    [
      -786.9680622797723,
      0.1335596406122304
    ],
    [
      -785.6508183640307,
      0.13354763734965655
    ],
    [
      -783.6237540794533,
      0.13354438171037075
    ],
    [
      -782.8385860536621,
      0.13352662149916045
    ],
    [
      -782.8257038800226,
      0.13352192585834083
    ],
    [
      -780.9654308307075,
      0.133509597632318
    ]
  ],
  "hall_of_fame": [
    [
      0.9900985085325641,
      0.9311470359817681
    ],
    [
      0.1136615072420466,
      0.9311470359817681
    ],
    [
      0.1136615072420466,
      0.8811772120801766
    ],
    [
      0.1136615072420466,
      0.8622640638390459
    ],
    [
      0.1136615072420466,
      0.8612428071275418
    ],
    [
      0.1136615072420466,
      0.6960353944900947
    ],
    [
      0.1136615072420466,
      0.34166327852324463
    ],
    [
      0.1136615072420466,
      0.10237640989294461
    ],
    [
      0.8481687776615777,
      0.9311470359817681
    ],
    [
      0.8481687776615777,
      0.8811772120801766
    ],
    [
      0.8481687776615777,
      0.8622640638390459
    ],
    [
      0.8481687776615777,
      0.8612428071275418
    ],
    [
      0.8481687776615777,
      0.7280787424581242
    ],
    [
      0.8481687776615777,
      0.6960353944900947
    ],
    [
      0.8481687776615777,
      0.436406549020246
    ],
    [
      0.8142276560983548,
      0.8811772120801766
    ],
    [
      0.8064573636482871,
      0.9311470359817681
    ],
    [
      0.8064573636482871,
      0.8811772120801766
    ],
    [
      0.8064573636482871,
      0.8622640638390459
    ],
    [
      0.8064573636482871,
      0.834170296627908
    ],
    [
      0.8064573636482871,
      0.7280787424581242
    ],
    [
      0.8064573636482871,
      0.6960353944900947
    ],
    [
      0.7877387512020679,
      0.8622640638390459
    ],
    [
      0.7877387512020679,
      0.6960353944900947
    ],
    [
      0.22522411320164343,
      0.8622640638390459
    ],
    [
      0.24394272564786257,
      0.8622640638390459
    ],
    [
      0.24394272564786257,
      0.8612428071275418
    ],
    [
      0.2539810284427677,
      0.9311470359817681
    ],
    [
      0.2539810284427677,
      0.8612428071275418
    ],
    [
      0.2539810284427677,
      0.6960353944900947
    ],
    [
      0.2539810284427677,
      0.436406549020246
    ],
    [
      0.6966717687468587,
      0.8811772120801766
    ],
    [
      0.6966717687468587,
      0.8622640638390459
    ],
    [
      0.6966717687468587,
      0.8612428071275418
    ],
    [
      0.6966717687468587,
      0.6960353944900947
    ],
    [
      0.36321645676169045,
      0.9311470359817681
    ],
    [
      0.36321645676169045,
      0.8811772120801766
    ],
    [
      0.36321645676169045,
      0.8622640638390459
    ],
    [
      0.36321645676169045,
      0.8612428071275418
    ],
    [
      0.36321645676169045,
      0.8241413587897269
    ],
    [
      0.36321645676169045,
      0.6960353944900947
    ],
    [
      0.46683368508921386,
      0.9311470359817681
    ],
    [
      0.5249263393440453,
      0.9311470359817681
    ],
    [
      0.5175024587853133,
      0.9311470359817681
    ],
    [
      0.47996778056996225,
      0.8612428071275418
    ],
    [
      0.5175024587853133,
      0.8612428071275418
    ],
    [
      0.5175024587853133,
      0.6960353944900947
    ],
    [
      0.5249263393440453,
      0.436406549020246
    ],
    [
      0.47996778056996225,
      0.34166327852324463
    ],
    [
      0.5175024587853133,
      0.34166327852324463
    ],
    [
      0.47996778056996225,
      0.10666842462211046
    ]
  ]
}