{
  "run_id": 10,
  "seed": 37510,
  "pop": 30,
  "ngen": 5,
  "steps": 150,
  "base_seed": 7000,
  "elapsed_s": 1.2991819381713867,
  "hof_fitness": [
    [
      -861.3395450157398,
      0.15004669279719793
    ],
    [
      -852.5081192838579,
      0.1498807903969047
    ],
    [
      -849.7598458993295,
      0.1498777177142148
    ],
    [
      -846.6850441003596,
      0.14987425986916003
    ],
    [
      -846.4274483116454,
      0.1498739692233414
    ],
    [
      -837.6955111876916,
      0.14837523390598653
    ],
    [
      -836.9176940793772,
      0.14837263809330162
    ],
    [
      -836.0691127798975,
      0.14836980524403812
    ],
    [
      -834.9937625086983,
      0.1483662140550691
    ],
    [
      -834.2649333801949,
      0.1483637792616957
    ],
    [
      -833.0915101723283,
      0.14835985781086858
    ],
    [
      -831.971025169761,
      0.1483561116588847
    ],
    [
      -831.7177917300198,
      0.14835526479763148
    ],
    [
      -831.3915048755804,
      0.14726658445146387
    ],
    [
      -830.619401487628,
      0.1472632546356006
    ],
    [
      -828.672071261067,
      0.147254854458969
    ],
    [
      -828.4334405350758,
      0.1466519551136176
    ],
    [
      -827.6640205728174,
      0.1466482844528066
    ],
    [
      -826.8246009196868,
      0.1466442795065104
    ],
    [
      -825.7608614062835,
      0.14663920380419915
    ],
    [
      -822.8859485308758,
      0.14531053476487993
    ],
    [
      -822.761250588057,
      0.14530983142167403
    ],
    [
      -821.1634270243255,
      0.14489415682214019
    ],
    [
      -820.4006078257896,
      0.1448896703521386
    ],
    [
      -819.8226436442143,
      0.14453302752702357
    ],
    [
      -813.8744034211298,
      0.14302804813274406
    ],
    [
      -811.3080323024371,
      0.1430105116145319
    ],
    [
      -810.2322594105568,
      0.14300316247077607
    ],
    [
      -809.0609015870873,
      0.14299516156699602
    ],
    [
      -808.8144865565273,
      0.14299347860415912
    ],
    [
      -808.2040396024654,
      0.14097311599176351
    ],
    [
      -806.6336444552752,
      0.1409610390557049
    ],
    [
      -805.5953260865341,
      0.14095305636795008
    ],
    [
      -805.5588174622154,
      0.14095277572069168
    ],
    [
      -804.0763268573875,
      0.14094138157076777
    ],
    [
      -803.6896822655426,
      0.14093841052629483
    ],
    [
      -802.6766973428568,
      0.14093062781938095
    ],
    [
      -802.4321866887414,
      0.1409287495278807
    ],
    [
      -802.2727158283288,
      0.13890921160696573
    ],
    [
      -801.5270822094488,
      0.13890297579967045
    ],
    [
      -800.713614280474,
      0.13889617435952373
    ],
    [
      -799.6827636693763,
      0.13888755788056217
    ],
    [
      -799.5753061290317,
      0.13793240826779643
    ],
    [
      -796.432668317449,
      0.13790534365956636
    ],
    [
      -795.5356500332597,
      0.13671026978752274
    ],
    [
      -794.7281450173821,
      0.1367031120230884
    ],
    [
      -793.7167864883414,
      0.1357660779487829
    ],
    [
      -793.083385034282,
      0.13553056968305113
    ],
    [
      -791.0735684932097,
      0.13478491430425332
    ],
    [
      -790.6146758376622,
      0.13461529564904712
    ],
    [
      -789.8796716159142,
      0.13460860025868734
    ],
    [
      -789.2581620242928,
      0.13437921674213543
    ],
    [
      -787.9775722267948,
      0.13364878170019656
    ],
    [
      -787.7962543036989,
      0.13358299971335488
    ],
    [
      -787.7651000703864,
      0.13357170753227746
    ],
    [
      -785.2211065934574,
      0.13354852282051108
    ],
    [
      -784.5348384230156,
      0.1335422745863763
    ],
    [
      -784.2265605937639,
      0.1335394686639032
    ],
    [
      -783.4299429426297,
      0.13353222032020964
    ],
    [
      -782.1364558570358,
      0.13352045842054167
    ]
  ],
  "hall_of_fame": [
    [
      0.029699169513238477,
      0.959495681205512
    ],
    [
      0.03892918958164715,
      0.959495681205512
    ],
    [
      0.03892918958164715,
      0.6404396085142354
    ],
    [
      0.03892918958164715,
      0.2834168477151441
    ],
    [
      0.03892918958164715,
      0.253503949180763
    ],
    [
      0.06163662800002956,
      0.959495681205512
    ],
    [
      0.06163662800002956,
      0.8676465934485738
    ],
    [
      0.06163662800002956,
      0.7674364443410141
    ],
    [
      0.06163662800002956,
      0.6404396085142354
    ],
    [
      0.06163662800002956,
      0.5543616777086274
    ],
    [
      0.06163662800002956,
      0.4157674461919887
    ],
    [
      0.06163662800002956,
      0.2834168477151441
    ],
    [
      0.06163662800002956,
      0.253503949180763
    ],
    [
      0.924759786254463,
      0.959495681205512
    ],
    [
      0.924759786254463,
      0.8676465934485738
    ],
    [
      0.924759786254463,
      0.6359740817347135
    ],
    [
      0.9172801347006854,
      0.959495681205512
    ],
    [
      0.9172801347006854,
      0.8676465934485738
    ],
    [
      0.9172801347006854,
      0.7674364443410141
    ],
    [
      0.9172801347006854,
      0.6404396085142354
    ],
    [
      0.09948100899674106,
      0.9744813146452334
    ],
    [
      0.09948100899674106,
      0.959495681205512
    ],
    [
      0.8951287447279935,
      0.959495681205512
    ],
    [
      0.8951287447279935,
      0.8676465934485738
    ],
    [
      0.10965364026863644,
      0.959495681205512
    ],
    [
      0.8692631224320785,
      0.8676465934485738
    ],
    [
      0.8692631224320785,
      0.556180042306004
    ],
    [
      0.8692631224320785,
      0.42560441802341553
    ],
    [
      0.8692631224320785,
      0.2834168477151441
    ],
    [
      0.8692631224320785,
      0.253503949180763
    ],
    [
      0.8359211835464269,
      0.959495681205512
    ],
    [
      0.8359211835464269,
      0.7674364443410141
    ],
    [
      0.8359211835464269,
      0.6404396085142354
    ],
    [
      0.8359211835464269,
      0.6359740817347135
    ],
    [
      0.8359211835464269,
      0.4546355170661852
    ],
    [
      0.8359211835464269,
      0.4073382569037002
    ],
    [
      0.8359211835464269,
      0.2834168477151441
    ],
    [
      0.8359211835464269,
      0.253503949180763
    ],
    [
      0.794691561435416,
      0.959495681205512
    ],
    [
      0.794691561435416,
      0.8676465934485738
    ],
    [
      0.794691561435416,
      0.7674364443410141
    ],
    [
      0.794691561435416,
      0.6404396085142354
    ],
    [
      0.2290096826645961,
      0.959495681205512
    ],
    [
      0.2290096826645961,
      0.5710668152822842
    ],
    [
      0.26436961857824337,
      0.8676465934485738
    ],
    [
      0.26436961857824337,
      0.7674364443410141
    ],
    [
      0.29905585894592357,
      0.959495681205512
    ],
    [
      0.3090793834218104,
      0.959495681205512
    ],
    [
      0.3467352889832941,
      0.959495681205512
    ],
    [
      0.3570963956904173,
      0.959495681205512
    ],
    [
      0.3570963956904173,
      0.8676465934485738
    ],
    [
      0.6272580746620187,
      0.8676465934485738
    ],
    [
      0.5442397171164238,
      0.959495681205512
    ],
    [
      0.4748220020091153,
      0.959495681205512
    ],
    [
      0.5201459413667311,
      0.959495681205512
    ],
    [
      0.5201459413667311,
      0.6404396085142354
    ],
    [
      0.5201459413667311,
      0.5543616777086274
    ],
    [
      0.5201459413667311,
      0.515693412222255
    ],
    [
      0.5201459413667311,
      0.4157674461919887
    ],
    [
      0.5201459413667311,
      0.253503949180763
    ]
  ]
}