{
  "run_id": 12,
  "seed": 37512,
  "pop": 30,
  "ngen": 5,
  "steps": 150,
  "base_seed": 7000,
  "elapsed_s": 1.225672960281372,
  "hof_fitness": [
    [
      -983.3695122120358,
      0.12318279764617215
    ]
  ],
  "hall_of_fame": [
    [
      0.0,
      0.8692000927533886
    ]
  ]
}