{
  "run_id": 17,
  "seed": 37517,
  "pop": 30,
  "ngen": 5,
  "steps": 150,
  "base_seed": 7000,
  "elapsed_s": 1.2692148685455322,
  "hof_fitness": [
    [
      -968.4152095316624,
      0.12351456709152582
    ]
  ],
  "hall_of_fame": [
    [
      0.00037436621461128805,
      0.5675320106588504
    ]
  ]
}