{
  "run_id": 4,
  "seed": 37504,
  "pop": 30,
  "ngen": 5,
  "steps": 150,
  "base_seed": 7000,
  "elapsed_s": 1.254045009613037,
  "hof_fitness": [
    [
      -900.6696313113478,
      0.14334188682540255
    ],
    [
      -812.5176481670971,
      0.14241097976444547
    ],
    [
      -811.8635879519946,
      0.14240632721073868
    ],
    [
      -809.5809829689751,
      0.14132693604893706
    ],
    [
      -809.4217422487586,
      0.141325732283729
    ],
    [
      -808.2062616837131,
      0.14131654531709278
    ],
    [
      -805.7657434173819,
      0.1412981063318932
    ],
    [
      -804.5401336276366,
      0.14128885003500358
    ],
    [
      -804.3165456306131,
      0.1395243228615158
    ],
    [
      -803.8916107902082,
      0.1395208451743657
    ],
    [
      -803.8869699056409,
      0.13951920739107052
    ],
    [
      -802.9505825796391,
      0.1395131452751592
    ],
    [
      -800.0069533626307,
      0.138126413673725
    ],
    [
      -799.9880120133361,
      0.13796894316417904
    ],
    [
      -798.5924518974314,
      0.13795693053697372
    ],
    [
      -797.43625174915,
      0.13703110253052833
    ],
    [
      -797.3627866211585,
      0.13703045516362403
    ],
    [
      -796.3730512194587,
      0.13702173557370392
    ],
    [
      -796.2533361151538,
      0.1365930976496333
    ],
    [
      -796.096665161812,
      0.13659170468523066
    ],
    [
      -795.1916825751116,
      0.13658366026629623
    ],
    [
      -794.9008004117012,
      0.136581075256588
    ],
    [
      -794.2954696302043,
      0.13586587773906336
    ],
    [
      -793.8757267455637,
      0.13586210038659752
    ],
    [
      -793.8530996325258,
      0.1358536844803773
    ],
    [
      -793.2137679254866,
      0.1358479317091423
    ],
    [
      -792.3372177980815,
      0.13513847040762852
    ],
    [
      -792.2642135690949,
      0.1351378076954019
    ],
    [
      -792.1831291615578,
      0.13513773255581812
    ],
    [
      -792.1813029009691,
      0.13513705508453283
    ],
    [
      -791.9004316498507,
      0.13497656531521682
    ],
    [
      -791.8849126646859,
      0.13497081650305676
    ],
    [
      -791.8119493372159,
      0.13497015319989225
    ],
    [
      -790.5396583578646,
      0.1349585908729376
    ],
    [
      -790.3115749469237,
      0.1349565188876455
    ],
    [
      -789.9063790592795,
      0.13461955055939676
    ],
    [
      -789.624238173917,
      0.13413726327195521
    ],
    [
      -789.5514793224654,
      0.13413659916811668
    ],
    [
      -788.1351537835125,
      0.1335943271623308
    ],
    [
      -788.0625296607449,
      0.13359366463709013
    ],
    [
      -788.0539825343596,
      0.13356491721140604
    ],
    [
      -788.0264980266644,
      0.1335549638612159
    ],
    [
      -787.953883736146,
      0.13355430152099676
    ],
    [
      -787.5199694088531,
      0.13355332251434193
    ],
    [
      -786.7148961283289,
      0.13355275501749583
    ],
    [
      -786.7147607279237,
      0.13355270589932303
    ],
    [
      -786.687679300009,
      0.13354275669014218
    ],
    [
      -783.1446277873663,
      0.13352020077396304
    ],
    [
      -783.1173114467889,
      0.13351025072353237
    ],
    [
      -782.9392768693734,
      0.13350863166355445
    ],
    [
      -781.6237457507594,
      0.1334966735200872
    ]
  ],
  "hall_of_fame": [
    [
      0.007468944436742619,
      0.3833047283684954
    ],
    [
      0.8598239296489495,
      0.946836755027656
    ],
    [
      0.8598239296489495,
      0.8672728909464709
    ],
    [
      0.15794119858689992,
      0.9990698346009682
    ],
    [
      0.15794119858689992,
      0.9796207979853099
    ],
    [
      0.15794119858689992,
      0.8311602774491931
    ],
    [
      0.15794119858689992,
      0.5330372693421239
    ],
    [
      0.15794119858689992,
      0.3833047283684954
    ],
    [
      0.8079976006271586,
      0.9990698346009682
    ],
    [
      0.8079976006271586,
      0.946836755027656
    ],
    [
      0.8079633831382441,
      0.946836755027656
    ],
    [
      0.8079976006271586,
      0.8311602774491931
    ],
    [
      0.7759995593130692,
      0.946836755027656
    ],
    [
      0.7718696308021546,
      0.9990698346009682
    ],
    [
      0.7718696308021546,
      0.8266120805310626
    ],
    [
      0.7454694412348127,
      0.9990698346009682
    ],
    [
      0.7454694412348127,
      0.9899632127067449
    ],
    [
      0.7454694412348127,
      0.8672728909464709
    ],
    [
      0.26855329140160555,
      0.9990698346009682
    ],
    [
      0.26855329140160555,
      0.9796207979853099
    ],
    [
      0.26855329140160555,
      0.8672728909464709
    ],
    [
      0.26855329140160555,
      0.8311602774491931
    ],
    [
      0.7048751023416616,
      0.9990698346009682
    ],
    [
      0.7048751023416616,
      0.946836755027656
    ],
    [
      0.29546198643081234,
      0.946836755027656
    ],
    [
      0.29546198643081234,
      0.8672728909464709
    ],
    [
      0.3276953198254098,
      0.9990698346009682
    ],
    [
      0.3276953198254098,
      0.9899632127067449
    ],
    [
      0.32766110233649526,
      0.9796207979853099
    ],
    [
      0.3276953198254098,
      0.9796207979853099
    ],
    [
      0.6638616290689402,
      0.9990698346009682
    ],
    [
      0.3364484317488109,
      0.9990698346009682
    ],
    [
      0.3364484317488109,
      0.9899632127067449
    ],
    [
      0.3364484317488109,
      0.8311602774491931
    ],
    [
      0.3364484317488109,
      0.8026902813295855
    ],
    [
      0.35639820676272216,
      0.8672728909464709
    ],
    [
      0.6070172700735184,
      0.9990698346009682
    ],
    [
      0.6070172700735184,
      0.9899632127067449
    ],
    [
      0.5283618105297938,
      0.9990698346009682
    ],
    [
      0.5283618105297938,
      0.9899632127067449
    ],
    [
      0.48549617225317776,
      0.9990698346009682
    ],
    [
      0.49701684646407485,
      0.9990698346009682
    ],
    [
      0.49701684646407485,
      0.9899632127067449
    ],
    [
      0.5084120355158825,
      0.934487224984083
    ],
    [
      0.48546195476426324,
      0.8311154754710055
    ],
    [
      0.48549617225317776,
      0.8311154754710055
    ],
    [
      0.49701684646407485,
      0.8311602774491931
    ],
    [
      0.48549617225317776,
      0.3833047283684954
    ],
    [
      0.49701684646407485,
      0.3833047283684954
    ],
    [
      0.49701684646407485,
      0.36096984151020983
    ],
    [
      0.49701684646407485,
      0.19592491833566006
    ]
  ]
}