{
  "run_id": 3,
  "seed": 37503,
  "pop": 30,
  "ngen": 5,
  "steps": 150,
  "base_seed": 7000,
  "elapsed_s": 1.225172996520996,
  "hof_fitness": [
    [
      -983.7202582250009,
      0.12318279764615273
    ]
  ],
  "hall_of_fame": [
    [
      0.0,
      0.9051778908486029
    ]
  ]
}