{
  "run_id": 18,
  "seed": 37518,
  "pop": 30,
  "ngen": 5,
  "steps": 150,
  "base_seed": 7000,
  "elapsed_s": 1.3352909088134766,
  "hof_fitness": [
    [
      -875.9227483384888,
      0.1491557899930157
    ],
    [
      -834.8591941746912,
      0.14832479490332723
    ],
    [
      -832.983194907017,
      0.14757783915962808
    ],
    [
      -832.9065173454225,
      0.1475775277625157
    ],
    [
      -832.7513039372441,
      0.14757689740538193
    ],
    [
      -830.4589046609428,
      0.14756758493294655
    ],
    [
      -829.553741399666,
      0.14756390657211452
    ],
    [
      -828.9720607786927,
      0.14679030556448872
    ],
    [
      -828.3917032292105,
      0.14664902104175095
    ],
    [
      -821.679879840967,
      0.14494375119024916
    ],
    [
      -821.2391136519334,
      0.1449411707302379
    ],
    [
      -818.8250114271328,
      0.14492703802744109
    ],
    [
      -818.2914024939059,
      0.14413584210724575
    ],
    [
      -818.1388514295394,
      0.14413488212621786
    ],
    [
      -815.8828425920552,
      0.1441206867502375
    ],
    [
      -815.8367116897772,
      0.14412039650945274
    ],
    [
      -814.6516793658309,
      0.1430701049578113
    ],
    [
      -814.4997922851667,
      0.14306906947143513
    ],
    [
      -812.2565247981332,
      0.14305377850496498
    ],
    [
      -812.2536036001172,
      0.14305375859596703
    ],
    [
      -812.2076735160308,
      0.14305344556719987
    ],
    [
      -812.2021763339936,
      0.14305340810221184
    ],
    [
      -811.3707635556488,
      0.14304774208662496
    ],
    [
      -810.8623518462061,
      0.14304427761134883
    ],
    [
      -810.7079204164166,
      0.14304322531459368
    ],
    [
      -810.2676389543334,
      0.14304022535412225
    ],
    [
      -809.9644838226009,
      0.14234179670176864
    ],
    [
      -809.961570694316,
      0.14234177592115865
    ],
    [
      -809.9102854948919,
      0.14234141008318643
    ],
    [
      -807.9810925852566,
      0.14232765066009506
    ],
    [
      -807.4607570353825,
      0.1407314396798196
    ],
    [
      -807.2360910567087,
      0.14065511902717556
    ],
    [
      -807.1617322780035,
      0.14065453850094914
    ],
    [
      -807.0112126679077,
      0.14065336341157625
    ],
    [
      -804.7852484684993,
      0.14063599054957182
    ],
    [
      -804.7342842837642,
      0.14063559290158603
    ],
    [
      -804.5361190474396,
      0.14063404676412986
    ],
    [
      -804.0792085092469,
      0.1406304821099232
    ],
    [
      -803.2875261119706,
      0.14062430661702646
    ],
    [
      -802.8171677478898,
      0.14062063816216255
    ],
    [
      -802.2700645196129,
      0.1406163716785032
    ],
    [
      -801.2045773255219,
      0.1406080642959814
    ],
    [
      -800.1872506463513,
      0.14060013441330618
    ],
    [
      -798.5686332010549,
      0.13757347648201637
    ],
    [
      -798.3461215361226,
      0.1375715410345504
    ],
    [
      -796.4351754208116,
      0.13681249724369107
    ],
    [
      -796.2866167641446,
      0.1368111824437547
    ],
    [
      -794.0925115253689,
      0.1367917731171431
    ],
    [
      -794.0447309192532,
      0.13679135063839898
    ],
    [
      -794.0393542194356,
      0.13679130309784585
    ],
    [
      -793.2261640685197,
      0.13678411411258184
    ],
    [
      -793.0904908959193,
      0.13643620003466506
    ],
    [
      -792.9518063960217,
      0.13551820622673744
    ],
    [
      -790.6191957608102,
      0.13549713323702003
    ],
    [
      -790.6163508488445,
      0.13549710755018757
    ],
    [
      -790.5982530663242,
      0.13489036048279882
    ],
    [
      -787.7523295989307,
      0.13357679970277792
    ],
    [
      -787.6797314403221,
      0.13357613758466938
    ],
    [
      -787.6106488831738,
      0.13355110284168117
    ],
    [
      -785.293464097278,
      0.1335299865916156
    ],
    [
      -785.2906380003909,
      0.1335299608557266
    ],
    [
      -784.4365400539446,
      0.1335221850124223
    ],
    [
      -780.8704225479731,
      0.1335141629321251
    ],
    [
      -780.8019265831477,
      0.13348913973250645
    ],
    [
      -780.229929490956,
      0.13348394584121892
    ]
  ],