{
  "run_id": 1,
  "seed": 37501,
  "pop": 30,
  "ngen": 5,
  "steps": 150,
  "base_seed": 7000,
  "elapsed_s": 1.2315878868103027,
  "hof_fitness": [
    [
      -859.342871595539,
      0.1500562733563873
    ],
    [
      -857.2188779308137,
      0.1500561177462309
    ],
    [
      -856.8783907593076,
      0.15002524646633855
    ],
    [
      -856.3829428601609,
      0.15002498448499263
    ],
    [
      -856.0379099552108,
      0.15002480167997734
    ],
    [
      -855.9720922058581,
      0.15002476677495752
    ],
    [
      -854.1077199765565,
      0.15002377358991337
    ],
    [
      -853.8401567197367,
      0.15002363034861138
    ],
    [
      -851.5856417881863,
      0.15002241636613547
    ],
    [
      -851.246913715189,
      0.1500222328897386
    ],
    [
      -850.5031036644598,
      0.15002182900495742
    ],
    [
      -848.5099768034504,
      0.15002074004766916
    ],
    [
      -839.7259827167887,
      0.14874948313796893
    ],
    [
      -839.3313090723025,
      0.14874832316131714
    ],
    [
      -838.2107313885411,
      0.148745028457324
    ],
    [
      -837.5689998358608,
      0.14874314082502552
    ],
    [
      -825.2353144706349,
      0.14586173100530703
    ],
    [
      -824.4251008932899,
      0.14585743529890494
    ],
    [
      -824.3616534413017,
      0.14585709889907897
    ],
    [
      -824.0374500774385,
      0.14585537995411207
    ],
    [
      -822.3852479864396,
      0.14584661959029074
    ],
    [
      -822.3065018501753,
      0.14584620204764923
    ],
    [
      -821.4493236482973,
      0.14584165688489364
    ],
    [
      -821.1272241867066,
      0.14481888256098496
    ],
    [
      -820.3209542923611,
      0.14481410560563102
    ],
    [
      -819.9351904302864,
      0.14481182010037935
    ],
    [
      -818.2126684964358,
      0.1448016152297205
    ],
    [
      -817.3596634311017,
      0.14479656196264645
    ],
    [
      -816.0499469183299,
      0.14478880343739803
    ],
    [
      -815.7250116058916,
      0.14478687864231515
    ],
    [
      -814.7567316536291,
      0.14323353774742398
    ],
    [
      -814.6940120589159,
      0.14323311507758457
    ],
    [
      -814.3735279443489,
      0.14323095537447966
    ],
    [
      -813.4030294729862,
      0.14322441583587023
    ],
    [
      -812.6624384812395,
      0.14321942602786158
    ],
    [
      -812.496413806284,
      0.14321830748354275
    ],
    [
      -810.7315039434587,
      0.14320641835377362
    ],
    [
      -810.5140728876291,
      0.14320495383616325
    ],
    [
      -810.1912946526404,
      0.14320277982191215
    ],
    [
      -809.5812814330001,
      0.14160724187048732
    ],
    [
      -809.2157551310808,
      0.14148722873012973
    ],
    [
      -809.1534531454404,
      0.14148676188803902
    ],
    [
      -807.388676288171,
      0.14147354052427497
    ],
    [
      -807.2127317096724,
      0.1414722226452636
    ],
    [
      -806.4225576605122,
      0.14054986690133933
    ],
    [
      -804.6016564832762,
      0.14053559053381348
    ],
    [
      -802.2224026333496,
      0.14051694616425178
    ],
    [
      -801.4437299392799,
      0.13943373852285598
    ],
    [
      -801.192288274285,
      0.13943167698923306
    ],
    [
      -800.3566605769753,
      0.1394248268884764
    ],
    [
      -800.3354527687846,
      0.13812209572997125
    ],
    [
      -799.8719588020477,
      0.1381181227526294
    ],
    [
      -798.2202332981974,
      0.13810396972848762
    ],
    [
      -798.051850690346,
      0.13756702864780296
    ],
    [
      -796.7253449331861,
      0.13755549446859783
    ],
    [
      -794.8581881129976,
      0.1370995668063031
    ],
    [
      -794.7820239276757,
      0.137098897789583
    ],
    [
      -794.173779380049,
      0.13709355576872695
    ],
    [
      -792.5436912806343,
      0.13552419714815894
    ],
    [
      -792.4826478387838,
      0.13552364555784893
    ],
    [
      -792.2210839613283,
      0.13528825137058456
    ],
    [
      -792.0596001636312,
      0.13528678810491593
    ],
    [
      -791.8403384497002,
      0.13528480147710953
    ],
    [
      -791.3671909427618,
      0.1352805152363223
    ],
    [
      -790.1977986757851,
      0.1352699259824792
    ],
    [
      -790.0363365128455,
      0.13526846436347983
    ],
    [
      -789.6143801724046,
      0.13457210418271853
    ],
    [
      -789.4532871081414,
      0.13457063695213564
    ],
    [
      -788.2016633160188,
      0.13455924149148962
    ],
    [
      -788.0587581898454,
      0.13359251520979662
    ],
    [
      -787.99374627336,
      0.1335689570317775
    ],
    [
      -787.2193716727836,
      0.13356189510330926
    ],
    [
      -786.8488688350552,
      0.1335585174575234
    ],
    [
      -785.5072908692966,
      0.13353976412832574
    ],
    [
      -784.3752403615922,
      0.13353598621527937
    ],
    [
      -783.1173478616358,
      0.1335245414759446
    ],
    [
      -782.8052705209396,
      0.1335217034323241
    ]
  ],