{
  "run_id": 5,
  "seed": 37505,
  "pop": 30,
  "ngen": 5,
  "steps": 150,
  "base_seed": 7000,
  "elapsed_s": 1.2275512218475342,
  "hof_fitness": [
    [
      -982.3455240280812,
      0.1231827976461555
    ]
  ],
  "hall_of_fame": [
    [
      1.0,
      0.7641644294168104
    ]
  ]
}