{
  "run_id": 15,
  "seed": 37515,
  "pop": 30,
  "ngen": 5,
  "steps": 150,
  "base_seed": 7000,
  "elapsed_s": 1.2284047603607178,
  "hof_fitness": [
    [
      -945.4205660831561,
      0.1304154611578817
    ]
  ],
  "hall_of_fame": [
    [
      0.0018303489774188497,
      0.9640236988657931
    ]
  ]
}