{
  "run_id": 11,
  "seed": 37511,
  "pop": 30,
  "ngen": 5,
  "steps": 150,
  "base_seed": 7000,
  "elapsed_s": 1.2476942539215088,
  "hof_fitness": [
    [
      -940.4153532113044,
      0.1321868214276132
    ]
  ],
  "hall_of_fame": [
    [
      0.9977381791383495,
      0.9835084551175779
    ]
  ]
}