{
  "run_id": 19,
  "seed": 37519,
  "pop": 30,
  "ngen": 5,
  "steps": 150,
  "base_seed": 7000,
  "elapsed_s": 1.2523090839385986,
  "hof_fitness": [
    [
      -884.2369359134613,
      0.14810867927956015
    ],
    [
      -834.0416530895882,
      0.14771115707069843
    ],
    [
      -832.4176435694404,
      0.14770474157506389
    ],
    [
      -832.2693795701123,
      0.14770415574662255
    ],
    [
      -831.6790662421693,
      0.1477018230619623
    ],
    [
      -830.7742585668577,
      0.14769824697614717
    ],
    [
      -829.4659513996334,
      0.14769307475838533
    ],
    [
      -829.1061939468093,
      0.14769165222116143
    ],
    [
      -827.7615157728335,
      0.14768633407135726
    ],
    [
      -827.5242698117229,
      0.14768539559596852
    ],
    [
      -827.3604855697597,
      0.1476847476826916
    ],
    [
      -827.0811776353405,
      0.14768364271162215
    ],
    [
      -826.2536515213944,
      0.1476803685027137
    ],
    [
      -810.9004597113926,
      0.14222133558174227
    ],
    [
      -810.7672498718249,
      0.1422203777203588
    ],
    [
      -810.272092692446,
      0.14221681742695194
    ],
    [
      -810.1816385256974,
      0.14153160035476012
    ],
    [
      -810.1300727727752,
      0.14153121466500332
    ],
    [
      -809.886063842416,
      0.14152938963766123
    ],
    [
      -809.549935239998,
      0.14152687576409154
    ],
    [
      -808.7359355488862,
      0.14152078865280293
    ],
    [
      -808.6030738961317,
      0.14151979520585742
    ],
    [
      -808.1168148021083,
      0.14151615952871174
    ],
    [
      -807.8851659353832,
      0.1415144276562587
    ],
    [
      -807.0056810517727,
      0.14150785312507907
    ],
    [
      -805.3843044975952,
      0.14149573573183066
    ],
    [
      -805.0238565515073,
      0.1414930424627578
    ],
    [
      -804.3207823964754,
      0.14148778966123224
    ],
    [
      -804.0772668300675,
      0.14148597048639763
    ],
    [
      -803.6594795385854,
      0.14148284963219648
    ],
    [
      -803.4159741547503,
      0.14148103078021207
    ],
    [
      -802.6341177060859,
      0.13892363073405262
    ],
    [
      -802.6061262544619,
      0.13892339667991613
    ],
    [
      -802.5550329160129,
      0.13892296946170266
    ],
    [
      -802.2215786472339,
      0.13892018144426832
    ],
    [
      -801.9802103628135,
      0.1389181635420132
    ],
    [
      -801.0420241949665,
      0.13891032151533506
    ],
    [
      -800.3306940824797,
      0.13890437725683907
    ],
    [
      -799.4721620044172,
      0.1382617984335914
    ],
    [
      -798.7697862641675,
      0.13808737114146064
    ],
    [
      -798.2893223520729,
      0.13808325232552948
    ],
    [
      -796.1374295123651,
      0.13655744779306525
    ],
    [
      -796.0867399773307,
      0.1365569968022023
    ],
    [
      -795.7073256881318,
      0.13638777081905104
    ],
    [
      -795.6795711258227,
      0.13638752311034244
    ],
    [
      -795.5954022647055,
      0.13638677192369272
    ],
    [
      -793.5270498983627,
      0.13557755338836563
    ],
    [
      -793.4488452078991,
      0.1355768468348664
    ],
    [
      -793.4431071616615,
      0.13557679499455264
    ],
    [
      -793.3649029057156,
      0.135576088473101
    ],
    [
      -792.0828541111176,
      0.13556450978170156
    ],
    [
      -790.7154036923813,
      0.13454574526838722
    ],
    [
      -789.0333160426945,
      0.13453041846894015
    ],
    [
      -788.6918097091009,
      0.13452730842544575
    ],
    [
      -788.6081674501805,
      0.13452654679544698
    ],
    [
      -788.4539755445177,
      0.13452514284359393
    ],
    [
      -788.0517827023781,
      0.13436967538579306
    ],
    [
      -788.0088819054864,
      0.13355567109358718
    ],
    [
      -788.0052401128814,
      0.13355435236437738
    ],
    [
      -787.7212415657178,
      0.13355304761872344
    ],
    [
      -787.3904970990288,
      0.13354874607278944
    ],
    [
      -786.6019884325291,
      0.1335428436001489
    ],
    [
      -786.5983530252909,
      0.13354152499501043
    ],
    [
      -786.4690587661848,
      0.13354034669360862
    ],
    [
      -786.3288134881252,
      0.13353906869586293
    ],
    [
      -786.114412608342,
      0.13353840061716712
    ],
    [
      -785.9994888611411,
      0.13353735357700297
    ],
    [
      -785.9920891941728,
      0.13353728616306668
    ],
    [
      -785.7740590983997,
      0.13353529995632835
    ],
    [
      -785.7704274490744,
      0.1335339814249647
    ],
    [
      -784.9181866467416,
      0.13352750567014948
    ],
    [
      -783.3403441640287,
      0.13351314707464956
    ],
    [
      -783.3367235622346,
      0.13351182876340797
    ],
    [
      -781.4248693909342,
      0.13349573435503598
    ],
    [
      -781.4212574853096,
      0.1334944162204519
    ],
    [
      -781.3358081194324,
      0.1334936399126361
    ],
    [
      -780.8874740778313,
      0.13348956745325752
    ],
    [
      -780.418349818897,
      0.13348659261389817
    ]
  ],