{
  "run_id": 6,
  "seed": 37506,
  "pop": 30,
  "ngen": 5,
  "steps": 150,
  "base_seed": 7000,
  "elapsed_s": 1.3204209804534912,
  "hof_fitness": [
    [
      -984.6446749065778,
      0.12318279764616172
    ],
    [
      -982.6115490210925,
      0.1231827976461582
    ],
    [
      -980.8113673326804,
      0.12318279764613922
    ],
    [
      -980.0104104980517,
      0.12318279764612075
    ],
    [
      -980.0104104980517,
      0.12318279764612075
    ]
  ],
  "hall_of_fame": [
    [
      1.0,
      1.0
    ],
    [
      0.0,
      0.7914519626550243
    ],
    [
      0.0,
      0.6067981934695322
    ],
    [
      0.0,
      0.5246399872055986
    ],
    [
      1.0,
      0.5246399872055986
    ]
  ]
}