{
  "run_id": 2,
  "seed": 37502,
  "pop": 30,
  "ngen": 5,
  "steps": 150,
  "base_seed": 7000,
  "elapsed_s": 1.3244709968566895,
  "hof_fitness": [
    [
      -984.452622463729,
      0.12318279764612691
    ]
  ],
  "hall_of_fame": [
    [
      1.0,
      0.9803002065390282
    ]
  ]
}