{
  "run_id": 16,
  "seed": 37516,
  "pop": 30,
  "ngen": 5,
  "steps": 150,
  "base_seed": 7000,
  "elapsed_s": 1.2282650470733643,
  "hof_fitness": [
    [
      -984.1119061260554,
      0.1231827976461645
    ]
  ],
  "hall_of_fame": [
    [
      1.0,
      0.945351203125114
    ]
  ]
}