{
  "run_id": 8,
  "seed": 37508,
  "pop": 30,
  "ngen": 5,
  "steps": 150,
  "base_seed": 7000,
  "elapsed_s": 1.2403678894042969,
  "hof_fitness": [
    [
      -898.5578391021002,
      0.14521078174546892
    ],
    [
      -814.6116643247909,
      0.14318399800311818
    ],
    [
      -814.4883068728531,
      0.1429800665698665
    ],
    [
      -813.3901135993203,
      0.14297253377199895
    ],
    [
      -812.8825294281722,
      0.14296905250473518
    ],
    [
      -812.6814224920412,
      0.14296767328000298
    ],
    [
      -812.249733433726,
      0.14228431280161039
    ],
    [
      -811.1544948968731,
      0.14227646187873805
    ],
    [
      -811.1068635956773,
      0.14227612047987015
    ],
    [
      -807.1996416248438,
      0.1406226494373579
    ],
    [
      -805.7442000949148,
      0.14031042390799747
    ],
    [
      -805.2133625461995,
      0.1403062172252763
    ],
    [
      -805.166072944773,
      0.14030584250115216
    ],
    [
      -804.5959639497449,
      0.13972225707576666
    ],
    [
      -803.5108349128824,
      0.13971344570611
    ],
    [
      -803.4636432843621,
      0.13971306256569804
    ],
    [
      -803.0092893374381,
      0.13970937400691166
    ],
    [
      -802.8105749727289,
      0.13970776094205647
    ],
    [
      -799.2273293704976,
      0.1396786893871458
    ],
    [
      -798.0802598687949,
      0.13966938918661628
    ],
    [
      -797.8881530135553,
      0.13966783191804233
    ],
    [
      -797.5592552790949,
      0.1371802322953689
    ],
    [
      -795.9861855510071,
      0.13716642299637008
    ],
    [
      -795.789175150964,
      0.1371646941283431
    ],
    [
      -794.5769080766532,
      0.13648062379618472
    ],
    [
      -794.1664322385038,
      0.13631101120870215
    ],
    [
      -793.4741580331886,
      0.13630483024755413
    ],
    [
      -792.4925986431779,
      0.1352996052611981
    ],
    [
      -791.3769839318246,
      0.13528949835029783
    ],
    [
      -790.9293337289074,
      0.13528544441549611
    ],
    [
      -790.8828398976302,
      0.13528502341680568
    ],
    [
      -790.6794069285921,
      0.13462785370776287
    ],
    [
      -789.5662975908623,
      0.1346177155495889
    ],
    [
      -789.1196527386987,
      0.13461364920544755
    ],
    [
      -788.9243100593043,
      0.13461187106907876
    ],
    [
      -787.9586371212998,
      0.13460308358863254
    ],
    [
      -787.7899741086906,
      0.13356963237344419
    ],
    [
      -787.7458109683957,
      0.1335536318919795
    ],
    [
      -787.6052981505101,
      0.13355235046521607
    ],
    [
      -787.2545364234946,
      0.13354915211707885
    ],
    [
      -786.6829786359808,
      0.1335439419347773
    ],
    [
      -784.354468420678,
      0.133522734357011
    ],
    [
      -781.4231056549087,
      0.13351711594589824
    ],
    [
      -781.1299788517697,
      0.13350901099649568
    ]
  ],
  "hall_of_fame": [
    [
      0.9905498960631969,
      0.9634321887537777
    ],
    [
      0.871537207089532,
      0.895209158949168
    ],
    [
      0.13152948076244697,
      0.9634321887537777
    ],
    [
      0.13152948076244697,
      0.8301350684259818
    ],
    [
      0.13152948076244697,
      0.7685221253300761
    ],
    [
      0.13152948076244697,
      0.744110280968943
    ],
    [
      0.857825414633251,
      0.9634321887537777
    ],
    [
      0.857825414633251,
      0.8301350684259818
    ],
    [
      0.857825414633251,
      0.8243378432522797
    ],
    [
      0.17042566258952685,
      0.9634321887537777
    ],
    [
      0.823807241964088,
      0.895209158949168
    ],
    [
      0.823807241964088,
      0.8301350684259818
    ],
    [
      0.823807241964088,
      0.8243378432522797
    ],
    [
      0.18786841055338477,
      0.9634321887537777
    ],
    [
      0.18786841055338477,
      0.8301350684259818
    ],
    [
      0.18786841055338477,
      0.8243378432522797
    ],
    [
      0.18786841055338477,
      0.7685221253300761
    ],
    [
      0.18786841055338477,
      0.744110280968943
    ],
    [
      0.18786841055338477,
      0.3038589716866532
    ],
    [
      0.18786841055338477,
      0.1629042284197154
    ],
    [
      0.18786841055338477,
      0.13929664949573572
    ],
    [
      0.7500458612732138,
      0.9634321887537777
    ],
    [
      0.7500458612732138,
      0.7685221253300761
    ],
    [
      0.7500458612732138,
      0.744110280968943
    ],
    [
      0.2719393871237721,
      0.8243378432522797
    ],
    [
      0.2778773887711634,
      0.8301350684259818
    ],
    [
      0.2778773887711634,
      0.744110280968943
    ],
    [
      0.31966935224921605,
      0.9634321887537777
    ],
    [
      0.31966935224921605,
      0.8243378432522797
    ],
    [
      0.31966935224921605,
      0.7685221253300761
    ],
    [
      0.31966935224921605,
      0.762724900156374
    ],
    [
      0.6436838034162613,
      0.9634321887537777
    ],
    [
      0.6436838034162613,
      0.8243378432522797
    ],
    [
      0.6436838034162613,
      0.7685221253300761
    ],
    [
      0.6436838034162613,
      0.744110280968943
    ],
    [
      0.6436838034162613,
      0.6234261217107868
    ],
    [
      0.4810756992096671,
      0.9634321887537777
    ],
    [
      0.4941338856636458,
      0.9634321887537777
    ],
    [
      0.4941338856636458,
      0.9458100535014008
    ],
    [
      0.4941338856636458,
      0.901819245657872
    ],
    [
      0.4941338856636458,
      0.8301350684259818
    ],
    [
      0.4941338856636458,
      0.5380674122270989
    ],
    [
      0.4782984565594395,
      0.1629042284197154
    ],
    [
      0.4810756992096671,
      0.1280459539063783
    ]
  ]
}