{
  "run_id": 4,
  "seed": 6004,
  "steps": 140,
  "n_eval": 20,
  "elapsed_s": 33.702666997909546,
  "hof_fitness": [
    [
      -868.7984583072991,
      0.15105015187357518
    ],
    [
      -846.586556488595,
      0.15088234445311108
    ],
    [
      -846.55896835039,
      0.15088229240851167
    ],
    [
      -846.1055209959374,
      0.15088143675696883
    ],
    [
      -845.9214842658181,
      0.1508810893574658
    ],
    [
      -845.2662574223544,
      0.15087985193017733
    ],
    [
      -843.9247100158988,
      0.1508773155357757
    ],
    [
      -843.1830323071683,
      0.15087591166132613
    ],
    [
      -843.1720545780174,
      0.15087589087361636
    ],
    [
      -842.2558633042139,
      0.15087415506003274
    ],
    [
      -840.4650791495824,
      0.1502775681815834
    ],
    [
      -837.0854430013391,
      0.1502680953913073
    ],
    [
      -837.074542332841,
      0.15026806480649008
    ],
    [
      -836.9012120300482,
      0.1502675784539051
    ],
    [
      -836.3381051011768,
      0.15026599806548577
    ],
    [
      -835.7220966844692,
      0.14964258177305606
    ],
    [
      -835.0653139776056,
      0.14964027090069132
    ],
    [
      -833.9742191680212,
      0.14963643063021217
    ],
    [
      -832.3609995526207,
      0.14963074973768398
    ],
    [
      -832.3501586887526,
      0.14963071155020333
    ],
    [
      -832.1777793403722,
      0.14963010431430754
    ],
    [
      -831.4453905430004,
      0.14962752390633222
    ],
    [
      -828.8699149641036,
      0.1496184441215417
    ],
    [
      -827.902041509569,
      0.1496150296282347
    ],
    [
      -815.8025879758463,
      0.14547270182109046
    ],
    [
      -815.7759765959751,
      0.14547252997744292
    ],
    [
      -815.3385838658635,
      0.14546970556207486
    ],
    [
      -815.1610632561952,
      0.14546855927405775
    ],
    [
      -814.5290365829991,
      0.14546447829363535
    ],
    [
      -813.599913319811,
      0.14545847939157153
    ],
    [
      -812.5089932706212,
      0.145451436491134
    ],
    [
      -812.3406195293061,
      0.1454503495448001
    ],
    [
      -808.691901005333,
      0.14347170033446938
    ],
    [
      -808.6655161685538,
      0.1434715059362857
    ],
    [
      -808.231847033583,
      0.14346831089890774
    ],
    [
      -806.999165822012,
      0.14345923071949024
    ],
    [
      -806.5079792637206,
      0.14345561317624628
    ],
    [
      -805.4263481133404,
      0.14344764834345708
    ],
    [
      -805.2594080970575,
      0.14344641920024073
    ],
    [
      -804.5501302123649,
      0.14344119740882194
    ],
    [
      -803.852127866929,
      0.14199632485939456
    ],
    [
      -803.1468353111633,
      0.14199075715725468
    ],
    [
      -803.0365117130291,
      0.1419898863436238
    ],
    [
      -802.441576942905,
      0.14198519083115504
    ],
    [
      -801.1872672934932,
      0.1412964656507533
    ],
    [
      -801.0127579299021,
      0.14129505204991147
    ],
    [
      -799.4780911222155,
      0.1412826239780937
    ],
    [
      -798.7482658679687,
      0.1403723626280843
    ],
    [
      -798.1198513522972,
      0.14036712609159724
    ],
    [
      -798.1031286144918,
      0.14016390780075355
    ],
    [
      -796.6222259520906,
      0.14015150303928864
    ],
    [
      -794.8897628125977,
      0.14013700000700507
    ],
    [
      -794.7145967852865,
      0.14013553416887406
    ],
    [
      -794.0144041811968,
      0.14012967574477714
    ],
    [
      -793.3142456540518,
      0.14012381917801492
    ],
    [
      -792.8598125464649,
      0.13846211823208673
    ],
    [
      -792.8339331291645,
      0.1384618947322148
    ],
    [
      -792.1639596995116,
      0.13845610969447147
    ],
    [
      -791.6212925019796,
      0.1384514253059344
    ],
    [
      -791.1937776328655,
      0.1379869490613128
    ],
    [
      -790.9437047536682,
      0.13798478158066102
    ],
    [
      -790.5302134579074,
      0.13771118762648496
    ],
    [
      -789.7278298572818,
      0.13770422532800097
    ],
    [
      -787.336441571437,
      0.13768349333127367
    ],
    [
      -787.1731715396164,
      0.13768207886148293
    ],
    [
      -786.6427487911402,
      0.13767748448264192
    ],
    [
      -786.5294962084133,
      0.13747545822624835
    ]
  ],