{
  "run_id": 9,
  "seed": 6009,
  "steps": 140,
  "n_eval": 20,
  "elapsed_s": 29.226598501205444,
  "hof_fitness": [
    [
      -897.190852071822,
      0.14661314005866852
    ],
    [
      -812.9624818346207,
      0.14465829527688043
    ],
    [
      -811.9370346782348,
      0.14436967702048606
    ],
    [
      -811.9202301500408,
      0.14436955957753955
    ],
    [
      -811.4242595444704,
      0.1442283060543161
    ],
    [
      -809.0798647891369,
      0.14354190603901426
    ],
    [
      -809.0631180295003,
      0.14354178311065044
    ],
    [
      -808.644067021058,
      0.14341277638452507
    ],
    [
      -808.6273290753002,
      0.14341265266037015
    ],
    [
      -808.2004378727653,
      0.1432854647329132
    ],
    [
      -805.5994813016604,
      0.1432661149379665
    ],
    [
      -804.8959975322882,
      0.14326088322760308
    ],
    [
      -804.810180569499,
      0.14326024507285556
    ],
    [
      -804.4794269460889,
      0.14313547501179538
    ],
    [
      -804.3936533927996,
      0.1431348330697938
    ],
    [
      -803.9855037529837,
      0.14301133495753554
    ],
    [
      -802.0678687719738,
      0.14138749028088976
    ],
    [
      -802.0512639091686,
      0.14138735614504197
    ],
    [
      -800.5487034445067,
      0.1413752211981992
    ],
    [
      -800.4635145805331,
      0.1413745333693952
    ],
    [
      -800.3839827191873,
      0.14137389123276942
    ],
    [
      -800.3783262174255,
      0.14137384556305135
    ],
    [
      -800.0446974417232,
      0.14137115203934605
    ],
    [
      -799.7531679540715,
      0.14136879863211285
    ],
    [
      -799.4696575113361,
      0.1413665101666193
    ],
    [
      -798.7459354980089,
      0.14136066928703822
    ],
    [
      -798.6862296000255,
      0.14136018748331652
    ],
    [
      -797.4915986900145,
      0.14064406020578374
    ],
    [
      -796.866612495695,
      0.13972029787081877
    ],
    [
      -795.2889067640403,
      0.139706945369598
    ],
    [
      -793.5228656357032,
      0.13969200916263508
    ],
    [
      -793.4049458870545,
      0.13962668237977824
    ],
    [
      -793.3203275196216,
      0.13962596598603746
    ],
    [
      -791.8811502730041,
      0.13810329603510627
    ],
    [
      -791.18954713204,
      0.13787553092876675
    ],
    [
      -791.173162749355,
      0.13787538880194947
    ],
    [
      -790.2212017670353,
      0.13756531658200916
    ],
    [
      -790.2048370313784,
      0.13756517450251177
    ],
    [
      -789.9923112954762,
      0.13749735918589528
    ],
    [
      -789.9685639885099,
      0.1374897881911114
    ],
    [
      -788.4279364478098,
      0.13748378258843758
    ],
    [
      -788.4042352211823,
      0.13747621196873822
    ],
    [
      -788.3258765840216,
      0.13747553223921655
    ],
    [
      -788.3203035250931,
      0.13747548389632994
    ],
    [
      -786.6531695862338,
      0.13746102936505847
    ]
  ],
  "hall_of_fame": [
    [
      0.9879155933541218,
      0.7920437829357857
    ],
    [
      0.15812706455024855,
      1.0
    ],
    [
      0.1637145050920601,
      1.0
    ],
    [
      0.1637145050920601,
      0.9979563196420602
    ],
    [
      0.16650822536296586,
      0.9979563196420602
    ],
    [
      0.1807001004872888,
      1.0
    ],
    [
      0.1807001004872888,
      0.9979563196420602
    ],
    [
      0.18349382075819456,
      1.0
    ],
    [
      0.18349382075819456,
      0.9979563196420602
    ],
    [
      0.18628754102910033,
      0.9979563196420602
    ],
    [
      0.18628754102910033,
      0.6801908722433831
    ],
    [
      0.18628754102910033,
      0.5942348303930012
    ],
    [
      0.18628754102910033,
      0.5837488968362116
    ],
    [
      0.1890812613000061,
      0.5942348303930012
    ],
    [
      0.1890812613000061,
      0.5837488968362116
    ],
    [
      0.19187498157091187,
      0.5837488968362116
    ],
    [
      0.7657663153057706,
      1.0
    ],
    [
      0.7657663153057706,
      0.9979563196420602
    ],
    [
      0.7657663153057706,
      0.8130156500493649
    ],
    [
      0.7657663153057706,
      0.8025297164925753
    ],
    [
      0.7657663153057706,
      0.792740050151714
    ],
    [
      0.7657663153057706,
      0.7920437829357857
    ],
    [
      0.7657663153057706,
      0.7509764399089986
    ],
    [
      0.7657663153057706,
      0.715090447629854
    ],
    [
      0.7657663153057706,
      0.6801908722433831
    ],
    [
      0.7657663153057706,
      0.5910990285941251
    ],
    [
      0.7657663153057706,
      0.5837488968362116
    ],
    [
      0.7431932793687304,
      0.715090447629854
    ],
    [
      0.7080279932152269,
      0.9979563196420602
    ],
    [
      0.7080279932152269,
      0.8025297164925753
    ],
    [
      0.7080279932152269,
      0.5837488968362116
    ],
    [
      0.7052342729443212,
      0.5942348303930012
    ],
    [
      0.7052342729443212,
      0.5837488968362116
    ],
    [
      0.3858738347577528,
      0.9979563196420602
    ],
    [
      0.408446870694793,
      1.0
    ],
    [
      0.408446870694793,
      0.9979563196420602
    ],
    [
      0.5433975395458545,
      1.0
    ],
    [
      0.5433975395458545,
      0.9979563196420602
    ],
    [
      0.5208245036088143,
      0.9979563196420602
    ],
    [
      0.5164664941557322,
      0.9979563196420602
    ],
    [
      0.5208245036088143,
      0.8025297164925753
    ],
    [
      0.5164664941557322,
      0.8025297164925753
    ],
    [
      0.5164664941557322,
      0.792740050151714
    ],
    [
      0.5164664941557322,
      0.7920437829357857
    ],
    [
      0.5164664941557322,
      0.5837488968362116
    ]
  ]
}