{
  "run_id": 8,
  "seed": 6008,
  "steps": 140,
  "n_eval": 20,
  "elapsed_s": 34.595898389816284,
  "hof_fitness": [
    [
      -898.1066193576484,
      0.14673180984234652
    ],
    [
      -813.5299256896743,
      0.14589044428465434
    ],
    [
      -812.9234793020044,
      0.14474916832813853
    ],
    [
      -812.5026317795781,
      0.14474630120499127
    ],
    [
      -811.2545148939904,
      0.14473779906095074
    ],
    [
      -810.4699161913451,
      0.1447324551186554
    ],
    [
      -810.422721357758,
      0.1440405323174806
    ],
    [
      -810.0031383089665,
      0.14403754011706021
    ],
    [
      -808.9677502217494,
      0.14361607455641856
    ],
    [
      -808.5489031187612,
      0.14361301338961482
    ],
    [
      -807.7496864797818,
      0.1436071729689621
    ],
    [
      -807.3067192874637,
      0.14360393630033783
    ],
    [
      -806.5258505366836,
      0.14359823134144267
    ],
    [
      -806.0071659511609,
      0.14359444236116878
    ],
    [
      -805.4067095625992,
      0.14254360349351186
    ],
    [
      -804.0600302639137,
      0.14212705546447185
    ],
    [
      -802.2627402296034,
      0.1415632186129801
    ],
    [
      -799.4379983034031,
      0.14141591187144661
    ],
    [
      -798.7838932439134,
      0.14045156245020735
    ],
    [
      -796.0289077688265,
      0.13955914268175001
    ],
    [
      -794.3938648122586,
      0.13954526198082112
    ],
    [
      -793.8640734300064,
      0.13885549856708373
    ],
    [
      -793.7785800057334,
      0.13882772792766102
    ],
    [
      -793.3674269548941,
      0.13882419336006105
    ],
    [
      -792.896697274275,
      0.13854152704994757
    ],
    [
      -792.4859915675496,
      0.1385379838741376
    ],
    [
      -791.2679542369807,
      0.13852747996572037
    ],
    [
      -790.8443708788725,
      0.13852382859315163
    ],
    [
      -790.7773092872227,
      0.13785706245691015
    ],
    [
      -790.3676789524993,
      0.13785350993648257
    ],
    [
      -790.1881986494171,
      0.13766807863459402
    ],
    [
      -790.0250045930364,
      0.13761585238818846
    ],
    [
      -789.6157560756112,
      0.13761230064355728
    ],
    [
      -789.5814123418855,
      0.1374741933178152
    ],
    [
      -789.1723889856826,
      0.13747064308976323
    ],
    [
      -788.3919181577675,
      0.1374638710647153
    ],
    [
      -787.9593413040858,
      0.13746011895134375
    ],
    [
      -787.5374932361078,
      0.13745646078360813
    ],
    [
      -787.4679822425768,
      0.13745585808445232
    ],
    [
      -787.1967895522082,
      0.1374535069193099
    ],
    [
      -786.6902723968801,
      0.1374491165243838
    ],
    [
      -785.9567007745605,
      0.13744276029922659
    ]
  ],
  "hall_of_fame": [
    [
      0.012288920467318887,
      0.9545196193557591
    ],
    [
      0.8645904785953175,
      0.5016294506704174
    ],
    [
      0.8436484020422772,
      0.9545196193557591
    ],
    [
      0.8436484020422772,
      0.9034199706469626
    ],
    [
      0.8436484020422772,
      0.751864112252815
    ],
    [
      0.8436484020422772,
      0.6565856656064374
    ],
    [
      0.8297659767588368,
      0.9545196193557591
    ],
    [
      0.8297659767588368,
      0.9034199706469626
    ],
    [
      0.17905629188199224,
      0.9545196193557591
    ],
    [
      0.17905629188199224,
      0.9034199706469626
    ],
    [
      0.17905629188199224,
      0.8059109368125367
    ],
    [
      0.17905629188199224,
      0.751864112252815
    ],
    [
      0.17905629188199224,
      0.6565856656064374
    ],
    [
      0.17905629188199224,
      0.5932950856986279
    ],
    [
      0.7965652395781067,
      0.9545196193557591
    ],
    [
      0.21388079371847285,
      0.9545196193557591
    ],
    [
      0.7708922444608289,
      0.9545196193557591
    ],
    [
      0.2327572178064914,
      0.6565856656064374
    ],
    [
      0.7360677426243483,
      0.9545196193557591
    ],
    [
      0.7012432407878676,
      0.9545196193557591
    ],
    [
      0.7012432407878676,
      0.751864112252815
    ],
    [
      0.6664187389513869,
      0.9545196193557591
    ],
    [
      0.3351554595811038,
      0.9545196193557591
    ],
    [
      0.3351554595811038,
      0.9034199706469626
    ],
    [
      0.6473849139519678,
      0.9545196193557591
    ],
    [
      0.6473849139519678,
      0.9034199706469626
    ],
    [
      0.6473849139519678,
      0.751864112252815
    ],
    [
      0.6473849139519678,
      0.6991561587808676
    ],
    [
      0.4101875164951435,
      0.9545196193557591
    ],
    [
      0.4101875164951435,
      0.9034199706469626
    ],
    [
      0.43576249426767844,
      0.9545196193557591
    ],
    [
      0.4450120183316241,
      0.9545196193557591
    ],
    [
      0.4450120183316241,
      0.9034199706469626
    ],
    [
      0.49905659419466597,
      0.9545196193557591
    ],
    [
      0.49905659419466597,
      0.9034199706469626
    ],
    [
      0.49905659419466597,
      0.8059109368125367
    ],
    [
      0.49905659419466597,
      0.751864112252815
    ],
    [
      0.49905659419466597,
      0.6991561587808676
    ],
    [
      0.49905659419466597,
      0.6904709319494994
    ],
    [
      0.49905659419466597,
      0.6565856656064374
    ],
    [
      0.49905659419466597,
      0.5932950856986279
    ],
    [
      0.49905659419466597,
      0.5016294506704174
    ]
  ]
}