{
  "run_id": 6,
  "seed": 6006,
  "steps": 140,
  "n_eval": 20,
  "elapsed_s": 34.98965358734131,
  "hof_fitness": [
    [
      -895.5346678444673,
      0.14697349310729735
    ],
    [
      -818.4882560931509,
      0.1461615003097814
    ],
    [
      -816.8748344946126,
      0.14615167966017756
    ],
    [
      -815.9495015666456,
      0.14614604762521563
    ],
    [
      -815.7337878627658,
      0.14586062247570153
    ],
    [
      -815.6937300987706,
      0.14543884124183698
    ],
    [
      -814.0856846890399,
      0.14542842990326962
    ],
    [
      -813.7013396355958,
      0.14542594167894013
    ],
    [
      -813.163435423052,
      0.14542245947182583
    ],
    [
      -812.9519501864057,
      0.14542109043669976
    ],
    [
      -812.3407992056343,
      0.14452126621367892
    ],
    [
      -810.3564056421343,
      0.144507537021449
    ],
    [
      -809.8206606319907,
      0.1445038311102347
    ],
    [
      -809.6100243425029,
      0.14450237415486017
    ],
    [
      -809.2025773489678,
      0.14449955600280423
    ],
    [
      -807.4617482125979,
      0.14309862864634446
    ],
    [
      -805.8695557240576,
      0.14308666946597665
    ],
    [
      -805.489000015617,
      0.14308381168979156
    ],
    [
      -804.9563993025572,
      0.14307981254343846
    ],
    [
      -804.341943714548,
      0.14307519936531307
    ],
    [
      -802.314244915182,
      0.14150701371853813
    ],
    [
      -800.731977013906,
      0.141494290134541
    ],
    [
      -800.3537935841633,
      0.14149124994365922
    ],
    [
      -799.824513064306,
      0.14148699568830997
    ],
    [
      -799.2138881033185,
      0.14148208846407548
    ],
    [
      -798.8133211233322,
      0.1409999788463034
    ],
    [
      -798.646091246739,
      0.1403334588962912
    ],
    [
      -797.0709010735902,
      0.14032032158314883
    ],
    [
      -796.7488638320358,
      0.13971907918518173
    ],
    [
      -795.177336138113,
      0.13970577952572755
    ],
    [
      -794.801719938005,
      0.1397026019946938
    ],
    [
      -794.2760324561264,
      0.13969815575357497
    ],
    [
      -793.7560796023974,
      0.13874683228209977
    ],
    [
      -792.1903317689198,
      0.13873335940316064
    ],
    [
      -792.0750590575211,
      0.1382024137591234
    ],
    [
      -790.5125590696447,
      0.13818889323023817
    ],
    [
      -789.8403971659229,
      0.13748491896967432
    ],
    [
      -788.2822162277694,
      0.1374713969568542
    ],
    [
      -788.280908871753,
      0.13747097938477856
    ],
    [
      -787.9097902899742,
      0.13746816678060017
    ],
    [
      -787.3885678223521,
      0.13746364718463464
    ],
    [
      -786.7872397033681,
      0.137458434637246
    ],
    [
      -786.0630653051207,
      0.13745215956556628
    ],
    [
      -786.0384744632613,
      0.13745194652768317
    ],
    [
      -784.8264283165249,
      0.13744144988398202
    ],
    [
      -784.6782807597647,
      0.13744016738094017
    ],
    [
      -783.1738764286598,
      0.13742714995735203
    ]
  ],
  "hall_of_fame": [
    [
      0.012690539770867426,
      0.7887956857730237
    ],
    [
      0.13122585754905258,
      0.9834587497688435
    ],
    [
      0.13122585754905258,
      0.7887956857730237
    ],
    [
      0.13122585754905258,
      0.6771427363740531
    ],
    [
      0.13617504151197368,
      0.7887956857730237
    ],
    [
      0.8562693317445457,
      0.9834587497688435
    ],
    [
      0.8562693317445457,
      0.7887956857730237
    ],
    [
      0.8562693317445457,
      0.7422654349457932
    ],
    [
      0.8562693317445457,
      0.6771427363740531
    ],
    [
      0.8562693317445457,
      0.6515381160955933
    ],
    [
      0.16074192081552297,
      0.9834587497688435
    ],
    [
      0.16074192081552297,
      0.7422654349457932
    ],
    [
      0.16074192081552297,
      0.6771427363740531
    ],
    [
      0.16074192081552297,
      0.6515381160955933
    ],
    [
      0.16074192081552297,
      0.6020084641071514
    ],
    [
      0.8095497573470662,
      0.9834587497688435
    ],
    [
      0.8095497573470662,
      0.7887956857730237
    ],
    [
      0.8095497573470662,
      0.7422654349457932
    ],
    [
      0.8095497573470662,
      0.6771427363740531
    ],
    [
      0.8095497573470662,
      0.6020084641071514
    ],
    [
      0.7692429636582927,
      0.9834587497688435
    ],
    [
      0.7692429636582927,
      0.7887956857730237
    ],
    [
      0.7692429636582927,
      0.7422654349457932
    ],
    [
      0.7692429636582927,
      0.6771427363740531
    ],
    [
      0.7692429636582927,
      0.6020084641071514
    ],
    [
      0.2453889605848772,
      0.7422654349457932
    ],
    [
      0.26818447439306403,
      0.9834587497688435
    ],
    [
      0.26818447439306403,
      0.7887956857730237
    ],
    [
      0.29198155775518786,
      0.9834587497688435
    ],
    [
      0.29198155775518786,
      0.7887956857730237
    ],
    [
      0.29198155775518786,
      0.7422654349457932
    ],
    [
      0.29198155775518786,
      0.6771427363740531
    ],
    [
      0.6600290445853891,
      0.9834587497688435
    ],
    [
      0.6600290445853891,
      0.7887956857730237
    ],
    [
      0.37739839346596754,
      0.9834587497688435
    ],
    [
      0.37739839346596754,
      0.7887956857730237
    ],
    [
      0.48628133476569546,
      0.9834587497688435
    ],
    [
      0.48628133476569546,
      0.7887956857730237
    ],
    [
      0.48661231253887105,
      0.7887956857730237
    ],
    [
      0.48628133476569546,
      0.7422654349457932
    ],
    [
      0.48628133476569546,
      0.6771427363740531
    ],
    [
      0.48628133476569546,
      0.6020084641071514
    ],
    [
      0.48628133476569546,
      0.5115206350844669
    ],
    [
      0.48628133476569546,
      0.50844785177836
    ],
    [
      0.48628133476569546,
      0.35698827630570484
    ],
    [
      0.48628133476569546,
      0.3384745853606169
    ],
    [
      0.48628133476569546,
      0.150461313717966
    ]
  ]
}