{
  "run_id": 1,
  "seed": 6001,
  "steps": 140,
  "n_eval": 20,
  "elapsed_s": 35.16150116920471,
  "hof_fitness": [
    [
      -864.327285691619,
      0.15126693993562543
    ],
    [
      -851.1094649384798,
      0.1511733654854606
    ],
    [
      -850.8983232343195,
      0.15117310675082093
    ],
    [
      -850.6411909193396,
      0.15117279151580604
    ],
    [
      -848.8847163935916,
      0.15117063394141578
    ],
    [
      -848.8818053182947,
      0.15117063035950856
    ],
    [
      -848.3643028111222,
      0.15116999328374123
    ],
    [
      -844.7478287326833,
      0.1511655235215317
    ],
    [
      -844.7449183838905,
      0.15116551991207589
    ],
    [
      -843.9947122873475,
      0.15065691075703042
    ],
    [
      -843.7852814799951,
      0.15065643544250185
    ],
    [
      -841.7879927947085,
      0.15065189821059993
    ],
    [
      -841.7851053128928,
      0.15065189164552256
    ],
    [
      -841.2717971291697,
      0.15065072431414037
    ],
    [
      -836.5211806849251,
      0.15063989665802058
    ],
    [
      -829.1340722636011,
      0.14852598365093378
    ],
    [
      -828.928227177068,
      0.14852505403695598
    ],
    [
      -828.6775453159968,
      0.14852392189070238
    ],
    [
      -827.4660260797206,
      0.14824040706636102
    ],
    [
      -827.215774893233,
      0.1482392217075166
    ],
    [
      -825.5034764573569,
      0.14823110999299485
    ],
    [
      -824.9998254691778,
      0.1482287236667306
    ],
    [
      -823.9226984459331,
      0.147497563474891
    ],
    [
      -821.4667895071814,
      0.14748463055087246
    ],
    [
      -816.959057991367,
      0.14746088767828075
    ],
    [
      -811.3576689783024,
      0.14425053600378254
    ],
    [
      -811.156129412324,
      0.14424911697091677
    ],
    [
      -809.2313254401032,
      0.14423556682412414
    ],
    [
      -809.0518794565852,
      0.14423430378365548
    ],
    [
      -808.7373620659183,
      0.14423209012424948
    ],
    [
      -805.2826366711231,
      0.14420778226639774
    ],
    [
      -804.2978205537225,
      0.14420085548898778
    ],
    [
      -804.168594973871,
      0.14419994665396108
    ],
    [
      -804.1658172550781,
      0.1441999271186597
    ],
    [
      -795.9545494604139,
      0.13946922537518786
    ],
    [
      -795.9518220064639,
      0.1394692021689113
    ],
    [
      -795.7540252101385,
      0.139467519305364
    ],
    [
      -793.8649692315228,
      0.13945145425181865
    ],
    [
      -793.3801806596765,
      0.1394473335532173
    ],
    [
      -792.9555990099037,
      0.13849530472972882
    ],
    [
      -792.9528816184935,
      0.13849528126985525
    ],
    [
      -792.5185402422629,
      0.1384915318993078
    ],
    [
      -792.5158229347215,
      0.1384915084451636
    ],
    [
      -791.9237791870802,
      0.13822430779268244
    ],
    [
      -791.6840342639393,
      0.13822223317339824
    ],
    [
      -790.3057059216933,
      0.1382103107864066
    ],
    [
      -790.0436280359573,
      0.13820804478643828
    ],
    [
      -789.9852404789285,
      0.13753902164352977
    ],
    [
      -789.9825330594741,
      0.13753899813899603
    ],
    [
      -789.7861891880752,
      0.13753729366961412
    ],
    [
      -787.911010324642,
      0.13752102461983234
    ],
    [
      -787.4297833215714,
      0.1375168522553894
    ],
    [
      -784.0641467291529,
      0.13748770281860254
    ],
    [
      -783.1047304257152,
      0.13747940351154248
    ],
    [
      -782.9761318101888,
      0.1374782914263419
    ]
  ],
  "hall_of_fame": [
    [
      0.033271630590123724,
      0.9799422457920131
    ],
    [
      0.95116159284224,
      0.9799422457920131
    ],
    [
      0.95116159284224,
      0.9554193861446317
    ],
    [
      0.95116159284224,
      0.9255545659291359
    ],
    [
      0.95116159284224,
      0.721535125932565
    ],
    [
      0.95116159284224,
      0.7211969783919655
    ],
    [
      0.95116159284224,
      0.6610834692464693
    ],
    [
      0.95116159284224,
      0.24093850444572174
    ],
    [
      0.95116159284224,
      0.24060035690512227
    ],
    [
      0.06016217230274434,
      0.9799422457920131
    ],
    [
      0.06016217230274434,
      0.9554193861446317
    ],
    [
      0.06016217230274434,
      0.721535125932565
    ],
    [
      0.06016217230274434,
      0.7211969783919655
    ],
    [
      0.06016217230274434,
      0.6610834692464693
    ],
    [
      0.06016217230274434,
      0.10464864555458353
    ],
    [
      0.09390275136368731,
      0.9799422457920131
    ],
    [
      0.09390275136368731,
      0.9554193861446317
    ],
    [
      0.09390275136368731,
      0.9255545659291359
    ],
    [
      0.9017857342700568,
      0.9554193861446317
    ],
    [
      0.9017857342700568,
      0.9255545659291359
    ],
    [
      0.9017857342700568,
      0.7211969783919655
    ],
    [
      0.9017857342700568,
      0.6610834692464693
    ],
    [
      0.8903753487499857,
      0.9554193861446317
    ],
    [
      0.8903753487499857,
      0.6610834692464693
    ],
    [
      0.8903753487499857,
      0.12071808981866683
    ],
    [
      0.16604516733741803,
      0.9799422457920131
    ],
    [
      0.16604516733741803,
      0.9554193861446317
    ],
    [
      0.16604516733741803,
      0.7211969783919655
    ],
    [
      0.16604516733741803,
      0.6993592995758082
    ],
    [
      0.16604516733741803,
      0.6610834692464693
    ],
    [
      0.16604516733741803,
      0.24060035690512227
    ],
    [
      0.16604516733741803,
      0.12071808981866683
    ],
    [
      0.16604516733741803,
      0.10498679309518301
    ],
    [
      0.16604516733741803,
      0.10464864555458353
    ],
    [
      0.697162573606904,
      0.9802803933326125
    ],
    [
      0.697162573606904,
      0.9799422457920131
    ],
    [
      0.697162573606904,
      0.9554193861446317
    ],
    [
      0.697162573606904,
      0.7211969783919655
    ],
    [
      0.697162573606904,
      0.6610834692464693
    ],
    [
      0.3557998652746913,
      0.9802803933326125
    ],
    [
      0.3557998652746913,
      0.9799422457920131
    ],
    [
      0.3557998652746913,
      0.9258927134697353
    ],
    [
      0.3557998652746913,
      0.9255545659291359
    ],
    [
      0.37547688862920214,
      0.9554193861446317
    ],
    [
      0.37547688862920214,
      0.9255545659291359
    ],
    [
      0.37547688862920214,
      0.7538475576124138
    ],
    [
      0.37547688862920214,
      0.7211969783919655
    ],
    [
      0.5367667176143291,
      0.9802803933326125
    ],
    [
      0.5367667176143291,
      0.9799422457920131
    ],
    [
      0.5367667176143291,
      0.9554193861446317
    ],
    [
      0.5367667176143291,
      0.7211969783919655
    ],
    [
      0.5367667176143291,
      0.6610834692464693
    ],
    [
      0.5367667176143291,
      0.24060035690512227
    ],
    [
      0.5367667176143291,
      0.12071808981866683
    ],
    [
      0.5367667176143291,
      0.10464864555458353
    ]
  ]
}