{
  "run_id": 7,
  "seed": 6007,
  "steps": 140,
  "n_eval": 20,
  "elapsed_s": 32.012542963027954,
  "hof_fitness": [
    [
      -915.7078684364154,
      0.14126032731822727
    ],
    [
      -796.6617338864853,
      0.13995610038834091
    ],
    [
      -796.2659898409314,
      0.13995276972689458
    ],
    [
      -796.2605584918346,
      0.1399527240191856
    ],
    [
      -795.8816515406762,
      0.13994953555619635
    ],
    [
      -795.4973235453432,
      0.13994630196263722
    ],
    [
      -794.7440655342963,
      0.1399399657511276
    ],
    [
      -794.5437114932824,
      0.1392676590561068
    ],
    [
      -794.143580212787,
      0.13926424389138853
    ],
    [
      -793.7656594455151,
      0.13926101884383835
    ],
    [
      -792.6310343966105,
      0.1392513395373452
    ],
    [
      -792.3717684355744,
      0.13856153777249425
    ],
    [
      -792.3550302239126,
      0.13856139343994256
    ],
    [
      -792.3310452928616,
      0.13854832274193107
    ],
    [
      -791.9320051999307,
      0.13854488165670809
    ],
    [
      -791.555115077741,
      0.1385416321906338
    ],
    [
      -791.1728328194126,
      0.13853833684100345
    ],
    [
      -790.805846550335,
      0.13853517392031162
    ],
    [
      -790.4808028672746,
      0.1385323729573938
    ],
    [
      -790.423584475739,
      0.13853187994138236
    ],
    [
      -790.0985495442982,
      0.13852907957303898
    ],
    [
      -790.0086356348346,
      0.13852830498942253
    ],
    [
      -789.7921165472325,
      0.1385264398756251
    ],
    [
      -789.0345262415394,
      0.1374859816230615
    ],
    [
      -789.0178570936118,
      0.13748583697215272
    ],
    [
      -788.6371126499035,
      0.1374825333330061
    ],
    [
      -788.2617587848013,
      0.13747927716235492
    ],
    [
      -787.5155444960691,
      0.1374728058525934
    ],
    [
      -787.1348406928722,
      0.13746950536952768
    ],
    [
      -786.8111307806396,
      0.13746669954956608
    ],
    [
      -786.5059469974881,
      0.13746405477887125
    ],
    [
      -784.4629781451785,
      0.13744636184557296
    ],
    [
      -784.0823567441818,
      0.1374430677714731
    ],
    [
      -783.6691888806895,
      0.13743949282885515
    ],
    [
      -783.2560331003679,
      0.1374359188273573
    ],
    [
      -783.2234774066532,
      0.13743563724008806
    ],
    [
      -782.8428893982021,
      0.137432345766845
    ],
    [
      -782.4297577691835,
      0.13742877364718803
    ],
    [
      -782.0166382083066,
      0.13742520246825002
    ],
    [
      -781.9957879815826,
      0.13742502225230477
    ]
  ],
  "hall_of_fame": [
    [
      0.9935842133768437,
      0.6017598793929333
    ],
    [
      0.7179198754107468,
      0.8795420254306779
    ],
    [
      0.7179198754107468,
      0.8305661540120899
    ],
    [
      0.7179198754107468,
      0.8298939802117039
    ],
    [
      0.7179198754107468,
      0.7830005222405612
    ],
    [
      0.7179198754107468,
      0.7354348904690323
    ],
    [
      0.7179198754107468,
      0.642205631160293
    ],
    [
      0.6880976959636338,
      0.8795420254306779
    ],
    [
      0.6880976959636338,
      0.8298939802117039
    ],
    [
      0.6880976959636338,
      0.7830005222405612
    ],
    [
      0.6880976959636338,
      0.642205631160293
    ],
    [
      0.6490243156700943,
      0.8795420254306779
    ],
    [
      0.6490243156700943,
      0.8774596119832327
    ],
    [
      0.3518323374778374,
      0.8795420254306779
    ],
    [
      0.3518323374778374,
      0.8298939802117039
    ],
    [
      0.3518323374778374,
      0.7830005222405612
    ],
    [
      0.3518323374778374,
      0.7354348904690323
    ],
    [
      0.3518323374778374,
      0.6897712629318218
    ],
    [
      0.3518323374778374,
      0.649325511164462
    ],
    [
      0.3518323374778374,
      0.642205631160293
    ],
    [
      0.3518323374778374,
      0.6017598793929333
    ],
    [
      0.3518323374778374,
      0.5905712702824826
    ],
    [
      0.3518323374778374,
      0.5636280132943701
    ],
    [
      0.5191329198520601,
      0.8795420254306779
    ],
    [
      0.5191329198520601,
      0.8774596119832327
    ],
    [
      0.5191329198520601,
      0.8298939802117039
    ],
    [
      0.5191329198520601,
      0.7830005222405612
    ],
    [
      0.5191329198520601,
      0.6897712629318218
    ],
    [
      0.5191329198520601,
      0.642205631160293
    ],
    [
      0.5191329198520601,
      0.6017598793929333
    ],
    [
      0.5191329198520601,
      0.5636280132943701
    ],
    [
      0.5191329198520601,
      0.3083434726377204
    ],
    [
      0.5191329198520601,
      0.2607778408661916
    ],
    [
      0.5191329198520601,
      0.20914347998838123
    ],
    [
      0.5191329198520601,
      0.15750911911057086
    ],
    [
      0.5191329198520601,
      0.15344039000428927
    ],
    [
      0.5191329198520601,
      0.10587475823276049
    ],
    [
      0.5191329198520601,
      0.05424039735495012
    ],
    [
      0.5191329198520601,
      0.0026060364771397504
    ],
    [
      0.5191329198520601,
      0.0
    ]
  ]
}