{
  "run_id": 5,
  "seed": 6005,
  "steps": 140,
  "n_eval": 20,
  "elapsed_s": 31.290191888809204,
  "hof_fitness": [
    [
      -982.7677762629922,
      0.12754174624446862
    ],
    [
      -980.3522418619502,
      0.1275417462444612
    ]
  ],
  "hall_of_fame": [
    [
      1.0,
      0.993237712331896
    ],
    [
      1.0,
      0.7450075140500304
    ]
  ]
}