{
  "run_id": 0,
  "seed": 6000,
  "steps": 140,
  "n_eval": 20,
  "elapsed_s": 31.084011793136597,
  "hof_fitness": [
    [
      -846.9583008470075,
      0.1509247259200478
    ],
    [
      -846.510273723034,
      0.15092391689877868
    ],
    [
      -846.0361480217013,
      0.15092306028206964
    ],
    [
      -845.6603789262952,
      0.1509223810274046
    ],
    [
      -845.5742711161217,
      0.15092222533308375
    ],
    [
      -845.2657507261687,
      0.15092166735723986
    ],
    [
      -845.0271762211034,
      0.1509212357428496
    ],
    [
      -843.4779153284255,
      0.15091842995886268
    ],
    [
      -840.5471741367437,
      0.15030530107138637
    ],
    [
      -840.5233761583874,
      0.15030523528615583
    ],
    [
      -839.6080225342852,
      0.1503027042179617
    ],
    [
      -838.8433059658197,
      0.15030058857862544
    ],
    [
      -838.6064907350868,
      0.15029993321042442
    ],
    [
      -837.0686552088149,
      0.15029567503416313
    ],
    [
      -836.5298957531501,
      0.14978608456627687
    ],
    [
      -836.5062076840546,
      0.1497860047757754
    ],
    [
      -836.0872252482297,
      0.14978459335027688
    ],
    [
      -835.6424551815404,
      0.14978309478085275
    ],
    [
      -835.6187684386463,
      0.14978301496491855
    ],
    [
      -834.1795371722015,
      0.14977816377176772
    ],
    [
      -833.0911275090527,
      0.14977449313906316
    ],
    [
      -830.0452511818842,
      0.14976421212317126
    ],
    [
      -830.021572779908,
      0.14976413214828202
    ],
    [
      -829.997894413132,
      0.14976405217272248
    ],
    [
      -825.61048537766,
      0.14906638106293674
    ],
    [
      -819.8293564509111,
      0.14654039620884737
    ],
    [
      -819.8061290621623,
      0.14654025990385483
    ],
    [
      -818.9359491760446,
      0.1465351534788715
    ],
    [
      -817.9584318004804,
      0.1465294172677183
    ],
    [
      -817.5247114278302,
      0.14652687216791363
    ],
    [
      -813.4244214303941,
      0.14650281244170968
    ],
    [
      -806.1518067009858,
      0.14276539203868713
    ],
    [
      -802.7726949341869,
      0.14170364982382871
    ],
    [
      -802.7499402467528,
      0.1417034681386436
    ],
    [
      -802.727185595002,
      0.14170328645498925
    ],
    [
      -802.3247132426205,
      0.14170007313257654
    ],
    [
      -801.8747166808492,
      0.1416964808339461
    ],
    [
      -800.9170962816967,
      0.14168883780080763
    ],
    [
      -800.49220456797,
      0.1416854473198526
    ],
    [
      -799.6832913042231,
      0.14072741291949523
    ],
    [
      -799.660621684481,
      0.1407272258886611
    ],
    [
      -799.2596533561847,
      0.14072391803104994
    ],
    [
      -798.8113384651333,
      0.1407202201299635
    ],
    [
      -797.8799637252199,
      0.1407125395930821
    ],
    [
      -797.8572969420043,
      0.14071235270380453
    ],
    [
      -797.4339932360637,
      0.14070886280687236
    ],
    [
      -796.0055901593336,
      0.13953070703265008
    ],
    [
      -795.9830231651557,
      0.1395305152698699
    ],
    [
      -795.9604562066653,
      0.1395303235092062
    ],
    [
      -795.561303723283,
      0.13952693204819674
    ],
    [
      -795.1150191527322,
      0.13952314079599185
    ],
    [
      -794.7613162972846,
      0.13952013654431
    ],
    [
      -794.3898624701451,
      0.13951698200206325
    ],
    [
      -793.7439120136113,
      0.13951149749290565
    ],
    [
      -793.3915596542139,
      0.13919179149497235
    ],
    [
      -792.748643375895,
      0.1384799171315542
    ],
    [
      -792.7261662076493,
      0.13847972306892659
    ],
    [
      -792.3286019096237,
      0.1384762909444093
    ],
    [
      -791.9065689409891,
      0.13847264831570266
    ],
    [
      -791.8840931090239,
      0.13847245434459912
    ],
    [
      -791.4510689709566,
      0.13846871767300506
    ],
    [
      -789.6512242526337,
      0.13747616651307187
    ],
    [
      -789.6288337078712,
      0.13747597213989377
    ],
    [
      -789.6064431987851,
      0.13747577776947525
    ],
    [
      -789.2104117037997,
      0.13747234025539792
    ],
    [
      -788.7676167482898,
      0.1374684977515755
    ],
    [
      -787.4072313059968,
      0.13745669857015436
    ],
    [
      -786.3787358003322,
      0.13744787189369972
    ],
    [
      -784.6062666909766,
      0.13743252113917886
    ],
    [
      -783.9653575318426,
      0.1374268863862655
    ],
    [
      -783.4547186613084,
      0.13742246838646419
    ]
  ],