{
  "run_id": 2,
  "seed": 6002,
  "steps": 140,
  "n_eval": 20,
  "elapsed_s": 29.838563919067383,
  "hof_fitness": [
    [
      -901.4609420692866,
      0.1457585178546474
    ],
    [
      -815.3541662052884,
      0.14561267756597962
    ],
    [
      -814.8782192771555,
      0.14560964064145854
    ],
    [
      -814.4867697226729,
      0.14560714296624336
    ],
    [
      -813.7401022351149,
      0.1456023790154583
    ],
    [
      -813.7273047643412,
      0.1456022973664838
    ],
    [
      -812.3308043581023,
      0.14559338808693983
    ],
    [
      -810.9165200026622,
      0.14558436639276748
    ],
    [
      -809.3383788835107,
      0.14557430070449812
    ],
    [
      -808.3909141513651,
      0.1436693320540428
    ],
    [
      -807.9189370029612,
      0.14366589444139072
    ],
    [
      -807.5307525573679,
      0.1436630673618655
    ],
    [
      -802.4253136298884,
      0.14362590511223153
    ],
    [
      -799.5387023989624,
      0.14093487478299013
    ],
    [
      -799.0717789852519,
      0.1409310488822068
    ],
    [
      -798.6877511840844,
      0.14092790266906444
    ],
    [
      -798.1528117531872,
      0.14092352076879927
    ],
    [
      -797.9426860232708,
      0.14092179976315772
    ],
    [
      -796.7793007786111,
      0.14019177769384547
    ],
    [
      -796.3963510867401,
      0.14018857423049597
    ],
    [
      -795.1328160004082,
      0.1395099199072017
    ],
    [
      -794.28645420029,
      0.1395027297809261
    ],
    [
      -793.545407603113,
      0.1394964364486935
    ],
    [
      -791.9559895264396,
      0.13948294496146993
    ],
    [
      -790.802797893666,
      0.13947316196780926
    ],
    [
      -790.0405963000809,
      0.1380026350089219
    ],
    [
      -790.0165000256039,
      0.13785014524689748
    ],
    [
      -789.5550215440039,
      0.13784614475157003
    ],
    [
      -789.1356562478503,
      0.13756757920656112
    ],
    [
      -788.6746819138134,
      0.13756358006315092
    ],
    [
      -785.9823012142219,
      0.1375402431003123
    ],
    [
      -784.8376309774208,
      0.13753033198436437
    ],
    [
      -783.3091529336821,
      0.13751710756357602
    ]
  ],
  "hall_of_fame": [
    [
      0.989181907148766,
      0.8597381323157371
    ],
    [
      0.14054343362951072,
      0.8597381323157371
    ],
    [
      0.14054343362951072,
      0.8021673661804832
    ],
    [
      0.14054343362951072,
      0.7548160756624744
    ],
    [
      0.14054343362951072,
      0.6644927959402472
    ],
    [
      0.14054343362951072,
      0.6629446654229241
    ],
    [
      0.14054343362951072,
      0.49399986443284816
    ],
    [
      0.14054343362951072,
      0.32288763982454605
    ],
    [
      0.14054343362951072,
      0.1319316709916215
    ],
    [
      0.8221933254582332,
      0.8597381323157371
    ],
    [
      0.8221933254582332,
      0.8021673661804832
    ],
    [
      0.8221933254582332,
      0.7548160756624744
    ],
    [
      0.8221933254582332,
      0.1319316709916215
    ],
    [
      0.2476753009776529,
      0.8597381323157371
    ],
    [
      0.2476753009776529,
      0.8021673661804832
    ],
    [
      0.2476753009776529,
      0.7548160756624744
    ],
    [
      0.2476753009776529,
      0.688855022652028
    ],
    [
      0.2476753009776529,
      0.6629446654229241
    ],
    [
      0.7270992229239045,
      0.8021673661804832
    ],
    [
      0.7270992229239045,
      0.7548160756624744
    ],
    [
      0.6993558465414103,
      0.8597381323157371
    ],
    [
      0.6993558465414103,
      0.7548160756624744
    ],
    [
      0.6993558465414103,
      0.6629446654229241
    ],
    [
      0.6993558465414103,
      0.4658801643134659
    ],
    [
      0.6993558465414103,
      0.32288763982454605
    ],
    [
      0.3938679790238918,
      0.8021673661804832
    ],
    [
      0.4102252827152867,
      0.8597381323157371
    ],
    [
      0.4102252827152867,
      0.8021673661804832
    ],
    [
      0.5462491535165114,
      0.8597381323157371
    ],
    [
      0.5462491535165114,
      0.8021673661804832
    ],
    [
      0.5462491535165114,
      0.4658801643134659
    ],
    [
      0.5462491535165114,
      0.32288763982454605
    ],
    [
      0.5462491535165114,
      0.1319316709916215
    ]
  ]
}