{
  "run_id": 3,
  "seed": 6003,
  "steps": 140,
  "n_eval": 20,
  "elapsed_s": 37.03062868118286,
  "hof_fitness": [
    [
      -894.0468742412492,
      0.14757309979128233
    ],
    [
      -822.8317881600193,
      0.14727958462915772
    ],
    [
      -822.1043698862173,
      0.14727564953620215
    ],
    [
      -821.0923128035777,
      0.1472701744438542
    ],
    [
      -820.1694441254255,
      0.1472651816506785
    ],
    [
      -819.8540356153678,
      0.14726347522253136
    ],
    [
      -818.6373195450743,
      0.14725689232287728
    ],
    [
      -817.721806975591,
      0.14725193883893867
    ],
    [
      -816.3978587699968,
      0.14724477515262976
    ],
    [
      -816.2284218470127,
      0.14724385832805814
    ],
    [
      -814.519197898153,
      0.14646852275860806
    ],
    [
      -807.0601335105753,
      0.1430783459200055
    ],
    [
      -806.3463288279345,
      0.14307297955986767
    ],
    [
      -804.4476186834291,
      0.1430587093103774
    ],
    [
      -804.1381141054208,
      0.14305638372623608
    ],
    [
      -802.9441742692981,
      0.14304741410996333
    ],
    [
      -802.045800932461,
      0.14304066656467956
    ],
    [
      -801.9297019101306,
      0.1430397946624423
    ],
    [
      -800.5803758371218,
      0.14302966291724303
    ],
    [
      -798.2347422080277,
      0.1403073148093741
    ],
    [
      -795.3439779755153,
      0.14028319968762232
    ],
    [
      -794.1628108794051,
      0.1402733537537134
    ],
    [
      -793.2740490246546,
      0.1402659481161525
    ],
    [
      -793.159192162249,
      0.1402649912476748
    ],
    [
      -791.824303461426,
      0.14025387336166176
    ],
    [
      -789.965993575117,
      0.13762931883767388
    ],
    [
      -789.5010665854575,
      0.13748079150333176
    ],
    [
      -788.8024632974733,
      0.13747472864653437
    ],
    [
      -787.8304989379939,
      0.13746629739988533
    ],
    [
      -786.9441922416555,
      0.1374586132276851
    ],
    [
      -786.6412800461458,
      0.13745598789954233
    ],
    [
      -785.4727721770928,
      0.13744586470710357
    ],
    [
      -784.4799105904526,
      0.13743726846604304
    ],
    [
      -783.1593308069754,
      0.13742584232267524
    ],
    [
      -782.7321840156695,
      0.13742214832293648
    ]
  ],
  "hall_of_fame": [
    [
      0.9861726544741569,
      0.9415439588510607
    ],
    [
      0.11302698994425031,
      0.9415439588510607
    ],
    [
      0.11302698994425031,
      0.8542678377147956
    ],
    [
      0.11302698994425031,
      0.7328336578892597
    ],
    [
      0.11302698994425031,
      0.6220939678573656
    ],
    [
      0.11302698994425031,
      0.5842449715235735
    ],
    [
      0.11302698994425031,
      0.4382318378301606
    ],
    [
      0.11302698994425031,
      0.32835726710064284
    ],
    [
      0.11302698994425031,
      0.16945299737699837
    ],
    [
      0.11302698994425031,
      0.14911567622955824
    ],
    [
      0.8744078045554556,
      0.34072748179800927
    ],
    [
      0.8091484021875701,
      0.9415439588510607
    ],
    [
      0.8091484021875701,
      0.8542678377147956
    ],
    [
      0.8091484021875701,
      0.6220939678573656
    ],
    [
      0.8091484021875701,
      0.5842449715235735
    ],
    [
      0.8091484021875701,
      0.4382318378301606
    ],
    [
      0.8091484021875701,
      0.32835726710064284
    ],
    [
      0.8091484021875701,
      0.31415741396410213
    ],
    [
      0.8091484021875701,
      0.14911567622955824
    ],
    [
      0.7309763107400902,
      0.9415439588510607
    ],
    [
      0.7309763107400902,
      0.5842449715235735
    ],
    [
      0.7309763107400902,
      0.4382318378301606
    ],
    [
      0.7309763107400902,
      0.32835726710064284
    ],
    [
      0.7309763107400902,
      0.31415741396410213
    ],
    [
      0.7309763107400902,
      0.14911567622955824
    ],
    [
      0.5576861409195168,
      0.9415439588510607
    ],
    [
      0.4872680719749586,
      0.9415439588510607
    ],
    [
      0.4872680719749586,
      0.8542678377147956
    ],
    [
      0.4872680719749586,
      0.7328336578892597
    ],
    [
      0.4872680719749586,
      0.6220939678573656
    ],
    [
      0.4872680719749586,
      0.5842449715235735
    ],
    [
      0.4872680719749586,
      0.4382318378301606
    ],
    [
      0.4872680719749586,
      0.31415741396410213
    ],
    [
      0.4872680719749586,
      0.14911567622955824
    ],
    [
      0.4872680719749586,
      0.09572896683769216
    ]
  ]
}