{
  "run_id": 0,
  "seed": 38000,
  "pop": 30,
  "ngen": 10,
  "steps": 150,
  "base_seed": 7000,
  "elapsed_s": 2.2446467876434326,
  "hof_fitness": [
    [
      -984.3947495784683,
      0.12318279764615747
    ],
    [
      -975.5687029043463,
      0.12318279764615683
    ],
    [
      -975.567846618361,
      0.12318279764614797
    ]
  ],
  "hall_of_fame": [
    [
      0.0,
      0.974363891074215
    ],
    [
      0.0,
      0.06903150386464907
    ],
    [
      0.0,
      0.06894367026654058
    ]
  ]
}