{
  "run_id": 9,
  "seed": 38009,
  "pop": 30,
  "ngen": 10,
  "steps": 150,
  "base_seed": 7000,
  "elapsed_s": 2.256938934326172,
  "hof_fitness": [
    [
      -843.3468141402147,
      0.14909343293633073
    ],
    [
      -843.2985941352788,
      0.14909331119385694
    ],
    [
      -843.2914294878194,
      0.14909329310472821
    ],
    [
      -843.0291390343884,
      0.14909263082174679
    ],
    [
      -841.9372052091987,
      0.14908987246806074
    ],
    [
      -840.1568812553211,
      0.14908537094087362
    ],
    [
      -839.4303898896784,
      0.14908353251745454
    ],
    [
      -836.9209326581118,
      0.14907717554633756
    ],
    [
      -836.8356919906331,
      0.14907695943315416
    ],
    [
      -836.4347057334519,
      0.14812076889664036
    ],
    [
      -836.3868711505031,
      0.14812059746579795
    ],
    [
      -836.3797637701161,
      0.14812057199395487
    ],
    [
      -836.1195698276558,
      0.14811963945591441
    ],
    [
      -834.9563549480899,
      0.14811546953186006
    ],
    [
      -834.2858220808127,
      0.14811306508427036
    ],
    [
      -834.0522676767138,
      0.14811222746662642
    ],
    [
      -833.2702730228366,
      0.1481094224744687
    ],
    [
      -832.5495900669332,
      0.14810683678908046
    ],
    [
      -832.42997702981,
      0.14810640758112023
    ],
    [
      -828.5184399838006,
      0.14737934498629063
    ],
    [
      -822.0891613661973,
      0.1450512349473662
    ],
    [
      -822.0421283581643,
      0.14505096248893676
    ],
    [
      -822.0351400779894,
      0.1450509220064148
    ],
    [
      -821.7793063141519,
      0.1450494399875914
    ],
    [
      -820.9031687323275,
      0.14504436468103787
    ],
    [
      -820.7142534597622,
      0.14504327034308406
    ],
    [
      -820.5933363464112,
      0.14504256990374587
    ],
    [
      -820.3112654784996,
      0.14504093595336787
    ],
    [
      -819.7616001015336,
      0.14442610512168835
    ],
    [
      -819.7146973302672,
      0.1444258170943862
    ],
    [
      -819.4526030614965,
      0.14442420760356323
    ],
    [
      -818.3904995583861,
      0.14441768561754537
    ],
    [
      -818.3120488546506,
      0.1444172038978985
    ],
    [
      -817.6545795289832,
      0.14441316685858543
    ],
    [
      -816.6588169036702,
      0.1444070529252617
    ],
    [
      -815.952176217746,
      0.1444027144198492
    ],
    [
      -815.834893869961,
      0.14440199436958723
    ],
    [
      -815.7283529937467,
      0.14440134027081736
    ],
    [
      -813.4283843257494,
      0.14438722088957956
    ],
    [
      -812.2461393464496,
      0.144379963963249
    ],
    [
      -812.0435387886,
      0.14437872040405103
    ],
    [
      -811.475410205546,
      0.14437523332628113
    ],
    [
      -811.2470436880574,
      0.14186960594718886
    ],
    [
      -811.2006177273893,
      0.14186926500272176
    ],
    [
      -810.9411879197831,
      0.14186735984880622
    ],
    [
      -810.0763590504238,
      0.14186100954968794
    ],
    [
      -809.6476892817585,
      0.14134655167033808
    ],
    [
      -808.293148082652,
      0.14133632364876406
    ],
    [
      -808.2156449057754,
      0.14133573851795442
    ],
    [
      -807.8961299725062,
      0.14133332635672607
    ],
    [
      -807.5661166819136,
      0.14133083511041283
    ],
    [
      -806.5823818192217,
      0.1413234100033101
    ],
    [
      -805.8842770881745,
      0.14131814173797186
    ],
    [
      -805.7684115058022,
      0.14131726743102208
    ],
    [
      -804.8994436804629,
      0.13972670146195987
    ],
    [
      -804.8465283512339,
      0.13972627171933605
    ],
    [
      -804.4418383392414,
      0.13956587845380122
    ],
    [
      -804.3889524890126,
      0.13956544628687995
    ],
    [
      -803.0995628235053,
      0.13955491182268429
    ],
    [
      -803.0958299659175,
      0.13955488133046937
    ],
    [
      -803.0188150367566,
      0.13955425223375506
    ],
    [
      -802.3733787496926,
      0.13954898053284984
    ],
    [
      -801.3396850379856,
      0.13954053971825234
    ],
    [
      -800.5869997566415,
      0.13953439510916663
    ],
    [
      -799.6195411077517,
      0.13783158699300488
    ],
    [
      -799.5737672249902,
      0.13783119140984443
    ],
    [
      -799.3179812857996,
      0.1378289809991667
    ],
    [
      -798.2048802369424,
      0.13781936436531148
    ],
    [
      -797.56323711997,
      0.13781382265550285
    ],
    [
      -797.3397456497852,
      0.13781189271903305
    ],
    [
      -796.5914451656787,
      0.13780543199062162
    ],
    [
      -796.4327633550793,
      0.13665691584704023
    ],
    [
      -796.1323822028861,
      0.1366542485023829
    ],
    [
      -795.0998950438341,
      0.13664508270719591
    ],
    [
      -794.9825029893873,
      0.13611852771663338
    ],
    [
      -794.9369894638357,
      0.13611811966094536
    ],
    [
      -793.6520157219751,
      0.13610660252198092
    ],
    [
      -793.5758889074735,
      0.13610592040885952
    ],
    [
      -791.5920058942003,
      0.13487603886690244
    ],
    [
      -791.5852713072451,
      0.13487597759903902
    ],
    [
      -791.3387250681843,
      0.13487373479231357
    ],
    [
      -790.3160129646216,
      0.13486443431897602
    ],
    [
      -790.3123383906935,
      0.13486440091147453
    ],
    [
      -789.9239813451346,
      0.1348608705081419
    ],
    [
      -788.6388944995008,
      0.13484919331290685
    ],
    [
      -788.3541344482384,
      0.13367114570235006
    ],
    [
      -788.3171337401856,
      0.13367080807202605
    ],
    [
      -788.3089934171336,
      0.13367073379281805
    ],
    [
      -788.3022862520205,
      0.13367067259123475
    ],
    [
      -788.045306938009,
      0.13355915670690707
    ],
    [
      -787.7480307987577,
      0.13355644527638805
    ],
    [
      -786.7262167947075,
      0.13354712910102307
    ],
    [
      -786.3395899986807,
      0.1335436056082632
    ],
    [
      -785.0602288945597,
      0.1335319521070373
    ],
    [
      -784.3803980098343,
      0.13352576329162108
    ],
    [
      -784.2675654426718,
      0.1335247363701237
    ],
    [
      -782.6522913962283,
      0.1335164298790117
    ],
    [
      -781.9523677560911,
      0.13350368052786876
    ],
    [
      -780.6200744781524,
      0.13349157716697208
    ]
  ],