{
  "run_id": 15,
  "seed": 38015,
  "pop": 30,
  "ngen": 10,
  "steps": 150,
  "base_seed": 7000,
  "elapsed_s": 2.247241973876953,
  "hof_fitness": [
    [
      -984.6446749065778,
      0.12318279764616172
    ],
    [
      -984.2939434874263,
      0.12318279764613635
    ]
  ],
  "hall_of_fame": [
    [
      0.0,
      1.0
    ],
    [
      0.0,
      0.9640236988657931
    ]
  ]
}