{
  "run_id": 11,
  "seed": 38011,
  "pop": 30,
  "ngen": 10,
  "steps": 150,
  "base_seed": 7000,
  "elapsed_s": 2.243258237838745,
  "hof_fitness": [
    [
      -984.6446749065778,
      0.12318279764616172
    ],
    [
      -984.4838995417324,
      0.12318279764616165
    ],
    [
      -982.4327343032368,
      0.1231827976461485
    ]
  ],
  "hall_of_fame": [
    [
      1.0,
      1.0
    ],
    [
      1.0,
      0.9835084551175779
    ],
    [
      1.0,
      0.7731100298098574
    ]
  ]
}