{
  "run_id": 4,
  "seed": 38004,
  "pop": 30,
  "ngen": 10,
  "steps": 150,
  "base_seed": 7000,
  "elapsed_s": 2.2804768085479736,
  "hof_fitness": [
    [
      -984.6356067639333,
      0.12318279764616133
    ],
    [
      -984.126388707937,
      0.12318279764615052
    ],
    [
      -982.9986636816059,
      0.12318279764615006
    ],
    [
      -982.9543235046192,
      0.12318279764612976
    ]
  ],
  "hall_of_fame": [
    [
      1.0,
      0.9990698346009682
    ],
    [
      1.0,
      0.946836755027656
    ],
    [
      1.0,
      0.8311602774491931
    ],
    [
      1.0,
      0.8266120805310626
    ]
  ]
}