{
  "run_id": 16,
  "seed": 38016,
  "pop": 30,
  "ngen": 10,
  "steps": 150,
  "base_seed": 7000,
  "elapsed_s": 2.311000108718872,
  "hof_fitness": [
    [
      -984.560339440618,
      0.12318279764618181
    ],
    [
      -984.1119061260554,
      0.1231827976461645
    ]
  ],
  "hall_of_fame": [
    [
      1.0,
      0.9913492833720028
    ],
    [
      1.0,
      0.945351203125114
    ]
  ]
}