{
  "run_id": 0,
  "seed": 1000,
  "pop_size": 5,
  "n_generations": 2,
  "mode": "trait",
  "elapsed_s": 2.6998205184936523,
  "hof_fitness": [
    [
      -121.13663940675265,
      1.0
    ]
  ],
  "hall_of_fame": [
    [
      0.8882680764524881,
      0.9471995219767291
    ]
  ],
  "logbook": [
    {
      "gen": 0,
      "nevals": 5,
      "avg": [
        -120.66999393983568,
        1.0
      ],
      "min": [
        -121.13663937859599,
        1.0
      ],
      "max": [
        -120.08273239817387,
        1.0
      ]
    },
    {
      "gen": 1,
      "nevals": 5,
      "avg": [
        -121.01210456622896,
        1.0
      ],
      "min": [
        -121.13663940675265,
        1.0
      ],
      "max": [
        -120.61886070614987,
        1.0
      ]
    },
    {
      "gen": 2,
      "nevals": 5,
      "avg": [
        -121.13663938694299,
        1.0
      ],
      "min": [
        -121.13663940675265,
        1.0
      ],
      "max": [
        -121.13663937859599,
        1.0
      ]
    }
  ]
}