{
  "config": {
    "pop_size": 5,
    "n_generations": 2,
    "mode": "trait",
    "n_runs": 2,
    "n_eval_episodes": 5,
    "eval_seed": 42,
    "steps": 140,
    "base_seed": 1000
  },
  "config_key": "pop5_ngen2_trait",
  "reference_point": [
    -108.80995458742676,
    1.1
  ],
  "hv_per_run": [
    1.2326684819325902,
    1.2089994954158538
  ],
  "stats": {
    "mean": 1.2208339886742219,
    "std": 0.016736500869797215,
    "median": 1.2208339886742219,
    "min": 1.2089994954158538,
    "max": 1.2326684819325902,
    "n": 2,
    "ci_lower": 1.2089994954158538,
    "ci_upper": 1.2326684819325902,
    "ci_width": 0.023668986516736323
  }
}