{
  "config": {
    "strategies": [
      "nsga2",
      "simple",
      "random"
    ],
    "pop_size": 20,
    "n_generations": 10,
    "steps": 300,
    "n_eval": 10,
    "n_runs": 10
  },
  "reference_point": [
    -688.3061968830827,
    0.16122068766181635
  ],
  "hv_by_strategy": {
    "nsga2": [
      7.29515621224798,
      6.5693603122684205,
      6.812621979686911,
      6.8628680863881115,
      6.432400212784959,
      6.323473320829822,
      22.953476671020997,
      22.94041327302714,
      6.664801865173844,
      7.003895049618553
    ],
    "simple": [
      22.87052730836207,
      22.95684056733289,
      22.75343496328263,
      22.95684056733864,
      6.445203267526264,
      22.956840567330367,
      6.922433602686468,
      22.95684056736226,
      22.867515269464846,
      22.91202150555153
    ],
    "random": [
      7.10502721225563,
      7.563877737818634,
      7.969031422064315,
      7.466180076247684,
      7.511718124034741,
      7.501741687695668,
      8.182293082602627,
      7.715865794018973,
      7.8447755561311325,
      7.243291172932503
    ]
  },
  "stats_by_strategy": {
    "nsga2": {
      "mean": 9.985846698304673,
      "std": 6.836796702741272,
      "median": 6.837745033037511,
      "min": 6.323473320829822,
      "max": 22.953476671020997,
      "n": 10,
      "ci_lower": 6.672963701155686,
      "ci_upper": 14.807428577178564,
      "ci_width": 8.134464876022879
    },
    "simple": {
      "mean": 19.659849818623798,
      "std": 6.840189281275653,
      "median": 22.8912744069568,
      "min": 6.445203267526264,
      "max": 22.95684056736226,
      "n": 10,
      "ci_lower": 14.823850457575872,
      "ci_upper": 22.921349086940033,
      "ci_width": 8.09749862936416
    },
    "random": {
      "mean": 7.610380186580191,
      "std": 0.32598775031187144,
      "median": 7.537797930926688,
      "min": 7.10502721225563,
      "max": 8.182293082602627,
      "n": 10,
      "ci_lower": 7.418561552490744,
      "ci_upper": 7.805471553585568,
      "ci_width": 0.3869100010948241
    }
  },
  "statistical_tests": {
    "nsga2_vs_simple": {
      "wilcoxon_stat": 6.0,
      "p_value": 0.02734375,
      "cohens_d": -1.4146395754165415
    },
    "nsga2_vs_random": {
      "wilcoxon_stat": 20.0,
      "p_value": 0.4921875,
      "cohens_d": 0.490815328561409
    }
  }
}