{
  "config": {
    "steps_list": [
      140,
      300,
      500
    ],
    "n_eval_list": [
      5,
      10,
      20
    ],
    "pop_size": 20,
    "n_generations": 10,
    "n_runs": 10
  },
  "grid_results": {
    "steps140_ep5": {
      "steps": 140,
      "n_eval": 5,
      "reference_point": [
        -703.9044167778038,
        0.16618251445331356
      ],
      "hv_per_run": [
        5.282914204097887,
        3.4297750419058977,
        10.766382818109587,
        4.2389069088465465,
        5.4237325282918745,
        7.778882898805941,
        10.77803715269072,
        3.626554059985767,
        3.4046948175557037,
        5.697087593402229
      ],
      "stats": {
        "mean": 6.042696802369215,
        "std": 2.8226986770822435,
        "median": 5.35332336619488,
        "min": 3.4046948175557037,
        "max": 10.77803715269072,
        "n": 10,
        "ci_lower": 4.495645784394518,
        "ci_upper": 7.800235160171061,
        "ci_width": 3.304589375776543
      }
    },
    "steps140_ep10": {
      "steps": 140,
      "n_eval": 10,
      "reference_point": [
        -703.81598220037,
        0.16618251445331353
      ],
      "hv_per_run": [
        7.781773747510446,
        10.781454332698983,
        3.629097575948033,
        3.4072290407216785,
        5.6996297127448345,
        6.932544158178587,
        4.43625723537825,
        3.569892210120596,
        8.86419054385767,
        3.545677819417727
      ],
      "stats": {
        "mean": 5.86477463765768,
        "std": 2.6190682152846674,
        "median": 5.067943474061542,
        "min": 3.4072290407216785,
        "max": 10.781454332698983,
        "n": 10,
        "ci_lower": 4.402400746215467,
        "ci_upper": 7.512670668470561,
        "ci_width": 3.1102699222550934
      }
    },
    "steps140_ep20": {
      "steps": 140,
      "n_eval": 20,
      "reference_point": [
        -703.7962091834243,
        0.16639363392918796
      ],
      "hv_per_run": [
        3.6293177236809795,
        3.871793315849188,
        4.863315891490693,
        4.566048364284,
        3.959559529302041,
        10.838571991407573,
        4.672222995546942,
        5.668922436875588,
        4.738425815177457,
        4.725445511512644
      ],
      "stats": {
        "mean": 5.1533623575127105,
        "std": 2.081493911963013,
        "median": 4.698834253529793,
        "min": 3.6293177236809795,
        "max": 10.838571991407573,
        "n": 10,
        "ci_lower": 4.252853603613776,
        "ci_upper": 6.573630743198731,
        "ci_width": 2.320777139584955
      }
    },
    "steps300_ep5": {
      "steps": 300,
      "n_eval": 5,
      "reference_point": [
        -688.3904580402407,
        0.16015947199262776
      ],
      "hv_per_run": [
        6.823045362251249,
        6.059168142420176,
        22.610432668887526,
        7.1384652423058785,
        22.560561175586297,
        6.9477598057110885,
        22.622737446260444,
        6.335170457895228,
        6.120392865659542,
        7.009622714001262
      ],
      "stats": {
        "mean": 11.42273558809787,
        "std": 7.72035459403183,
        "median": 6.978691259856175,
        "min": 6.059168142420176,
        "max": 22.622737446260444,
        "n": 10,
        "ci_lower": 6.805890372170906,
        "ci_upper": 16.24313673193244,
        "ci_width": 9.437246359761534
      }
    },
    "steps300_ep10": {
      "steps": 300,
      "n_eval": 10,
      "reference_point": [
        -688.3904580402407,
        0.16112467162723665
      ],
      "hv_per_run": [
        7.1031422094592465,
        22.92091838338896,
        6.442673518999282,
        6.222036848191855,
        7.151651476928629,
        7.258949195411327,
        6.97875558888364,
        6.396267369334463,
        7.182093533474841,
        6.379589658986526
      ],
      "stats": {
        "mean": 8.403607778305878,
        "std": 5.116140432455522,
        "median": 7.040948899171443,
        "min": 6.222036848191855,
        "max": 22.92091838338896,
        "n": 10,
        "ci_lower": 6.604606741960731,
        "ci_upper": 11.732269419232312,
        "ci_width": 5.127662677271581
      }
    },
    "steps300_ep20": {
      "steps": 300,
      "n_eval": 20,
      "reference_point": [
        -688.6062969761695,
        0.16087065762066527
      ],
      "hv_per_run": [
        6.394104244313599,
        6.637526172110395,
        6.925199002933872,
        6.992227539061349,
        6.701151915299966,
        22.821548933362486,
        22.81440912057178,
        7.1727069308903175,
        7.025605511047484,
        7.802996225110344
      ],
      "stats": {
        "mean": 10.12874755947016,
        "std": 6.698217694607039,
        "median": 7.008916525054417,
        "min": 6.394104244313599,
        "max": 22.821548933362486,
        "n": 10,
        "ci_lower": 6.859819337325308,
        "ci_upper": 14.829491179077857,
        "ci_width": 7.969671841752549
      }
    },
    "steps500_ep5": {
      "steps": 500,
      "n_eval": 5,
      "reference_point": [
        -683.157535043972,
        0.1440318910678935
      ],
      "hv_per_run": [
        6.528924497565881,
        6.00790674113776,
        24.488550651220997,
        6.472910420898543,
        24.436015036740248,
        6.508716408758051,
        24.501512746350695,
        6.170452965758045,
        6.0680026130913784,
        6.572177845273912
      ],
      "stats": {
        "mean": 11.775516992679552,
        "std": 8.765947312316069,
        "median": 6.5188204531619665,
        "min": 6.00790674113776,
        "max": 24.501512746350695,
        "n": 10,
        "ci_lower": 6.427180174393904,
        "ci_upper": 17.23618215986954,
        "ci_width": 10.809001985475636
      }
    },
    "steps500_ep10": {
      "steps": 500,
      "n_eval": 10,
      "reference_point": [
        -683.1575350439718,
        0.14761506065411628
      ],
      "hv_per_run": [
        6.972541259293029,
        25.645388997350153,
        6.527007458704256,
        6.415137251228982,
        7.006487647919366,
        25.645388997370222,
        6.924721060570835,
        6.508877593120612,
        6.805860867813841,
        6.514440536341961
      ],
      "stats": {
        "mean": 10.496585166971325,
        "std": 7.9869817133926295,
        "median": 6.865290964192338,
        "min": 6.415137251228982,
        "max": 25.645388997370222,
        "n": 10,
        "ci_lower": 6.658136160857231,
        "ci_upper": 16.158079255293046,
        "ci_width": 9.499943094435814
      }
    },
    "steps500_ep20": {
      "steps": 500,
      "n_eval": 20,
      "reference_point": [
        -683.2111979576923,
        0.15236250501354429
      ],
      "hv_per_run": [
        7.011141741616083,
        7.221893059201399,
        7.531320606656751,
        7.53454581802018,
        7.285894339875111,
        27.150667715936958,
        7.556324001363356,
        7.667218578169004,
        7.567840522486684,
        7.994166884560743
      ],
      "stats": {
        "mean": 9.452101326788625,
        "std": 6.224378817457495,
        "median": 7.5454349096917674,
        "min": 7.011141741616083,
        "max": 27.150667715936958,
        "n": 10,
        "ci_lower": 7.358982154764677,
        "ci_upper": 13.45810872923893,
        "ci_width": 6.099126574474253
      }
    }
  },
  "best_genome": [
    0.0028229478499490757,
    0.9587894020779294
  ],
  "best_config": {
    "steps": 500,
    "n_eval": 5
  }
}