{
  "config": {
    "seed_budgets": [
      1,
      5
    ],
    "pop_size": 5,
    "n_generations": 2,
    "n_runs": 2,
    "base_seed": 4000
  },
  "reference_point": [
    -108.73083541205565,
    1.1
  ],
  "hv_by_budget": {
    "1": [
      1.2081203934672868,
      1.2081203934672868
    ],
    "5": [
      1.2405803994697007,
      1.2405803994697007
    ]
  },
  "stats_by_budget": {
    "1": {
      "mean": 1.2081203934672868,
      "std": 0.0,
      "median": 1.2081203934672868,
      "min": 1.2081203934672868,
      "max": 1.2081203934672868,
      "n": 2,
      "ci_lower": 1.2081203934672868,
      "ci_upper": 1.2081203934672868,
      "ci_width": 0.0
    },
    "5": {
      "mean": 1.2405803994697007,
      "std": 0.0,
      "median": 1.2405803994697007,
      "min": 1.2405803994697007,
      "max": 1.2405803994697007,
      "n": 2,
      "ci_lower": 1.2405803994697007,
      "ci_upper": 1.2405803994697007,
      "ci_width": 0.0
    }
  },
  "wilcoxon": {}
}