{
  "config": {
    "seed_budgets": [
      1,
      5,
      10
    ],
    "pop_size": 50,
    "n_generations": 25,
    "n_runs": 30,
    "base_seed": 4000
  },
  "reference_point": [
    -887.7151009914166,
    0.11723193854738517
  ],
  "hv_by_budget": {
    "1": [
      1.100577757364337,
      1.100577757364337,
      1.100577757364337,
      1.100577757364337,
      1.100577757364337,
      1.100577757364337,
      1.100577757364337,
      1.100577757364337,
      1.100577757364337,
      1.100577757364337,
      1.100577757364337,
      1.100577757364337,
      1.100577757364337,
      1.100577757364337,
      1.100577757364337,
      1.100577757364337,
      1.100577757364337,
      1.100577757364337,
      1.100577757364337,
      1.100577757364337,
      1.100577757364337,
      1.100577757364337,
      1.100577757364337,
      1.100577757364337,
      1.100577757364337,
      1.100577757364337,
      1.100577757364337,
      1.100577757364337,
      1.100577757364337,
      1.100577757364337
    ],
    "5": [
      1.0978970437362858,
      1.0978970437362858,
      1.0978970437362858,
      1.0978970437362858,
      1.0978970437362858,
      1.0978970437362858,
      1.0978970437362858,
      1.0978970437362858,
      1.0978970437362858,
      1.0978970437362858,
      1.0978970437362858,
      1.0978970437362858,
      1.0978970437362858,
      1.0978970437362858,
      1.0978970437362858,
      1.0978970437362858,
      1.0978970437362858,
      1.0978970437362858,
      1.0978970437362858,
      1.0978970437362858,
      1.0978970437362858,
      1.0978970437362858,
      1.0978970437362858,
      1.0978970437362858,
      1.0978970437362858,
      1.0978970437362858,
      1.0978970437362858,
      1.0978970437362858,
      1.0978970437362858,
      1.0978970437362858
    ],
    "10": [
      1.1005777573645545,
      1.1005777573645545,
      1.1005777573645545,
      1.1005777573645545,
      1.1005777573645545,
      1.1005777573645545,
      1.1005777573645545,
      1.1005777573645545,
      1.1005777573645545,
      1.1005777573645545,
      1.1005777573645545,
      1.1005777573645545,
      1.1005777573645545,
      1.1005777573645545,
      1.1005777573645545,
      1.1005777573645545,
      1.1005777573645545,
      1.1005777573645545,
      1.1005777573645545,
      1.1005777573645545,
      1.1005777573645545,
      1.1005777573645545,
      1.1005777573645545,
      1.1005777573645545,
      1.1005777573645545,
      1.1005777573645545,
      1.1005777573645545,
      1.1005777573645545,
      1.1005777573645545,
      1.1005777573645545
    ]
  },
  "stats_by_budget": {
    "1": {
      "mean": 1.1005777573643372,
      "std": 2.2584051416334807e-16,
      "median": 1.100577757364337,
      "min": 1.100577757364337,
      "max": 1.100577757364337,
      "n": 30,
      "ci_lower": 1.1005777573643372,
      "ci_upper": 1.1005777573643372,
      "ci_width": 0.0
    },
    "5": {
      "mean": 1.0978970437362858,
      "std": 0.0,
      "median": 1.0978970437362858,
      "min": 1.0978970437362858,
      "max": 1.0978970437362858,
      "n": 30,
      "ci_lower": 1.0978970437362858,
      "ci_upper": 1.0978970437362858,
      "ci_width": 0.0
    },
    "10": {
      "mean": 1.1005777573645545,
      "std": 0.0,
      "median": 1.1005777573645545,
      "min": 1.1005777573645545,
      "max": 1.1005777573645545,
      "n": 30,
      "ci_lower": 1.1005777573645545,
      "ci_upper": 1.1005777573645545,
      "ci_width": 0.0
    }
  },
  "wilcoxon": {
    "1seed_vs_5seed": {
      "statistic": 0.0,
      "p_value": 4.320463057827488e-08,
      "cohens_d": 16786631856879.84
    },
    "1seed_vs_10seed": {
      "statistic": 0.0,
      "p_value": 4.320463057827488e-08,
      "cohens_d": -1361.244259247154
    },
    "5seed_vs_10seed": {
      "statistic": 0.0,
      "p_value": 4.320463057827488e-08,
      "cohens_d": 0.0
    }
  }
}