{
  "config": {
    "seed_budgets": [
      1,
      5
    ],
    "pop_size": 5,
    "n_generations": 2,
    "n_runs": 2,
    "base_seed": 4000
  },
  "reference_point": [
    -695.8364140482519,
    0.16225813456957033
  ],
  "hv_by_budget": {
    "1": [
      5.291484538390561,
      4.5216913037484225
    ],
    "5": [
      4.550895219180117,
      4.493704811190634
    ]
  },
  "stats_by_budget": {
    "1": {
      "mean": 4.906587921069492,
      "std": 0.5443260163269833,
      "median": 4.906587921069492,
      "min": 4.5216913037484225,
      "max": 5.291484538390561,
      "n": 2,
      "ci_lower": 4.5216913037484225,
      "ci_upper": 5.291484538390561,
      "ci_width": 0.7697932346421386
    },
    "5": {
      "mean": 4.522300015185376,
      "std": 0.040439725308189005,
      "median": 4.522300015185376,
      "min": 4.493704811190634,
      "max": 4.550895219180117,
      "n": 2,
      "ci_lower": 4.493704811190634,
      "ci_upper": 4.550895219180117,
      "ci_width": 0.05719040798948338
    }
  },
  "wilcoxon": {}
}