budget_seeds,mean_hv,std_hv,ci_lower,ci_upper,n
1,1.2081203934672868,0.0,1.2081203934672868,1.2081203934672868,2
5,1.2405803994697007,0.0,1.2405803994697007,1.2405803994697007,2
