budget_seeds,mean_hv,std_hv,ci_lower,ci_upper,n
1,4.906587921069492,0.5443260163269833,4.5216913037484225,5.291484538390561,2
5,4.522300015185376,0.040439725308189005,4.493704811190634,4.550895219180117,2
