{
  "config": {
    "pop_size": 50,
    "n_generations": 25,
    "n_runs": 30,
    "eval_seed": 42,
    "steps": 200
  },
  "reference_point": [
    -22.09138234520339,
    1.1
  ],
  "default_policy_obj": [
    -24.69061,
    0.0
  ],
  "default_hv": 2.85915,
  "hv_by_strategy": {
    "nsga2": [
      12.890361,
      10.219716,
      14.906386,
      5.521646,
      12.02285,
      9.837102,
      15.157415,
      12.879392,
      11.016097,
      9.625128,
      11.083191,
      2.955197,
      14.178993,
      13.059558,
      2.952647,
      15.012667,
      13.640011,
      10.380241,
      9.339233,
      5.54072,
      5.554425,
      14.451218,
      11.565791,
      2.955197,
      5.485526,
      14.29965,
      8.476775,
      15.006453,
      15.317525,
      5.524049
    ],
    "simple": [
      2.955197,
      10.229822,
      10.509552,
      5.541067,
      11.922869,
      7.433912,
      14.089423,
      12.303962,
      10.34415,
      9.212793,
      9.898197,
      5.494313,
      7.456431,
      13.060909,
      2.951193,
      14.753775,
      11.253685,
      10.027881,
      9.031513,
      2.927293,
      11.854197,
      12.521921,
      8.956006,
      2.955197,
      5.385692,
      13.808286,
      5.946489,
      5.398724,
      13.226689,
      12.636922
    ],
    "random": [
      14.909507,
      14.143823,
      15.238065,
      12.857973,
      14.779838,
      14.482276,
      15.027426,
      14.951281,
      14.839882,
      14.531272,
      13.5547,
      14.204528,
      14.089516,
      13.566712,
      13.943223,
      14.220091,
      14.887697,
      15.152413,
      14.391631,
      14.791716,
      13.772584,
      14.508546,
      14.708264,
      13.960182,
      14.072031,
      13.606316,
      13.304379,
      14.181348,
      14.601771,
      15.290732
    ]
  },
  "stats_by_strategy": {
    "nsga2": {
      "mean": 10.361838672409027,
      "std": 4.073207509810359,
      "median": 11.049643981241733,
      "min": 2.952647228865417,
      "max": 15.317524737283245,
      "n": 30,
      "ci_lower": 8.879602240611028,
      "ci_upper": 11.763024608048417,
      "ci_width": 2.8834223674373884
    },
    "simple": {
      "mean": 9.136268723056332,
      "std": 3.6800617112856377,
      "median": 9.96303903072089,
      "min": 2.927293267621639,
      "max": 14.75377493733332,
      "n": 30,
      "ci_lower": 7.790282567933516,
      "ci_upper": 10.36984712552341,
      "ci_width": 2.5795645575898947
    },
    "random": {
      "mean": 14.35232409142983,
      "std": 0.6060698047760688,
      "median": 14.436953569733067,
      "min": 12.8579726996695,
      "max": 15.290731844890189,
      "n": 30,
      "ci_lower": 14.129223734819304,
      "ci_upper": 14.56255990134703,
      "ci_width": 0.43333616652772555
    }
  },
  "wilcoxon_nsga2_vs_random": {
    "stat": 35.0,
    "p": 7.994472980499268e-06
  }
}