{
  "run_id": 5,
  "seed": 27505,
  "pop": 20,
  "ngen": 5,
  "steps": 150,
  "base_seed": 7000,
  "elapsed_s": 0.8911449909210205,
  "hof_fitness": [
    [
      -984.1681355687875,
      0.12318279764618864
    ],
    [
      -983.5574265297739,
      0.12318279764617264
    ]
  ],
  "hall_of_fame": [
    [
      1.0,
      0.9511189423522798
    ],
    [
      1.0,
      0.8884754177262699
    ]
  ]
}