{
  "run_id": 9,
  "seed": 27509,
  "pop": 20,
  "ngen": 5,
  "steps": 150,
  "base_seed": 7000,
  "elapsed_s": 0.8214552402496338,
  "hof_fitness": [
    [
      -843.0291390343884,
      0.14909263082174679
    ],
    [
      -842.1137838124305,
      0.14909031865996433
    ],
    [
      -841.638304923394,
      0.1490891170673534
    ],
    [
      -839.7243002386934,
      0.1486691964500211
    ],
    [
      -834.8962863169875,
      0.1478931916366323
    ],
    [
      -832.071545750124,
      0.14739431261492802
    ],
    [
      -828.5184399838006,
      0.14737934498629063
    ],
    [
      -828.3993923910872,
      0.1473788433151137
    ],
    [
      -821.7793063141519,
      0.1450494399875914
    ],
    [
      -818.9777616373271,
      0.14503321152605514
    ],
    [
      -818.2691583286593,
      0.14502910698891658
    ],
    [
      -817.8735070510868,
      0.14502681523720481
    ],
    [
      -816.7983310605463,
      0.1450205875549351
    ],
    [
      -816.6590448398009,
      0.14456761675037527
    ],
    [
      -816.6436167291712,
      0.14362561266357812
    ],
    [
      -815.5068877243779,
      0.143618165296071
    ],
    [
      -813.621565948096,
      0.14271564025041256
    ],
    [
      -810.9411879197831,
      0.14186735984880622
    ],
    [
      -809.3424239944178,
      0.14134424638259538
    ],
    [
      -808.0059253101116,
      0.14133415523241785
    ],
    [
      -807.8961299725062,
      0.14133332635672607
    ],
    [
      -805.7684115058022,
      0.14131726743102208
    ],
    [
      -804.5959322358649,
      0.1397242366332957
    ],
    [
      -803.4756271383549,
      0.13971514040785468
    ],
    [
      -803.1579480870844,
      0.1397125615593955
    ],
    [
      -802.6011480941121,
      0.13970804213487162
    ],
    [
      -801.0424561171977,
      0.13969539433029676
    ],
    [
      -800.7701067232838,
      0.1396931849550451
    ],
    [
      -799.7169492289485,
      0.1396846430362844
    ],
    [
      -799.3731348423574,
      0.13784916623760973
    ],
    [
      -798.0527707777563,
      0.13783776555776278
    ],
    [
      -796.6464142425153,
      0.13782562836725143
    ],
    [
      -796.1323822028861,
      0.1366542485023829
    ],
    [
      -795.0236319866341,
      0.1366444058468792
    ],
    [
      -794.7092296398137,
      0.1366416156480881
    ],
    [
      -792.7295709429882,
      0.13662405537164368
    ],
    [
      -792.0762551197175,
      0.13642194354371004
    ],
    [
      -788.4271117990713,
      0.13638949318794807
    ],
    [
      -788.1446372145064,
      0.13466572332908752
    ],
    [
      -787.7661173576464,
      0.13356299785151535
    ],
    [
      -786.4645688058032,
      0.13355113195668553
    ],
    [
      -784.3984086302089,
      0.13353231438790422
    ],
    [
      -784.0188145279137,
      0.13352885977968024
    ],
    [
      -782.6522913962283,
      0.1335164298790117
    ]
  ],
  "hall_of_fame": [
    [
      0.9477791238590589,
      0.9627186055048383
    ],
    [
      0.9477791238590589,
      0.8552914062166355
    ],
    [
      0.9477791238590589,
      0.7994863634377646
    ],
    [
      0.057889474141943675,
      0.9627186055048383
    ],
    [
      0.9323825206150581,
      0.9761289915997995
    ],
    [
      0.0736909170827883,
      0.9627186055048383
    ],
    [
      0.0736909170827883,
      0.5403320049413469
    ],
    [
      0.0736909170827883,
      0.5261782901929806
    ],
    [
      0.8971539273083083,
      0.9627186055048383
    ],
    [
      0.8971539273083083,
      0.6256077166448468
    ],
    [
      0.8971539273083083,
      0.5403320049413469
    ],
    [
      0.8971539273083083,
      0.4927163784494496
    ],
    [
      0.8971539273083083,
      0.3633158268851415
    ],
    [
      0.10891951038953807,
      0.5537423910363081
    ],
    [
      0.12215137033433987,
      0.9627186055048383
    ],
    [
      0.12215137033433987,
      0.8251012232848811
    ],
    [
      0.1355043815794128,
      0.9627186055048383
    ],
    [
      0.14885739282448573,
      0.9627186055048383
    ],
    [
      0.15760567310877038,
      0.9627186055048383
    ],
    [
      0.15760567310877038,
      0.7994863634377646
    ],
    [
      0.15760567310877038,
      0.7860759773428034
    ],
    [
      0.15760567310877038,
      0.5261782901929806
    ],
    [
      0.8121729090266608,
      0.9627186055048383
    ],
    [
      0.8121729090266608,
      0.8251012232848811
    ],
    [
      0.8121729090266608,
      0.7860759773428034
    ],
    [
      0.8121729090266608,
      0.7176740239966782
    ],
    [
      0.8121729090266608,
      0.5261782901929806
    ],
    [
      0.8121729090266608,
      0.4927163784494496
    ],
    [
      0.8121729090266608,
      0.3633158268851415
    ],
    [
      0.7687968510377201,
      0.9627186055048383
    ],
    [
      0.7687968510377201,
      0.7994863634377646
    ],
    [
      0.7687968510377201,
      0.6256077166448468
    ],
    [
      0.7335682577309703,
      0.9627186055048383
    ],
    [
      0.7335682577309703,
      0.8251012232848811
    ],
    [
      0.7335682577309703,
      0.7860759773428034
    ],
    [
      0.7335682577309703,
      0.5403320049413469
    ],
    [
      0.7267774170480279,
      0.5261782901929806
    ],
    [
      0.7267774170480279,
      0.07280405793992861
    ],
    [
      0.352420949976918,
      0.6256077166448468
    ],
    [
      0.4849994066550126,
      0.9627186055048383
    ],
    [
      0.4849994066550126,
      0.7994863634377646
    ],
    [
      0.4849994066550126,
      0.5403320049413469
    ],
    [
      0.4849994066550126,
      0.4927163784494496
    ],
    [
      0.4849994066550126,
      0.321292087285864
    ]
  ]
}