{
  "run_id": 3,
  "seed": 27503,
  "pop": 20,
  "ngen": 5,
  "steps": 150,
  "base_seed": 7000,
  "elapsed_s": 0.8352329730987549,
  "hof_fitness": [
    [
      -843.202223038589,
      0.149164640110454
    ],
    [
      -838.3100879190454,
      0.14915273680804353
    ],
    [
      -830.678355221726,
      0.1471465388936844
    ],
    [
      -830.6591335698147,
      0.14714645421788786
    ],
    [
      -830.35960909266,
      0.14714513470973112
    ],
    [
      -828.4791019292845,
      0.1471368489761357
    ],
    [
      -827.8997880694471,
      0.14713429594813837
    ],
    [
      -825.5401910434736,
      0.14712389480108595
    ],
    [
      -823.3689077247848,
      0.14556868170161053
    ],
    [
      -820.4138190254238,
      0.14472348011267985
    ],
    [
      -820.0989229267676,
      0.14472159804599483
    ],
    [
      -820.0763306075667,
      0.1447214630175456
    ],
    [
      -818.5597429881412,
      0.14421383515037706
    ],
    [
      -818.540795483271,
      0.14421371668935914
    ],
    [
      -818.2455429937611,
      0.14421187077339212
    ],
    [
      -818.2230006173571,
      0.14421172984031483
    ],
    [
      -816.3918587200267,
      0.14420028248483283
    ],
    [
      -816.2926907838587,
      0.14419966258279396
    ],
    [
      -815.8208086940359,
      0.14419671289551922
    ],
    [
      -814.2959761684859,
      0.14418718203812328
    ],
    [
      -813.4948744290264,
      0.1441821752487997
    ],
    [
      -812.0512955339266,
      0.14417315382396206
    ],
    [
      -810.774057052961,
      0.14416517274682197
    ],
    [
      -809.0683880926275,
      0.14287192303882038
    ],
    [
      -806.8339468080939,
      0.14064901502653954
    ],
    [
      -806.5818046451514,
      0.1404657731368286
    ],
    [
      -803.873459365404,
      0.13951722180484968
    ],
    [
      -803.8548447697286,
      0.13951706945185915
    ],
    [
      -803.5647799433913,
      0.13951469549374151
    ],
    [
      -801.7436676609626,
      0.13949979563937406
    ],
    [
      -801.1826526240465,
      0.139495207147138
    ],
    [
      -800.1944864429307,
      0.13914338046736627
    ],
    [
      -799.4226589515109,
      0.1379226425217578
    ],
    [
      -797.6665430400703,
      0.13727762241718125
    ],
    [
      -788.5649750777062,
      0.13390135237369005
    ],
    [
      -788.2620627490742,
      0.1338985881397587
    ],
    [
      -787.937389114966,
      0.13378785361026962
    ],
    [
      -787.763511702606,
      0.13361606797324185
    ],
    [
      -787.6655030987614,
      0.1335805192269137
    ],
    [
      -787.3811699515772,
      0.13357792629570206
    ],
    [
      -782.8062229438219,
      0.13353626667113574
    ]
  ],
  "hall_of_fame": [
    [
      0.051191579839739196,
      0.9079002465766732
    ],
    [
      0.051191579839739196,
      0.33409614827378564
    ],
    [
      0.9233084654878946,
      0.9458445691297331
    ],
    [
      0.9233084654878946,
      0.9435563971037705
    ],
    [
      0.9233084654878946,
      0.9079002465766732
    ],
    [
      0.9233084654878946,
      0.6840252222603281
    ],
    [
      0.9233084654878946,
      0.6150526018449698
    ],
    [
      0.9233084654878946,
      0.33409614827378564
    ],
    [
      0.9038502981892437,
      0.9079002465766732
    ],
    [
      0.10711032391244868,
      0.9458445691297331
    ],
    [
      0.10711032391244868,
      0.9079002465766732
    ],
    [
      0.10711032391244868,
      0.9051778908486029
    ],
    [
      0.8860433606020378,
      0.9458445691297331
    ],
    [
      0.8860433606020378,
      0.9435563971037705
    ],
    [
      0.8860433606020378,
      0.9079002465766732
    ],
    [
      0.8860433606020378,
      0.9051778908486029
    ],
    [
      0.8860433606020378,
      0.6840252222603281
    ],
    [
      0.8860433606020378,
      0.6720476862004936
    ],
    [
      0.8860433606020378,
      0.6150526018449698
    ],
    [
      0.8860433606020378,
      0.43086815974762016
    ],
    [
      0.8860433606020378,
      0.33409614827378564
    ],
    [
      0.8860433606020378,
      0.15970164580330903
    ],
    [
      0.8860433606020378,
      0.005389255905331569
    ],
    [
      0.8673897214151851,
      0.33409614827378564
    ],
    [
      0.8301246165293283,
      0.9079002465766732
    ],
    [
      0.17331699474742412,
      0.9435563971037705
    ],
    [
      0.19207672940582987,
      0.9458445691297331
    ],
    [
      0.19207672940582987,
      0.9435563971037705
    ],
    [
      0.19207672940582987,
      0.9079002465766732
    ],
    [
      0.19207672940582987,
      0.6840252222603281
    ],
    [
      0.19207672940582987,
      0.6150526018449698
    ],
    [
      0.1995887063541001,
      0.6150526018449698
    ],
    [
      0.2292357388201336,
      0.9435563971037705
    ],
    [
      0.24704267640733943,
      0.9435563971037705
    ],
    [
      0.41649103677002786,
      0.9458445691297331
    ],
    [
      0.41649103677002786,
      0.9079002465766732
    ],
    [
      0.4306967863428379,
      0.9051778908486029
    ],
    [
      0.5363810274705547,
      0.9435563971037705
    ],
    [
      0.475357341906446,
      0.9435563971037705
    ],
    [
      0.475357341906446,
      0.9079002465766732
    ],
    [
      0.475357341906446,
      0.33409614827378564
    ]
  ]
}