{
  "run_id": 13,
  "seed": 27513,
  "pop": 20,
  "ngen": 5,
  "steps": 150,
  "base_seed": 7000,
  "elapsed_s": 0.8197691440582275,
  "hof_fitness": [
    [
      -937.9111713322134,
      0.13284730995214428
    ]
  ],
  "hall_of_fame": [
    [
      0.9975638939050263,
      0.9191442827100291
    ]
  ]
}