{
  "run_id": 8,
  "seed": 27508,
  "pop": 20,
  "ngen": 5,
  "steps": 150,
  "base_seed": 7000,
  "elapsed_s": 0.9267950057983398,
  "hof_fitness": [
    [
      -876.0499133815487,
      0.14904937964232942
    ],
    [
      -842.3332068445958,
      0.14897185554128772
    ],
    [
      -840.6378737532945,
      0.14879316564213294
    ],
    [
      -840.0581711063703,
      0.1487914899141919
    ],
    [
      -839.7162736030699,
      0.14879050136820907
    ],
    [
      -839.2564256229028,
      0.14878917151261647
    ],
    [
      -838.7743285622139,
      0.14878777697759377
    ],
    [
      -832.8883739484083,
      0.14877072338477773
    ],
    [
      -829.4757952556845,
      0.14771093636852317
    ],
    [
      -827.1732626446649,
      0.14676124296668783
    ],
    [
      -825.2607781437921,
      0.14591962147066334
    ],
    [
      -824.6914302006948,
      0.1459166242803795
    ],
    [
      -824.3556399077668,
      0.14591485656493275
    ],
    [
      -823.4305213275596,
      0.14590998630410665
    ],
    [
      -820.9181552397889,
      0.14589675915599884
    ],
    [
      -817.9789883327553,
      0.14400945696786402
    ],
    [
      -811.5298456746336,
      0.14246925021634452
    ],
    [
      -811.063318482023,
      0.14246594580153435
    ],
    [
      -805.7442000949148,
      0.14031042390799747
    ],
    [
      -804.5116487899469,
      0.14030065729145122
    ],
    [
      -803.7855976503134,
      0.1397156765565855
    ],
    [
      -802.8105749727289,
      0.13970776094205647
    ],
    [
      -800.5233966571815,
      0.1381614001939862
    ],
    [
      -799.6748456229678,
      0.13815413492348003
    ],
    [
      -798.4513945185013,
      0.13814366354504867
    ],
    [
      -797.4742819585924,
      0.1381353037534228
    ],
    [
      -795.1475805469104,
      0.13648570491039516
    ],
    [
      -792.959236038245,
      0.1364662271959212
    ],
    [
      -792.9090555463112,
      0.13577039762792337
    ],
    [
      -791.8614761116196,
      0.13506538092807213
    ],
    [
      -791.3147065045504,
      0.13506041565464852
    ],
    [
      -790.6794069285921,
      0.13462785370776287
    ],
    [
      -790.1334384756633,
      0.13462288030059288
    ],
    [
      -789.5950352392811,
      0.13412390416679604
    ],
    [
      -788.0373942843812,
      0.13355629137414796
    ],
    [
      -787.2018314563458,
      0.13354867159620365
    ],
    [
      -785.9971080766112,
      0.1335376920752209
    ],
    [
      -785.0349534586628,
      0.13352892898920918
    ],
    [
      -784.354468420678,
      0.133522734357011
    ],
    [
      -783.5967048925564,
      0.1335158392325605
    ],
    [
      -781.1299788517697,
      0.13350901099649568
    ],
    [
      -780.4739684786593,
      0.1334874577680009
    ]
  ],
  "hall_of_fame": [
    [
      0.01839969518046948,
      0.8517158843818226
    ],
    [
      0.05389378233117227,
      1.0
    ],
    [
      0.05627087582821555,
      0.9634321887537777
    ],
    [
      0.05627087582821555,
      0.895209158949168
    ],
    [
      0.05627087582821555,
      0.8549714356002184
    ],
    [
      0.05627087582821555,
      0.8008509139773977
    ],
    [
      0.05627087582821555,
      0.744110280968943
    ],
    [
      0.05627087582821555,
      0.05123096643436986
    ],
    [
      0.9303705530587089,
      0.443010471292977
    ],
    [
      0.08128205350489884,
      0.744110280968943
    ],
    [
      0.09176496297891834,
      0.9634321887537777
    ],
    [
      0.09176496297891834,
      0.895209158949168
    ],
    [
      0.09176496297891834,
      0.8549714356002184
    ],
    [
      0.09176496297891834,
      0.744110280968943
    ],
    [
      0.09176496297891834,
      0.443010471292977
    ],
    [
      0.11677614065560163,
      0.9634321887537777
    ],
    [
      0.1391390715205405,
      0.8008509139773977
    ],
    [
      0.1391390715205405,
      0.744110280968943
    ],
    [
      0.823807241964088,
      0.895209158949168
    ],
    [
      0.823807241964088,
      0.744110280968943
    ],
    [
      0.18786841055338477,
      0.8638877701583263
    ],
    [
      0.18786841055338477,
      0.744110280968943
    ],
    [
      0.22321004809092782,
      1.0
    ],
    [
      0.22321004809092782,
      0.895209158949168
    ],
    [
      0.22321004809092782,
      0.744110280968943
    ],
    [
      0.22321004809092782,
      0.6234261217107868
    ],
    [
      0.2719393871237721,
      0.895209158949168
    ],
    [
      0.2719393871237721,
      0.6234261217107868
    ],
    [
      0.2985681999181107,
      0.8549714356002184
    ],
    [
      0.6686949810929446,
      0.9634321887537777
    ],
    [
      0.6686949810929446,
      0.895209158949168
    ],
    [
      0.6436838034162613,
      0.9634321887537777
    ],
    [
      0.6436838034162613,
      0.895209158949168
    ],
    [
      0.6058126227685152,
      1.0
    ],
    [
      0.4941338856636458,
      1.0
    ],
    [
      0.4941338856636458,
      0.895209158949168
    ],
    [
      0.4941338856636458,
      0.744110280968943
    ],
    [
      0.4941338856636458,
      0.6234261217107868
    ],
    [
      0.4941338856636458,
      0.5380674122270989
    ],
    [
      0.4941338856636458,
      0.443010471292977
    ],
    [
      0.4810756992096671,
      0.1280459539063783
    ],
    [
      0.4941338856636458,
      0.05123096643436986
    ]
  ]
}