{
  "run_id": 4,
  "seed": 27504,
  "pop": 20,
  "ngen": 5,
  "steps": 150,
  "base_seed": 7000,
  "elapsed_s": 0.8663187026977539,
  "hof_fitness": [
    [
      -905.0881502705417,
      0.14332119987246186
    ],
    [
      -810.1696888108701,
      0.1415524302461575
    ],
    [
      -810.0770103148816,
      0.14155173784804972
    ],
    [
      -809.5809829689751,
      0.14132693604893706
    ],
    [
      -809.4832310087553,
      0.14132619709737626
    ],
    [
      -802.1833903144902,
      0.13899162528800982
    ],
    [
      -800.9626283903846,
      0.13832098717142383
    ],
    [
      -799.891395183151,
      0.1379681113184494
    ],
    [
      -798.8299548019597,
      0.13795897447961397
    ],
    [
      -798.5924518974314,
      0.13795693053697372
    ],
    [
      -797.43625174915,
      0.13703110253052833
    ],
    [
      -797.3399371337289,
      0.13703025382024547
    ],
    [
      -796.6146690037233,
      0.13702386391316274
    ],
    [
      -796.3730512194587,
      0.13702173557370392
    ],
    [
      -796.2818170287339,
      0.13702093197223567
    ],
    [
      -796.0115569197529,
      0.13653822638569263
    ],
    [
      -795.4645663591452,
      0.13653335871829914
    ],
    [
      -794.6103107486932,
      0.13652575895719024
    ],
    [
      -793.3178414143592,
      0.13553726710840963
    ],
    [
      -793.25755661522,
      0.13553672221737853
    ],
    [
      -792.3557406288254,
      0.13552857291800247
    ],
    [
      -792.0345347701834,
      0.13525797690507635
    ],
    [
      -791.5272896680781,
      0.1352533798201958
    ],
    [
      -791.1838935726944,
      0.13525026832482143
    ],
    [
      -791.0075604223412,
      0.13524867078293223
    ],
    [
      -790.8655608548775,
      0.13462828804631832
    ],
    [
      -790.3220404478293,
      0.13462333640386853
    ],
    [
      -789.9063790592795,
      0.13461955055939676
    ],
    [
      -789.6173942256863,
      0.13461691897643266
    ],
    [
      -789.6170357091916,
      0.13461691571192766
    ],
    [
      -789.526530235375,
      0.13461609162482674
    ],
    [
      -787.5305743376879,
      0.13366230416445116
    ],
    [
      -787.4403598375213,
      0.13366148137709566
    ],
    [
      -787.3897584672478,
      0.13354915692562208
    ],
    [
      -787.2144306685727,
      0.13354755836310256
    ],
    [
      -786.9756113370031,
      0.13354538118433124
    ],
    [
      -786.687679300009,
      0.13354275669014218
    ],
    [
      -786.6873220896321,
      0.13354275343446195
    ],
    [
      -786.6514161427168,
      0.1335424261845758
    ],
    [
      -786.5440149134033,
      0.13354144736285287
    ],
    [
      -786.3686970483245,
      0.13353984970607757
    ],
    [
      -782.9392768693734,
      0.13350863166355445
    ],
    [
      -781.6237457507594,
      0.1334966735200872
    ]
  ],
  "hall_of_fame": [
    [
      0.007468944436742619,
      0.8672728909464709
    ],
    [
      0.15409815671488566,
      0.9871308171840287
    ],
    [
      0.15409815671488566,
      0.9758207754487724
    ],
    [
      0.15794119858689992,
      0.9990698346009682
    ],
    [
      0.15794119858689992,
      0.9871308171840287
    ],
    [
      0.7966054920784101,
      0.9192142575257982
    ],
    [
      0.7807620144074702,
      1.0
    ],
    [
      0.7718696308021546,
      0.9871308171840287
    ],
    [
      0.7718696308021546,
      0.8559628492112146
    ],
    [
      0.7718696308021546,
      0.8266120805310626
    ],
    [
      0.7454694412348127,
      0.9990698346009682
    ],
    [
      0.7454694412348127,
      0.9871308171840287
    ],
    [
      0.7454694412348127,
      0.8972252301333344
    ],
    [
      0.7454694412348127,
      0.8672728909464709
    ],
    [
      0.7454694412348127,
      0.8559628492112146
    ],
    [
      0.7296259635638728,
      0.9871308171840287
    ],
    [
      0.7296259635638728,
      0.9192142575257982
    ],
    [
      0.7296259635638728,
      0.8131415410953469
    ],
    [
      0.6911273955577739,
      0.9871308171840287
    ],
    [
      0.6911273955577739,
      0.9796207979853099
    ],
    [
      0.6911273955577739,
      0.8672728909464709
    ],
    [
      0.6784899127202754,
      0.9192142575257982
    ],
    [
      0.6784899127202754,
      0.8559628492112146
    ],
    [
      0.6784899127202754,
      0.8131415410953469
    ],
    [
      0.6784899127202754,
      0.7911525137028831
    ],
    [
      0.35639820676272216,
      0.9871308171840287
    ],
    [
      0.35639820676272216,
      0.9192142575257982
    ],
    [
      0.35639820676272216,
      0.8672728909464709
    ],
    [
      0.35639820676272216,
      0.8311602774491931
    ],
    [
      0.35639820676272216,
      0.8311154754710055
    ],
    [
      0.35639820676272216,
      0.8198054337357492
    ],
    [
      0.5481528973076722,
      0.8972252301333344
    ],
    [
      0.5481528973076722,
      0.8859151883980781
    ],
    [
      0.49701684646407485,
      0.9192142575257982
    ],
    [
      0.49701684646407485,
      0.8972252301333344
    ],
    [
      0.49701684646407485,
      0.8672728909464709
    ],
    [
      0.49701684646407485,
      0.8311602774491931
    ],
    [
      0.49701684646407485,
      0.8311154754710055
    ],
    [
      0.49701684646407485,
      0.8266120805310626
    ],
    [
      0.49701684646407485,
      0.8131415410953469
    ],
    [
      0.49701684646407485,
      0.7911525137028831
    ],
    [
      0.49701684646407485,
      0.36096984151020983
    ],
    [
      0.49701684646407485,
      0.19592491833566006
    ]
  ]
}