{
  "run_id": 1,
  "seed": 27501,
  "pop": 20,
  "ngen": 5,
  "steps": 150,
  "base_seed": 7000,
  "elapsed_s": 0.8336420059204102,
  "hof_fitness": [
    [
      -859.6891971906392,
      0.15005629759791245
    ],
    [
      -859.342871595539,
      0.1500562733563873
    ],
    [
      -858.9392318886106,
      0.15005624470245282
    ],
    [
      -856.3829428601609,
      0.15002498448499263
    ],
    [
      -856.0379099552108,
      0.15002480167997734
    ],
    [
      -855.6357769202993,
      0.1500245882498435
    ],
    [
      -854.4940187857637,
      0.15002398008472664
    ],
    [
      -854.1077199765565,
      0.15002377358991337
    ],
    [
      -850.5031036644598,
      0.15002182900495742
    ],
    [
      -848.5099768034504,
      0.15002074004766916
    ],
    [
      -848.4045751598912,
      0.15002068218953138
    ],
    [
      -848.3130972883479,
      0.15002063195250676
    ],
    [
      -840.8101564584349,
      0.1489415466079922
    ],
    [
      -838.1706106987319,
      0.1489343788945933
    ],
    [
      -837.0526601941867,
      0.14893133981473164
    ],
    [
      -836.8283343843871,
      0.14893072976474567
    ],
    [
      -836.4953206237329,
      0.14892982399574242
    ],
    [
      -833.8045614317058,
      0.14892249905777985
    ],
    [
      -833.7009383368525,
      0.14892221674526182
    ],
    [
      -833.6110040765692,
      0.1489219717134079
    ],
    [
      -825.976050678378,
      0.14614774034058278
    ],
    [
      -825.8313884107214,
      0.14614700039799997
    ],
    [
      -825.6429630549158,
      0.1461460365993691
    ],
    [
      -825.2547525459465,
      0.14614405086333104
    ],
    [
      -824.4251008932899,
      0.14585743529890494
    ],
    [
      -824.0374500774385,
      0.14585537995411207
    ],
    [
      -822.9368130652795,
      0.1458495441721037
    ],
    [
      -817.8220317799282,
      0.1458224218719769
    ],
    [
      -817.0667446191487,
      0.1458184164128178
    ],
    [
      -816.2688310057374,
      0.1447901000389779
    ],
    [
      -815.7250116058916,
      0.14478687864231515
    ],
    [
      -815.0855235098696,
      0.14323575354330556
    ],
    [
      -814.7567316536291,
      0.14323353774742398
    ],
    [
      -810.7315039434587,
      0.14320641835377362
    ],
    [
      -810.5140728876291,
      0.14320495383616325
    ],
    [
      -810.1912946526404,
      0.14320277982191215
    ],
    [
      -809.5423578040775,
      0.14148967613162397
    ],
    [
      -807.2127317096724,
      0.1414722226452636
    ],
    [
      -805.2173323043147,
      0.14145727983592457
    ],
    [
      -803.581875077345,
      0.1394512749878773
    ],
    [
      -802.8797220335251,
      0.13944551491773555
    ],
    [
      -800.3566605769753,
      0.1394248268884764
    ],
    [
      -799.8719588020477,
      0.1381181227526294
    ],
    [
      -799.172983418822,
      0.13811213249341275
    ],
    [
      -798.1048709469068,
      0.13810298153673872
    ],
    [
      -797.1528656241744,
      0.13711973242386785
    ],
    [
      -794.173779380049,
      0.13709355576872695
    ],
    [
      -792.6799852328994,
      0.13708044170167058
    ],
    [
      -791.2308659550985,
      0.13492083307096464
    ],
    [
      -790.9115075896754,
      0.13491792975351047
    ],
    [
      -790.5392987654823,
      0.1349145465660779
    ],
    [
      -790.3051531333139,
      0.13457839714899683
    ],
    [
      -789.6143801724046,
      0.13457210418271853
    ],
    [
      -787.676563316256,
      0.1336153142512086
    ],
    [
      -787.358613453587,
      0.13361241458388384
    ],
    [
      -784.7322385109095,
      0.13358848342640245
    ],
    [
      -782.0439931634414,
      0.13356402746418886
    ],
    [
      -780.3246070266503,
      0.13354840622371073
    ]
  ],
  "hall_of_fame": [
    [
      0.968985475592904,
      0.9326402965973477
    ],
    [
      0.968985475592904,
      0.8927731180625529
    ],
    [
      0.968985475592904,
      0.8463072725834987
    ],
    [
      0.9656808382854343,
      0.9326402965973477
    ],
    [
      0.9656808382854343,
      0.8927731180625529
    ],
    [
      0.9656808382854343,
      0.8463072725834987
    ],
    [
      0.9656808382854343,
      0.7143731864040154
    ],
    [
      0.9656808382854343,
      0.6697331158548405
    ],
    [
      0.9656808382854343,
      0.25314289553754876
    ],
    [
      0.9656808382854343,
      0.022758574308230806
    ],
    [
      0.9656808382854343,
      0.010574548889467406
    ],
    [
      0.9656808382854343,
      0.0
    ],
    [
      0.94574360891813,
      0.8463072725834987
    ],
    [
      0.94574360891813,
      0.5360527507784326
    ],
    [
      0.94574360891813,
      0.4046334476248663
    ],
    [
      0.94574360891813,
      0.3782620689642363
    ],
    [
      0.94574360891813,
      0.33911287467192064
    ],
    [
      0.94574360891813,
      0.022758574308230806
    ],
    [
      0.94574360891813,
      0.010574548889467406
    ],
    [
      0.94574360891813,
      0.0
    ],
    [
      0.0889095415698099,
      0.9326402965973477
    ],
    [
      0.0889095415698099,
      0.9153258036314085
    ],
    [
      0.0889095415698099,
      0.8927731180625529
    ],
    [
      0.0889095415698099,
      0.8463072725834987
    ],
    [
      0.9074960881017821,
      0.8927731180625529
    ],
    [
      0.9074960881017821,
      0.8463072725834987
    ],
    [
      0.9074960881017821,
      0.7143731864040154
    ],
    [
      0.9074960881017821,
      0.10114468166917334
    ],
    [
      0.9074960881017821,
      0.010574548889467406
    ],
    [
      0.10587976775041441,
      0.4046334476248663
    ],
    [
      0.10587976775041441,
      0.33911287467192064
    ],
    [
      0.12773673731631863,
      0.9326402965973477
    ],
    [
      0.12773673731631863,
      0.8927731180625529
    ],
    [
      0.12773673731631863,
      0.4046334476248663
    ],
    [
      0.12773673731631863,
      0.3782620689642363
    ],
    [
      0.12773673731631863,
      0.33911287467192064
    ],
    [
      0.8449006135859386,
      0.9326402965973477
    ],
    [
      0.8449006135859386,
      0.6482533783205356
    ],
    [
      0.8449006135859386,
      0.4046334476248663
    ],
    [
      0.8065579451696627,
      0.9326402965973477
    ],
    [
      0.8065579451696627,
      0.8463072725834987
    ],
    [
      0.8065579451696627,
      0.5360527507784326
    ],
    [
      0.22418547484732643,
      0.9326402965973477
    ],
    [
      0.22418547484732643,
      0.8463072725834987
    ],
    [
      0.22418547484732643,
      0.7143731864040154
    ],
    [
      0.7483018791872829,
      0.9326402965973477
    ],
    [
      0.7483018791872829,
      0.5634240926186167
    ],
    [
      0.7483018791872829,
      0.3782620689642363
    ],
    [
      0.33890958121625947,
      0.9326402965973477
    ],
    [
      0.33890958121625947,
      0.8927731180625529
    ],
    [
      0.33890958121625947,
      0.8463072725834987
    ],
    [
      0.6406534540710711,
      0.9326402965973477
    ],
    [
      0.6406534540710711,
      0.8463072725834987
    ],
    [
      0.5363921784426651,
      0.9326402965973477
    ],
    [
      0.5363921784426651,
      0.8927731180625529
    ],
    [
      0.5363921784426651,
      0.5634240926186167
    ],
    [
      0.5363921784426651,
      0.22625661150715415
    ],
    [
      0.5363921784426651,
      0.010574548889467406
    ]
  ]
}