{
  "run_id": 10,
  "seed": 27510,
  "pop": 20,
  "ngen": 5,
  "steps": 150,
  "base_seed": 7000,
  "elapsed_s": 0.8225390911102295,
  "hof_fitness": [
    [
      -859.6685028833869,
      0.15004689723126635
    ],
    [
      -852.6372125251958,
      0.14988093431034188
    ],
    [
      -852.5081192838579,
      0.1498807903969047
    ],
    [
      -850.8537151792428,
      0.14987894274019525
    ],
    [
      -849.1623418157221,
      0.1498770474339725
    ],
    [
      -849.0341254894265,
      0.14987690349650817
    ],
    [
      -848.3100153565094,
      0.14987608990864776
    ],
    [
      -846.4274483116454,
      0.1498739692233414
    ],
    [
      -845.3042577629573,
      0.14987270019495783
    ],
    [
      -845.2015533327688,
      0.14987258401477097
    ],
    [
      -836.0691127798975,
      0.14836980524403812
    ],
    [
      -834.9559517437781,
      0.14836608775744928
    ],
    [
      -834.4063747413996,
      0.14836425182604393
    ],
    [
      -834.2649333801949,
      0.1483637792616957
    ],
    [
      -833.5684798166023,
      0.1483614519997295
    ],
    [
      -831.7177917300198,
      0.14835526479763148
    ],
    [
      -830.6136232976266,
      0.14835157130843496
    ],
    [
      -830.5126583322192,
      0.14835123350038767
    ],
    [
      -830.1123474691442,
      0.14698265938779936
    ],
    [
      -829.9865794826452,
      0.14698208964970064
    ],
    [
      -827.2716344448748,
      0.1469697882854256
    ],
    [
      -825.8966305742867,
      0.14696355638086542
    ],
    [
      -824.0625750594169,
      0.14695524206858881
    ],
    [
      -823.9007813632761,
      0.14695450850885705
    ],
    [
      -822.9683311245348,
      0.14695028053467993
    ],
    [
      -822.8859485308758,
      0.14531053476487993
    ],
    [
      -822.0866633353905,
      0.14530602650612673
    ],
    [
      -821.1631784935526,
      0.14530081774607284
    ],
    [
      -819.5683898604673,
      0.14488477585125237
    ],
    [
      -818.476695588302,
      0.1448783555122916
    ],
    [
      -814.754777866476,
      0.14303406531323443
    ],
    [
      -813.0486631638196,
      0.14302240501929797
    ],
    [
      -811.9654668290993,
      0.1430150034102367
    ],
    [
      -811.4306845037673,
      0.14301134958169842
    ],
    [
      -811.3080323024371,
      0.1430105116145319
    ],
    [
      -808.8144865565273,
      0.14299347860415912
    ],
    [
      -808.3265780298459,
      0.1409740585407099
    ],
    [
      -808.2040396024654,
      0.14097311599176351
    ],
    [
      -806.6336444552752,
      0.1409610390557049
    ],
    [
      -805.5588174622154,
      0.14095277572069168
    ],
    [
      -804.2191300880494,
      0.1409424789621151
    ],
    [
      -802.6766973428568,
      0.14093062781938095
    ],
    [
      -802.2784300045342,
      0.13945447529485577
    ],
    [
      -799.8766901916407,
      0.13943479577072668
    ],
    [
      -793.2886309881997,
      0.1380856366504803
    ],
    [
      -793.203675529023,
      0.1355316569358876
    ],
    [
      -793.083385034282,
      0.13553056968305113
    ],
    [
      -791.541799854338,
      0.1355166414899856
    ],
    [
      -791.2016529280513,
      0.13538997094959287
    ],
    [
      -790.1469909601086,
      0.13538043411585932
    ],
    [
      -789.6262969799113,
      0.13537572750928525
    ],
    [
      -789.3764206855285,
      0.13537346927298427
    ],
    [
      -788.0821243964947,
      0.13364443500675516
    ],
    [
      -785.3823649634642,
      0.13361982406669956
    ],
    [
      -784.8647537221017,
      0.1336151100625336
    ],
    [
      -784.0755964967317,
      0.13360792582951111
    ],
    [
      -782.9353300848303,
      0.13359755118978545
    ]
  ],
  "hall_of_fame": [
    [
      0.029699169513238477,
      0.7674364443410141
    ],
    [
      0.03892918958164715,
      0.9744813146452334
    ],
    [
      0.03892918958164715,
      0.959495681205512
    ],
    [
      0.03892918958164715,
      0.7674364443410141
    ],
    [
      0.03892918958164715,
      0.5710668152822842
    ],
    [
      0.03892918958164715,
      0.556180042306004
    ],
    [
      0.03892918958164715,
      0.47210398292982736
    ],
    [
      0.03892918958164715,
      0.253503949180763
    ],
    [
      0.03892918958164715,
      0.12307015365485874
    ],
    [
      0.03892918958164715,
      0.11114288740396938
    ],
    [
      0.06163662800002956,
      0.7674364443410141
    ],
    [
      0.06163662800002956,
      0.6359740817347135
    ],
    [
      0.06163662800002956,
      0.5710668152822842
    ],
    [
      0.06163662800002956,
      0.5543616777086274
    ],
    [
      0.06163662800002956,
      0.47210398292982736
    ],
    [
      0.06163662800002956,
      0.253503949180763
    ],
    [
      0.06163662800002956,
      0.12307015365485874
    ],
    [
      0.06163662800002956,
      0.11114288740396938
    ],
    [
      0.9213041694780543,
      0.9744813146452334
    ],
    [
      0.9213041694780543,
      0.959495681205512
    ],
    [
      0.9213041694780543,
      0.6359740817347135
    ],
    [
      0.9213041694780543,
      0.47210398292982736
    ],
    [
      0.9213041694780543,
      0.253503949180763
    ],
    [
      0.9213041694780543,
      0.23421869303442555
    ],
    [
      0.9213041694780543,
      0.12307015365485874
    ],
    [
      0.09948100899674106,
      0.9744813146452334
    ],
    [
      0.09948100899674106,
      0.8784248497621157
    ],
    [
      0.09948100899674106,
      0.7674364443410141
    ],
    [
      0.8951287447279935,
      0.7674364443410141
    ],
    [
      0.8951287447279935,
      0.6359740817347135
    ],
    [
      0.8692631224320785,
      0.9744813146452334
    ],
    [
      0.8692631224320785,
      0.7674364443410141
    ],
    [
      0.8692631224320785,
      0.6359740817347135
    ],
    [
      0.8692631224320785,
      0.5710668152822842
    ],
    [
      0.8692631224320785,
      0.556180042306004
    ],
    [
      0.8692631224320785,
      0.253503949180763
    ],
    [
      0.8359211835464269,
      0.9744813146452334
    ],
    [
      0.8359211835464269,
      0.959495681205512
    ],
    [
      0.8359211835464269,
      0.7674364443410141
    ],
    [
      0.8359211835464269,
      0.6359740817347135
    ],
    [
      0.8359211835464269,
      0.47210398292982736
    ],
    [
      0.8359211835464269,
      0.2834168477151441
    ],
    [
      0.19314281721754034,
      0.7674364443410141
    ],
    [
      0.19314281721754034,
      0.47210398292982736
    ],
    [
      0.22356810254906578,
      0.11114288740396938
    ],
    [
      0.3090793834218104,
      0.9744813146452334
    ],
    [
      0.3090793834218104,
      0.959495681205512
    ],
    [
      0.3090793834218104,
      0.7674364443410141
    ],
    [
      0.3147791510434721,
      0.7674364443410141
    ],
    [
      0.3147791510434721,
      0.6359740817347135
    ],
    [
      0.3147791510434721,
      0.5710668152822842
    ],
    [
      0.3147791510434721,
      0.5399176168515958
    ],
    [
      0.45701011075666964,
      0.9744813146452334
    ],
    [
      0.45701011075666964,
      0.6359740817347135
    ],
    [
      0.45701011075666964,
      0.5710668152822842
    ],
    [
      0.45701011075666964,
      0.47210398292982736
    ],
    [
      0.45701011075666964,
      0.32910172835948326
    ]
  ]
}