{
  "run_id": 11,
  "seed": 27511,
  "pop": 20,
  "ngen": 5,
  "steps": 150,
  "base_seed": 7000,
  "elapsed_s": 0.903587818145752,
  "hof_fitness": [
    [
      -884.4266812113925,
      0.14785487588032653
    ],
    [
      -828.5853552410401,
      0.14707384504754478
    ],
    [
      -827.7027218491346,
      0.14689049630344553
    ],
    [
      -819.4249235273298,
      0.14524603181925191
    ],
    [
      -818.9160143485785,
      0.1452431476334345
    ],
    [
      -816.8693692885357,
      0.14421940448848042
    ],
    [
      -815.5893077774234,
      0.14421141395985412
    ],
    [
      -815.3394457658743,
      0.1442098543346971
    ],
    [
      -815.08272878338,
      0.1442082519514084
    ],
    [
      -812.9777078060425,
      0.14419511393129736
    ],
    [
      -812.6245012433868,
      0.1441929096742848
    ],
    [
      -811.069946533492,
      0.14222703349677862
    ],
    [
      -809.453205229573,
      0.14221541245392022
    ],
    [
      -808.6948399692122,
      0.14220996249012574
    ],
    [
      -808.5184948117878,
      0.14220869529495017
    ],
    [
      -808.4401708715571,
      0.1422081324809393
    ],
    [
      -806.351943405309,
      0.14219312988392083
    ],
    [
      -806.0015548968923,
      0.14219061309732267
    ],
    [
      -804.9807483378619,
      0.1421832816768071
    ],
    [
      -804.426777062994,
      0.14029749925269552
    ],
    [
      -803.6727341417205,
      0.1402915252740342
    ],
    [
      -803.1658087041095,
      0.14028750975659135
    ],
    [
      -800.5931678105526,
      0.1402671390969695
    ],
    [
      -799.2315666008075,
      0.14025636312375603
    ],
    [
      -798.0945490686578,
      0.1380407458005184
    ],
    [
      -797.6693390206617,
      0.13803709702977873
    ],
    [
      -797.3463243808269,
      0.13803432557407652
    ],
    [
      -797.2425530104952,
      0.13803343528595427
    ],
    [
      -796.5990749411666,
      0.13802791540745837
    ],
    [
      -794.2905230205014,
      0.13800812252293918
    ],
    [
      -793.9452713145408,
      0.13800516381773376
    ],
    [
      -792.9394307414923,
      0.13799654611882392
    ],
    [
      -792.5433330748275,
      0.13598578544913545
    ],
    [
      -792.1210241677543,
      0.13598199644420228
    ],
    [
      -791.8002134566584,
      0.13597911857575656
    ],
    [
      -791.3006317881309,
      0.13597463785238814
    ],
    [
      -791.0580626680197,
      0.13597246262645699
    ],
    [
      -790.8088387768424,
      0.13597022797241354
    ],
    [
      -790.0052307200557,
      0.13473783275166354
    ],
    [
      -789.2454421745247,
      0.1347309204166636
    ],
    [
      -787.7209420778447,
      0.134089344371759
    ],
    [
      -787.53054246966,
      0.13378219242445497
    ],
    [
      -786.1516512113708,
      0.13376962023847488
    ],
    [
      -786.0294838302568,
      0.13354955065796628
    ],
    [
      -785.9453225891167,
      0.13354570369860064
    ],
    [
      -785.5264651803806,
      0.13354188825803165
    ],
    [
      -785.2082764890376,
      0.13353899046899217
    ],
    [
      -785.2001647440338,
      0.13353604269549021
    ],
    [
      -784.2250047374107,
      0.13353003918742504
    ],
    [
      -781.8580420105125,
      0.13350851313949944
    ],
    [
      -780.8672327142106,
      0.1334995114738586
    ],
    [
      -780.2318840520842,
      0.13349374206003334
    ]
  ],
  "hall_of_fame": [
    [
      0.985828644839308,
      0.8389835801306061
    ],
    [
      0.9225215906870423,
      0.7346086800504629
    ],
    [
      0.9202952530065301,
      0.7346086800504629
    ],
    [
      0.1000707661793645,
      0.5800116517784164
    ],
    [
      0.1000707661793645,
      0.5188271339180963
    ],
    [
      0.11373178197137057,
      0.7346086800504629
    ],
    [
      0.11373178197137057,
      0.5800116517784164
    ],
    [
      0.11373178197137057,
      0.5498336040676048
    ],
    [
      0.11373178197137057,
      0.5188271339180963
    ],
    [
      0.11373178197137057,
      0.26456251706684364
    ],
    [
      0.11373178197137057,
      0.22189559557670202
    ],
    [
      0.1429622514254647,
      0.8389835801306061
    ],
    [
      0.1429622514254647,
      0.6421631373831757
    ],
    [
      0.1429622514254647,
      0.5498336040676048
    ],
    [
      0.1429622514254647,
      0.5283632827222204
    ],
    [
      0.1429622514254647,
      0.5188271339180963
    ],
    [
      0.1429622514254647,
      0.26456251706684364
    ],
    [
      0.1429622514254647,
      0.22189559557670202
    ],
    [
      0.1429622514254647,
      0.09758629328852331
    ],
    [
      0.176241200496436,
      0.7346086800504629
    ],
    [
      0.176241200496436,
      0.6421631373831757
    ],
    [
      0.176241200496436,
      0.5800116517784164
    ],
    [
      0.176241200496436,
      0.26456251706684364
    ],
    [
      0.176241200496436,
      0.09758629328852331
    ],
    [
      0.22580559698030656,
      0.7346086800504629
    ],
    [
      0.22580559698030656,
      0.6820731761558505
    ],
    [
      0.22580559698030656,
      0.6421631373831757
    ],
    [
      0.22580559698030656,
      0.6293414991976424
    ],
    [
      0.22580559698030656,
      0.5498336040676048
    ],
    [
      0.22580559698030656,
      0.26456251706684364
    ],
    [
      0.22580559698030656,
      0.22189559557670202
    ],
    [
      0.22580559698030656,
      0.09758629328852331
    ],
    [
      0.2896668913711167,
      0.7346086800504629
    ],
    [
      0.2896668913711167,
      0.6820731761558505
    ],
    [
      0.2896668913711167,
      0.6421631373831757
    ],
    [
      0.2896668913711167,
      0.5800116517784164
    ],
    [
      0.2896668913711167,
      0.5498336040676048
    ],
    [
      0.2896668913711167,
      0.5188271339180963
    ],
    [
      0.34899904321097963,
      0.8389835801306061
    ],
    [
      0.34899904321097963,
      0.7440730502813929
    ],
    [
      0.3958182272546237,
      0.7715148377814517
    ],
    [
      0.4309823639919421,
      0.8548810314485984
    ],
    [
      0.4309823639919421,
      0.6820731761558505
    ],
    [
      0.4834329621500043,
      0.7440730502813929
    ],
    [
      0.5145104418207996,
      0.7346086800504629
    ],
    [
      0.5145104418207996,
      0.6820731761558505
    ],
    [
      0.5145104418207996,
      0.6421631373831757
    ],
    [
      0.5122841041402875,
      0.6421631373831757
    ],
    [
      0.5145104418207996,
      0.5188271339180963
    ],
    [
      0.5145104418207996,
      0.22189559557670202
    ],
    [
      0.5145104418207996,
      0.09758629328852331
    ],
    [
      0.5145104418207996,
      0.01786961236840401
    ]
  ]
}