{
  "run_id": 6,
  "seed": 27506,
  "pop": 20,
  "ngen": 5,
  "steps": 150,
  "base_seed": 7000,
  "elapsed_s": 0.9999058246612549,
  "hof_fitness": [
    [
      -891.7287774529925,
      0.14659847848505472
    ],
    [
      -820.8753920417294,
      0.14480451825154658
    ],
    [
      -820.3326759178537,
      0.14480129879045914
    ],
    [
      -817.8977997813452,
      0.14478685565371052
    ],
    [
      -816.6394627650234,
      0.14477939203873605
    ],
    [
      -816.5452686944082,
      0.14477883335782948
    ],
    [
      -815.8197876125784,
      0.14477453047966532
    ],
    [
      -814.7639104234617,
      0.14476826822967082
    ],
    [
      -812.3495125606931,
      0.1424761159751483
    ],
    [
      -806.1827791251667,
      0.14026854021725502
    ],
    [
      -805.6495734458761,
      0.14026430571253676
    ],
    [
      -802.0210883858867,
      0.1402355052064095
    ],
    [
      -801.2157811692673,
      0.14022911687051706
    ],
    [
      -799.868746785631,
      0.14021843409779478
    ],
    [
      -799.7762165048129,
      0.14021770041503187
    ],
    [
      -799.3816676007532,
      0.13784427836617588
    ],
    [
      -798.8528710459784,
      0.1378397111589149
    ],
    [
      -796.4804505151516,
      0.13781923136270344
    ],
    [
      -796.0069886133139,
      0.13781514633445546
    ],
    [
      -794.4557479434153,
      0.13780176714500125
    ],
    [
      -794.3639751420915,
      0.1378009758558592
    ],
    [
      -794.0110745920792,
      0.13585803918729933
    ],
    [
      -791.1289783870542,
      0.1358321184630013
    ],
    [
      -790.0606992591526,
      0.13582251938475015
    ],
    [
      -789.9110035926732,
      0.13582117466272525
    ],
    [
      -789.4568203240544,
      0.13581709528261365
    ],
    [
      -788.1680589336909,
      0.13370104868964813
    ],
    [
      -787.7807857568798,
      0.13356050699153643
    ],
    [
      -787.2595204431261,
      0.13355575361372976
    ],
    [
      -786.4669671793547,
      0.1335478677848098
    ],
    [
      -785.3622419255689,
      0.13353846508002337
    ],
    [
      -783.7123003010344,
      0.1335234464178723
    ],
    [
      -781.9109013956956,
      0.1335070661728707
    ],
    [
      -780.9772977766967,
      0.13349858385637528
    ]
  ],
  "hall_of_fame": [
    [
      0.9885054581913431,
      0.9001174174716535
    ],
    [
      0.1060531396739236,
      0.9654901181108362
    ],
    [
      0.1060531396739236,
      0.9001174174716535
    ],
    [
      0.1060531396739236,
      0.6067981934695322
    ],
    [
      0.1060531396739236,
      0.455194381801139
    ],
    [
      0.1060531396739236,
      0.4438454543379471
    ],
    [
      0.1060531396739236,
      0.3564340065245981
    ],
    [
      0.1060531396739236,
      0.22920695855066076
    ],
    [
      0.1391222881445721,
      0.9001174174716535
    ],
    [
      0.17707949092525577,
      0.9654901181108362
    ],
    [
      0.17707949092525577,
      0.9001174174716535
    ],
    [
      0.17707949092525577,
      0.455194381801139
    ],
    [
      0.17707949092525577,
      0.3564340065245981
    ],
    [
      0.17707949092525577,
      0.19122654027377528
    ],
    [
      0.17707949092525577,
      0.17987761281058334
    ],
    [
      0.7686623492095379,
      0.9654901181108362
    ],
    [
      0.7686623492095379,
      0.9001174174716535
    ],
    [
      0.7686623492095379,
      0.6067981934695322
    ],
    [
      0.7686623492095379,
      0.5482553095052894
    ],
    [
      0.7686623492095379,
      0.3564340065245981
    ],
    [
      0.7686623492095379,
      0.3450850790614062
    ],
    [
      0.2953415047734389,
      0.9654901181108362
    ],
    [
      0.2953415047734389,
      0.6067981934695322
    ],
    [
      0.2953415047734389,
      0.473827962702124
    ],
    [
      0.2953415047734389,
      0.455194381801139
    ],
    [
      0.2953415047734389,
      0.3986581502122829
    ],
    [
      0.4452888227245868,
      0.9654901181108362
    ],
    [
      0.513059322574428,
      0.9654901181108362
    ],
    [
      0.513059322574428,
      0.9001174174716535
    ],
    [
      0.5125225859746039,
      0.8009522232919093
    ],
    [
      0.513059322574428,
      0.6621574680011121
    ],
    [
      0.513059322574428,
      0.455194381801139
    ],
    [
      0.513059322574428,
      0.22920695855066076
    ],
    [
      0.513059322574428,
      0.11207469839535855
    ]
  ]
}