{
  "run_id": 17,
  "seed": 27517,
  "pop": 20,
  "ngen": 5,
  "steps": 150,
  "base_seed": 7000,
  "elapsed_s": 0.883894681930542,
  "hof_fitness": [
    [
      -970.7315678556058,
      0.12351300713937445
    ]
  ],
  "hall_of_fame": [
    [
      0.00037436621461128805,
      0.8068023300911262
    ]
  ]
}