{
  "run_id": 18,
  "seed": 27518,
  "pop": 20,
  "ngen": 5,
  "steps": 150,
  "base_seed": 7000,
  "elapsed_s": 0.850553035736084,
  "hof_fitness": [
    [
      -883.5889997187917,
      0.14723946474792016
    ],
    [
      -821.7727900460097,
      0.14496824308963874
    ],
    [
      -821.4076113383013,
      0.14496611025421896
    ],
    [
      -820.6279622073214,
      0.1449615567703422
    ],
    [
      -819.2634289236169,
      0.14495358756640864
    ],
    [
      -818.0247380529868,
      0.14494635359534044
    ],
    [
      -817.0263712244179,
      0.1437528164676043
    ],
    [
      -814.7267136889276,
      0.14307061651019362
    ],
    [
      -812.2021763339936,
      0.14305340810221184
    ],
    [
      -811.6565410567104,
      0.14235386859605292
    ],
    [
      -811.1387760167604,
      0.14194838980154179
    ],
    [
      -810.3686658679703,
      0.1419427607851429
    ],
    [
      -807.2360910567087,
      0.14065511902717556
    ],
    [
      -806.4696099342692,
      0.14064913553421093
    ],
    [
      -804.7881433623744,
      0.14063601313712945
    ],
    [
      -804.7342842837642,
      0.14063559290158603
    ],
    [
      -802.2700645196129,
      0.1406163716785032
    ],
    [
      -800.1872506463513,
      0.14060013441330618
    ],
    [
      -798.5686332010549,
      0.13757347648201637
    ],
    [
      -798.1054009968276,
      0.1374030770511693
    ],
    [
      -794.0393542194356,
      0.13679130309784585
    ],
    [
      -793.4267743995651,
      0.13678588737968309
    ],
    [
      -793.2261640685197,
      0.13678411411258184
    ],
    [
      -793.085120534796,
      0.13643615222505212
    ],
    [
      -793.024881522116,
      0.1355188667723348
    ],
    [
      -792.2716324166432,
      0.13551205905733105
    ],
    [
      -791.7728783015849,
      0.13505394129546003
    ],
    [
      -790.5982530663242,
      0.13489036048279882
    ],
    [
      -788.9219679373156,
      0.13400280620389013
    ],
    [
      -788.0051515849893,
      0.13370005357545703
    ],
    [
      -787.6939311742032,
      0.13355563756833383
    ],
    [
      -787.6832407890447,
      0.13355176484061446
    ],
    [
      -787.6824928824993,
      0.13355149391594948
    ],
    [
      -786.9349727577506,
      0.13354494243073908
    ],
    [
      -785.2761398171752,
      0.13353360386916488
    ],
    [
      -785.2408849785836,
      0.13352950778635203
    ],
    [
      -782.8352318231441,
      0.13350761725070515
    ],
    [
      -782.2388130790449,
      0.13350219498385657
    ],
    [
      -780.8125252345832,
      0.13349301063112717
    ],
    [
      -780.8019265831477,
      0.13348913973250645
    ]
  ],
  "hall_of_fame": [
    [
      0.987309254518404,
      0.34794112573588964
    ],
    [
      0.8960723611966683,
      1.0
    ],
    [
      0.8960723611966683,
      0.9560455120916483
    ],
    [
      0.8960723611966683,
      0.8622002555826215
    ],
    [
      0.8960723611966683,
      0.6979424607881269
    ],
    [
      0.8960723611966683,
      0.5488211761076858
    ],
    [
      0.8796507212322084,
      0.9560455120916483
    ],
    [
      0.8698193469636545,
      0.9560455120916483
    ],
    [
      0.8698193469636545,
      0.6497160926402039
    ],
    [
      0.14098994327788883,
      0.8622002555826215
    ],
    [
      0.1475328375490135,
      0.9560455120916483
    ],
    [
      0.1475328375490135,
      0.8622002555826215
    ],
    [
      0.8301803385328022,
      0.9560455120916483
    ],
    [
      0.8301803385328022,
      0.8622002555826215
    ],
    [
      0.8301803385328022,
      0.6563112903087942
    ],
    [
      0.8301803385328022,
      0.6497160926402039
    ],
    [
      0.8301803385328022,
      0.34794112573588964
    ],
    [
      0.8301803385328022,
      0.09283720533108564
    ],
    [
      0.7613460755422797,
      0.9560455120916483
    ],
    [
      0.24344609042603535,
      0.9560455120916483
    ],
    [
      0.26125227996679334,
      0.6497160926402039
    ],
    [
      0.26125227996679334,
      0.5737119947418095
    ],
    [
      0.26125227996679334,
      0.5488211761076858
    ],
    [
      0.27303772202999144,
      0.6497160926402039
    ],
    [
      0.309585336204264,
      0.9560455120916483
    ],
    [
      0.309585336204264,
      0.8622002555826215
    ],
    [
      0.6681278398775516,
      0.9560455120916483
    ],
    [
      0.6596878440413178,
      0.8622002555826215
    ],
    [
      0.40549858908128583,
      0.9560455120916483
    ],
    [
      0.554802907690706,
      0.9448960309888226
    ],
    [
      0.4907320862411827,
      0.9560455120916483
    ],
    [
      0.49726501753625507,
      0.9560455120916483
    ],
    [
      0.5014118419583077,
      0.9560455120916483
    ],
    [
      0.49726501753625507,
      0.8622002555826215
    ],
    [
      0.4907320862411827,
      0.6528013500962937
    ],
    [
      0.49726501753625507,
      0.6497160926402039
    ],
    [
      0.49726501753625507,
      0.34794112573588964
    ],
    [
      0.49726501753625507,
      0.27311641894668853
    ],
    [
      0.4907320862411827,
      0.09283720533108564
    ],
    [
      0.49726501753625507,
      0.09283720533108564
    ]
  ]
}