{
  "run_id": 0,
  "seed": 27500,
  "pop": 20,
  "ngen": 5,
  "steps": 150,
  "base_seed": 7000,
  "elapsed_s": 0.8917181491851807,
  "hof_fitness": [
    [
      -917.8968388544954,
      0.13980688529159677
    ],
    [
      -797.541210660764,
      0.13714176953977256
    ],
    [
      -797.3219915885289,
      0.13713984282151692
    ],
    [
      -796.7138812448418,
      0.13713449900668268
    ],
    [
      -796.3366111531798,
      0.13713118436211078
    ],
    [
      -795.9606040231716,
      0.13712788130470574
    ],
    [
      -794.0719116755506,
      0.13711129738672148
    ],
    [
      -793.8403100834732,
      0.13710926462890793
    ],
    [
      -792.5568458865062,
      0.1352916980611882
    ],
    [
      -792.3389709763206,
      0.13528972352632068
    ],
    [
      -791.7345894121368,
      0.13528424730116537
    ],
    [
      -791.3596327155507,
      0.1352808506811085
    ],
    [
      -790.9859312894293,
      0.13527746605332755
    ],
    [
      -790.9088770190016,
      0.13497760684124477
    ],
    [
      -790.8122742303477,
      0.13497672920783246
    ],
    [
      -788.6993973763923,
      0.13394660572105413
    ],
    [
      -788.5809877101608,
      0.13390334837125356
    ],
    [
      -787.9794201914723,
      0.13389785918467334
    ],
    [
      -787.889936547779,
      0.13357506250980086
    ],
    [
      -787.8341748620232,
      0.13355486064276995
    ],
    [
      -787.6175745317182,
      0.1335528852632321
    ],
    [
      -786.2724505718326,
      0.1335406236026936
    ],
    [
      -784.4063234014653,
      0.1335236291336053
    ],
    [
      -784.1774890488676,
      0.13352154649924702
    ],
    [
      -781.3663637163246,
      0.1335156762581002
    ],
    [
      -780.6722829678181,
      0.13350937153543452
    ],
    [
      -780.6715828937085,
      0.13350936517760195
    ],
    [
      -780.6163230013577,
      0.13348917319215892
    ]
  ],
  "hall_of_fame": [
    [
      0.005071427534048989,
      0.974363891074215
    ],
    [
      0.7488745204840754,
      0.974363891074215
    ],
    [
      0.7488745204840754,
      0.9471995219767291
    ],
    [
      0.7488745204840754,
      0.8718439370841955
    ],
    [
      0.7488745204840754,
      0.8250920180563502
    ],
    [
      0.7488745204840754,
      0.7784954586353174
    ],
    [
      0.7488745204840754,
      0.5444225491533554
    ],
    [
      0.7488745204840754,
      0.5157172840235198
    ],
    [
      0.3200841593158338,
      0.974363891074215
    ],
    [
      0.3200841593158338,
      0.9471995219767291
    ],
    [
      0.3200841593158338,
      0.8718439370841955
    ],
    [
      0.3200841593158338,
      0.8250920180563502
    ],
    [
      0.3200841593158338,
      0.7784954586353174
    ],
    [
      0.33558442041568526,
      0.8718439370841955
    ],
    [
      0.33558442041568526,
      0.8597866735427614
    ],
    [
      0.5886201827742321,
      0.9471995219767291
    ],
    [
      0.5837304855736061,
      0.9471995219767291
    ],
    [
      0.5837304855736061,
      0.8718439370841955
    ],
    [
      0.47874438286109633,
      0.974363891074215
    ],
    [
      0.5065722498592403,
      0.974363891074215
    ],
    [
      0.5065722498592403,
      0.9471995219767291
    ],
    [
      0.5065722498592403,
      0.7784954586353174
    ],
    [
      0.5065722498592403,
      0.5444225491533554
    ],
    [
      0.5065722498592403,
      0.5157172840235198
    ],
    [
      0.47874438286109633,
      0.15611113958599732
    ],
    [
      0.47874438286109633,
      0.06903150386464907
    ],
    [
      0.47874438286109633,
      0.06894367026654058
    ],
    [
      0.5065722498592403,
      0.06894367026654058
    ]
  ]
}