{
  "run_id": 12,
  "seed": 27512,
  "pop": 20,
  "ngen": 5,
  "steps": 150,
  "base_seed": 7000,
  "elapsed_s": 0.8338367938995361,
  "hof_fitness": [
    [
      -854.204915300916,
      0.14998128901151409
    ],
    [
      -854.2017955195263,
      0.14998128663593946
    ],
    [
      -851.2558968850706,
      0.14997903309769406
    ],
    [
      -850.966388762726,
      0.14997881051530623
    ],
    [
      -848.894356803908,
      0.14997721166204903
    ],
    [
      -848.0875425998889,
      0.14997658634041672
    ],
    [
      -847.094232616097,
      0.14997581435833848
    ],
    [
      -826.828664522064,
      0.14646088060190135
    ],
    [
      -826.8256422354971,
      0.14646086578671386
    ],
    [
      -824.9507354928553,
      0.1464516742866279
    ],
    [
      -824.4509628169777,
      0.14644922396230603
    ],
    [
      -821.6840974353145,
      0.1464356564735518
    ],
    [
      -821.2650054516656,
      0.14511356054903174
    ],
    [
      -821.2620030455786,
      0.14511354327591874
    ],
    [
      -816.1542852048052,
      0.14508415962814994
    ],
    [
      -814.6174697935622,
      0.14324878584273276
    ],
    [
      -811.5254844404609,
      0.1432279775227748
    ],
    [
      -809.5472285712257,
      0.14321466857609425
    ],
    [
      -809.2693778638904,
      0.14321279956906346
    ],
    [
      -808.776932985024,
      0.14320948722136392
    ],
    [
      -807.8285858454047,
      0.14320310890508084
    ],
    [
      -801.0890667281831,
      0.13874108758618448
    ],
    [
      -801.0861365562696,
      0.1387410629522219
    ],
    [
      -800.9812255051081,
      0.13874018098004914
    ],
    [
      -800.6044713732184,
      0.13873701390790558
    ],
    [
      -799.2683775902829,
      0.13872578553182333
    ],
    [
      -798.9268589362263,
      0.13766664123433636
    ],
    [
      -798.1177583655375,
      0.13765962053489822
    ],
    [
      -798.1148388493059,
      0.13765959520558227
    ],
    [
      -798.0103093124849,
      0.13765868833983974
    ],
    [
      -796.3036906117766,
      0.13764388721044585
    ],
    [
      -795.3580624521627,
      0.13763569001271284
    ],
    [
      -795.0871423564442,
      0.13763334206545663
    ],
    [
      -793.4601525063425,
      0.13593402199528312
    ],
    [
      -793.3128625693316,
      0.1359326985459907
    ],
    [
      -792.832798142068,
      0.13592838562166532
    ],
    [
      -792.3368323262754,
      0.1352247664747113
    ],
    [
      -791.3451291557583,
      0.1351472183412157
    ],
    [
      -788.7189113488852,
      0.13417635623467475
    ],
    [
      -788.7160255704378,
      0.13417632991167175
    ],
    [
      -788.6127039756594,
      0.1341753874783874
    ],
    [
      -787.708328482501,
      0.13380639866518074
    ],
    [
      -787.5620866371283,
      0.13380506467019646
    ],
    [
      -787.0616720653034,
      0.13357115921706697
    ],
    [
      -787.0587922409384,
      0.1335711329624798
    ],
    [
      -784.0722621248599,
      0.13354393002748766
    ],
    [
      -782.1596443077635,
      0.13352653453369673
    ],
    [
      -781.4149090882587,
      0.1335197664942296
    ]
  ],
  "hall_of_fame": [
    [
      0.036078303300847936,
      0.8692000927533886
    ],
    [
      0.036078303300847936,
      0.8688389390876086
    ],
    [
      0.036078303300847936,
      0.5277860412448065
    ],
    [
      0.036078303300847936,
      0.4942660229634893
    ],
    [
      0.036078303300847936,
      0.25434474234978877
    ],
    [
      0.036078303300847936,
      0.16091589986773427
    ],
    [
      0.036078303300847936,
      0.04588509298910648
    ],
    [
      0.9149845853572381,
      0.8692000927533886
    ],
    [
      0.9149845853572381,
      0.8688389390876086
    ],
    [
      0.9149845853572381,
      0.6447807510863064
    ],
    [
      0.9149845853572381,
      0.585051791809552
    ],
    [
      0.9149845853572381,
      0.25434474234978877
    ],
    [
      0.898044162818999,
      0.8692000927533886
    ],
    [
      0.898044162818999,
      0.8688389390876086
    ],
    [
      0.898044162818999,
      0.25434474234978877
    ],
    [
      0.12749534009772823,
      0.8692000927533886
    ],
    [
      0.12749534009772823,
      0.4942660229634893
    ],
    [
      0.12749534009772823,
      0.25434474234978877
    ],
    [
      0.12749534009772823,
      0.22064485914448861
    ],
    [
      0.12749534009772823,
      0.16091589986773427
    ],
    [
      0.12749534009772823,
      0.04588509298910648
    ],
    [
      0.7909890387518833,
      0.8692000927533886
    ],
    [
      0.7909890387518833,
      0.8688389390876086
    ],
    [
      0.7909890387518833,
      0.8559082496370558
    ],
    [
      0.7909890387518833,
      0.8094711334766342
    ],
    [
      0.7909890387518833,
      0.6447807510863064
    ],
    [
      0.7638815744633954,
      0.9692858163726752
    ],
    [
      0.7638815744633954,
      0.8692000927533886
    ],
    [
      0.7638815744633954,
      0.8688389390876086
    ],
    [
      0.7638815744633954,
      0.8559082496370558
    ],
    [
      0.7638815744633954,
      0.6447807510863064
    ],
    [
      0.7638815744633954,
      0.5277860412448065
    ],
    [
      0.7638815744633954,
      0.4942660229634893
    ],
    [
      0.7079444055031988,
      0.8692000927533886
    ],
    [
      0.7079444055031988,
      0.8508748594767727
    ],
    [
      0.7079444055031988,
      0.7911459002000183
    ],
    [
      0.6767003342360466,
      0.9692858163726752
    ],
    [
      0.32677934673499076,
      0.8692000927533886
    ],
    [
      0.6112527232963626,
      0.8692000927533886
    ],
    [
      0.6112527232963626,
      0.8688389390876086
    ],
    [
      0.6112527232963626,
      0.8559082496370558
    ],
    [
      0.42774708898859193,
      0.8692000927533886
    ],
    [
      0.42774708898859193,
      0.8508748594767727
    ],
    [
      0.5229658349769678,
      0.8692000927533886
    ],
    [
      0.5229658349769678,
      0.8688389390876086
    ],
    [
      0.5229658349769678,
      0.4942660229634893
    ],
    [
      0.5229658349769678,
      0.25434474234978877
    ],
    [
      0.5229658349769678,
      0.16091589986773427
    ]
  ]
}