{
  "run_id": 2,
  "seed": 27502,
  "pop": 20,
  "ngen": 5,
  "steps": 150,
  "base_seed": 7000,
  "elapsed_s": 0.8981189727783203,
  "hof_fitness": [
    [
      -891.4996831038734,
      0.14602910032565597
    ],
    [
      -824.4490829605177,
      0.14569814420322924
    ],
    [
      -824.1674097492569,
      0.14569662189031937
    ],
    [
      -821.6075846113893,
      0.1456827868040184
    ],
    [
      -821.0755000129917,
      0.14567991095355892
    ],
    [
      -819.1804380825445,
      0.1456696681304196
    ],
    [
      -818.8050368046028,
      0.1451034607202703
    ],
    [
      -816.9150993771344,
      0.14509259302152616
    ],
    [
      -810.2072955025999,
      0.1415937459422783
    ],
    [
      -810.0191593839597,
      0.14159234355330635
    ],
    [
      -807.8256899056431,
      0.14157599709075314
    ],
    [
      -807.4138356496245,
      0.14157292862182294
    ],
    [
      -805.1387518001346,
      0.13987700279751078
    ],
    [
      -804.8635371501679,
      0.1398747812487866
    ],
    [
      -802.7717423143453,
      0.139857901639255
    ],
    [
      -802.3624124114169,
      0.1398545997104191
    ],
    [
      -802.3496715760019,
      0.13985449694026633
    ],
    [
      -801.8425305000799,
      0.13985040653018757
    ],
    [
      -800.7869602281096,
      0.13842285430324197
    ],
    [
      -799.8581802675541,
      0.13798786182638367
    ],
    [
      -799.5847349058484,
      0.1379855091012437
    ],
    [
      -797.5063887195068,
      0.1379676344784488
    ],
    [
      -797.0996907046136,
      0.13796413825627832
    ],
    [
      -796.7424901786542,
      0.13684139246857754
    ],
    [
      -796.5574187617696,
      0.13683975527386705
    ],
    [
      -794.3996831641699,
      0.1368206764684694
    ],
    [
      -793.9945389884662,
      0.13681709604110526
    ],
    [
      -793.4799734419042,
      0.13681254946739807
    ],
    [
      -790.7964091710786,
      0.1347320857344885
    ],
    [
      -789.1976600444924,
      0.13404659745157105
    ],
    [
      -788.7602503172288,
      0.1338867254553582
    ],
    [
      -788.5769986559677,
      0.1338850529160801
    ],
    [
      -788.4905279773831,
      0.13388426375914955
    ],
    [
      -787.8371449082657,
      0.13364636203621877
    ],
    [
      -785.3879326857814,
      0.13362403653636526
    ],
    [
      -784.8788422606607,
      0.1336194000756075
    ],
    [
      -783.88728569909,
      0.1336103736723532
    ],
    [
      -783.3077341063063,
      0.13360510033291467
    ]
  ],
  "hall_of_fame": [
    [
      0.9894469617774092,
      0.5713646287885185
    ],
    [
      0.9054478395483728,
      0.9760813786842278
    ],
    [
      0.9054478395483728,
      0.9422932446609941
    ],
    [
      0.9054478395483728,
      0.635202476745664
    ],
    [
      0.9054478395483728,
      0.5713646287885185
    ],
    [
      0.9054478395483728,
      0.3439841546037822
    ],
    [
      0.8980977415088613,
      0.5713646287885185
    ],
    [
      0.8980977415088613,
      0.3439841546037822
    ],
    [
      0.15339382330692164,
      0.9760813786842278
    ],
    [
      0.15339382330692164,
      0.9531254982560661
    ],
    [
      0.15339382330692164,
      0.685463815820864
    ],
    [
      0.15339382330692164,
      0.635202476745664
    ],
    [
      0.18475862816044386,
      0.9760813786842278
    ],
    [
      0.18475862816044386,
      0.9422932446609941
    ],
    [
      0.18475862816044386,
      0.685463815820864
    ],
    [
      0.18475862816044386,
      0.635202476745664
    ],
    [
      0.18475862816044386,
      0.6336380170811049
    ],
    [
      0.18475862816044386,
      0.5713646287885185
    ],
    [
      0.21665558995286782,
      0.9422932446609941
    ],
    [
      0.7724015287710279,
      0.9760813786842278
    ],
    [
      0.7724015287710279,
      0.9422932446609941
    ],
    [
      0.7724015287710279,
      0.685463815820864
    ],
    [
      0.7724015287710279,
      0.635202476745664
    ],
    [
      0.7396024817061558,
      0.9760813786842278
    ],
    [
      0.7396024817061558,
      0.9531254982560661
    ],
    [
      0.7396024817061558,
      0.685463815820864
    ],
    [
      0.7396024817061558,
      0.635202476745664
    ],
    [
      0.7396024817061558,
      0.5713646287885185
    ],
    [
      0.34979345346613,
      0.9422932446609941
    ],
    [
      0.59872749543935,
      0.9760813786842278
    ],
    [
      0.4184843231829094,
      0.9760813786842278
    ],
    [
      0.4184843231829094,
      0.9531254982560661
    ],
    [
      0.4184843231829094,
      0.9422932446609941
    ],
    [
      0.5439742924257337,
      0.9422932446609941
    ],
    [
      0.5439742924257337,
      0.635202476745664
    ],
    [
      0.5439742924257337,
      0.5713646287885185
    ],
    [
      0.5439742924257337,
      0.44702127627294486
    ],
    [
      0.5439742924257337,
      0.37434043218889557
    ]
  ]
}