{
  "config": {
    "experiment": "bimodal_ablation",
    "pop_sizes": [
      10,
      20,
      30,
      50
    ],
    "ngen_list": [
      5,
      10,
      15,
      25
    ],
    "n_runs_per_cell": 20,
    "steps": 150,
    "n_eval_episodes": 5,
    "eval_seed": 42,
    "escape_threshold": 9.0,
    "base_seed": 7000,
    "purpose": "Budget ablation to explain bimodal convergence (reviewer CRITICAL #2)"
  },
  "global_reference_point": [
    -702.0661559263656,
    0.16506196503697598
  ],
  "escape_threshold": 9.0,
  "escape_rate_matrix": {
    "10": {
      "5": 0.15,
      "10": 0.2,
      "15": 0.25,
      "25": 0.25
    },
    "20": {
      "5": 0.2,
      "10": 0.25,
      "15": 0.3,
      "25": 0.3
    },
    "30": {
      "5": 0.4,
      "10": 0.6,
      "15": 0.65,
      "25": 0.7
    },
    "50": {
      "5": 0.5,
      "10": 0.65,
      "15": 0.75,
      "25": 0.8
    }
  },
  "mean_hv_matrix": {
    "10": {
      "5": 5.365153650177865,
      "10": 5.758748052997737,
      "15": 6.171003973978779,
      "25": 6.171567563520855
    },
    "20": {
      "5": 6.205170854377942,
      "10": 6.618434934364461,
      "15": 7.008410235068849,
      "25": 7.012874908070406
    },
    "30": {
      "5": 8.104456182070145,
      "10": 9.183084977262368,
      "15": 9.401825249794545,
      "25": 9.784700657144125
    },
    "50": {
      "5": 8.91273216464121,
      "10": 9.79772549934827,
      "15": 10.307667198078613,
      "25": 10.65545696662888
    }
  },
  "cells": {
    "pop10_ngen5": {
      "hv_per_run": [
        4.094292648015063,
        3.9933219097870865,
        4.797643571840043,
        3.4571291793747174,
        5.297412340690096,
        3.66582822183572,
        4.251922744579702,
        8.024076736017529,
        4.14598350230076,
        3.8006484523679616,
        4.068166390044203,
        3.9196208181286174,
        3.9084927751444654,
        3.8386331658743704,
        4.949093733818756,
        3.3257965181166003,
        11.771724766093046,
        11.18758293235796,
        11.738051273070594,
        3.0676513241000065
      ],
      "stats": {
        "mean": 5.365153650177865,
        "std": 2.8652938281156497,
        "median": 4.081229519029633,
        "min": 3.0676513241000065,
        "max": 11.771724766093046,
        "n": 20,
        "ci_lower": 4.260341370085144,
        "ci_upper": 6.679927307838634,
        "ci_width": 2.4195859377534896
      }
    },
    "pop10_ngen10": {
      "hv_per_run": [
        11.481152156396158,
        3.9971691434618224,
        4.797643571840043,
        3.457226583394554,
        5.297412340690096,
        3.665886318569236,
        4.275697747888373,
        8.024076736017529,
        4.421779794517087,
        3.9663120573669737,
        4.0830370432607594,
        3.9196218309002435,
        3.908517540765204,
        3.8386331658743704,
        4.949117186676682,
        3.3266675467139972,
        11.771724766093046,
        11.18758293235796,
        11.738051273070594,
        3.0676513241000065
      ],
      "stats": {
        "mean": 5.758748052997737,
        "std": 3.1412993132599034,
        "median": 4.179367395574566,
        "min": 3.0676513241000065,
        "max": 11.771724766093046,
        "n": 20,
        "ci_lower": 4.517976123101006,
        "ci_upper": 7.197847730850316,
        "ci_width": 2.67987160774931
      }
    },
    "pop10_ngen15": {
      "hv_per_run": [
        11.823686432771918,
        3.9971691434618224,
        4.797643571840043,
        3.457226583394554,
        5.297412340690096,
        3.665886318569236,
        4.275996869819824,
        8.024076736017529,
        4.471444956764086,
        11.818931916433606,
        4.0830370432607594,
        3.9196218309002435,
        3.908517540765204,
        3.8386331658743704,
        4.949117186676682,
        3.3266675467139972,
        11.771724766093046,
        11.18758293235796,
        11.738051273070594,
        3.0676513241000065
      ],
      "stats": {
        "mean": 6.171003973978779,
        "std": 3.4144254023479332,
        "median": 4.373720913291955,
        "min": 3.0676513241000065,
        "max": 11.823686432771918,
        "n": 20,
        "ci_lower": 4.808812802407624,
        "ci_upper": 7.667290721082067,
        "ci_width": 2.858477918674443
      }
    },
    "pop10_ngen25": {
      "hv_per_run": [
        11.823686432771918,
        3.9971691434618224,
        4.797643571840043,
        3.457226583394554,
        5.297412340690096,
        3.665886318569236,
        4.277403861625982,
        8.024076736017529,
        4.481152899044921,
        11.818931916433606,
        4.0830370432607594,
        3.9197786876547798,
        3.908517540765204,
        3.8386331658743704,
        4.949117186676682,
        3.3266675467139972,
        11.771724766093046,
        11.18758293235796,
        11.738051273070594,
        3.0676513241000065
      ],
      "stats": {
        "mean": 6.171567563520855,
        "std": 3.414125212622865,
        "median": 4.379278380335451,
        "min": 3.0676513241000065,
        "max": 11.823686432771918,
        "n": 20,
        "ci_lower": 4.809854338367903,
        "ci_upper": 7.667367350841285,
        "ci_width": 2.8575130124733823
      }
    },
    "pop20_ngen5": {
      "hv_per_run": [
        6.028974833676006,
        4.13434997892157,
        4.851659109820252,
        3.8870244381007044,
        5.368565509830159,
        11.814196026721975,
        4.823448788236221,
        11.776902791666975,
        4.431195101679384,
        3.902936130077073,
        4.128234058050564,
        4.603955159423773,
        4.024503376371495,
        7.5976658247762066,
        4.985785905467955,
        5.561193129905127,
        11.816451112708574,
        11.162767888789775,
        4.645621653206399,
        4.557986270128632
      ],
      "stats": {
        "mean": 6.205170854377942,
        "std": 2.9179120463115384,
        "median": 4.837553949028237,
        "min": 3.8870244381007044,
        "max": 11.816451112708574,
        "n": 20,
        "ci_lower": 5.043522693028782,
        "ci_upper": 7.515494231737058,
        "ci_width": 2.471971538708276
      }
    },
    "pop20_ngen10": {
      "hv_per_run": [
        6.029462626996661,
        4.139653646577285,
        4.9249065469363575,
        3.9093476191049974,
        5.398771115123197,
        11.814196026733121,
        4.824781224676054,
        11.776902791666975,
        5.306303556240547,
        3.9146396534009424,
        4.144545585295502,
        4.613776243661841,
        4.0245745011317275,
        7.5976658247762066,
        4.992687407491719,
        5.567575359244779,
        11.816451112708577,
        11.176888992479942,
        11.81620743779833,
        4.57936141524446
      ],
      "stats": {
        "mean": 6.618434934364461,
        "std": 3.116913275446568,
        "median": 5.149495481866133,
        "min": 3.9093476191049974,
        "max": 11.816451112708577,
        "n": 20,
        "ci_lower": 5.368083163177001,
        "ci_upper": 7.977323602916668,
        "ci_width": 2.6092404397396667
      }
    },
    "pop20_ngen15": {
      "hv_per_run": [
        6.029462626996661,
        4.13971904666741,
        4.925300966912566,
        11.562279065130914,
        5.398914237125739,
        11.814196026733121,
        4.824801424638807,
        11.776902791666975,
        5.386053683894996,
        3.919210191630529,
        4.144651510233486,
        4.620829137141014,
        4.024576412217372,
        7.5976658247762066,
        4.992687407491719,
        5.56783072151255,
        11.816451112708577,
        11.193808626414521,
        11.834153097424457,
        4.598710790059364
      ],
      "stats": {
        "mean": 7.008410235068849,
        "std": 3.2334805112022735,
        "median": 5.392483960510368,
        "min": 3.919210191630529,
        "max": 11.834153097424457,
        "n": 20,