{
  "config": {
    "experiment": "bimodal_ablation",
    "pop_sizes": [
      10,
      20
    ],
    "ngen_list": [
      5,
      10
    ],
    "n_runs_per_cell": 2,
    "steps": 150,
    "n_eval_episodes": 5,
    "eval_seed": 42,
    "escape_threshold": 9.0,
    "base_seed": 7000,
    "purpose": "Budget ablation to explain bimodal convergence (reviewer CRITICAL #2)"
  },
  "global_reference_point": [
    -702.2921463239852,
    0.1650619273577037
  ],
  "escape_threshold": 9.0,
  "escape_rate_matrix": {
    "10": {
      "5": 0.0,
      "10": 0.5
    },
    "20": {
      "5": 0.0,
      "10": 0.0
    }
  },
  "mean_hv_matrix": {
    "10": {
      "5": 4.036870698173536,
      "10": 7.731006961865124
    },
    "20": {
      "5": 5.074526924346866,
      "10": 5.077422654835051
    }
  },
  "cells": {
    "pop10_ngen5": {
      "hv_per_run": [
        4.087241632801275,
        3.986499763545797
      ],
      "stats": {
        "mean": 4.036870698173536,
        "std": 0.07123525889995706,
        "median": 4.036870698173536,
        "min": 3.986499763545797,
        "max": 4.087241632801275,
        "n": 2,
        "ci_lower": 3.986499763545797,
        "ci_upper": 4.087241632801275,
        "ci_width": 0.10074186925547801
      }
    },
    "pop10_ngen10": {
      "hv_per_run": [
        11.471677545467603,
        3.9903363782626458
      ],
      "stats": {
        "mean": 7.731006961865124,
        "std": 5.290107071700706,
        "median": 7.731006961865124,
        "min": 3.9903363782626458,
        "max": 11.471677545467603,
        "n": 2,
        "ci_lower": 3.9903363782626458,
        "ci_upper": 11.471677545467603,
        "ci_width": 7.481341167204958
      }
    },
    "pop20_ngen5": {
      "hv_per_run": [
        6.021831562065119,
        4.127222286628615
      ],
      "stats": {
        "mean": 5.074526924346866,
        "std": 1.3396910663600834,
        "median": 5.074526924346866,
        "min": 4.127222286628615,
        "max": 6.021831562065119,
        "n": 2,
        "ci_lower": 4.127222286628615,
        "ci_upper": 6.021831562065119,
        "ci_width": 1.8946092754365038
      }
    },
    "pop20_ngen10": {
      "hv_per_run": [
        6.022319355385774,
        4.132525954284329
      ],
      "stats": {
        "mean": 5.077422654835051,
        "std": 1.3362857289604206,
        "median": 5.077422654835051,
        "min": 4.132525954284329,
        "max": 6.022319355385774,
        "n": 2,
        "ci_lower": 4.132525954284329,
        "ci_upper": 6.022319355385774,
        "ci_width": 1.8897934011014446
      }
    }
  }
}