{
  "source_experiment": "eco_stats/pop20_ngen10_trait",
  "escape_threshold": 9.0,
  "hv_per_run": [
    6.027405056803238,
    4.193253655105242,
    6.5140083915586455,
    11.766985605360807,
    4.375784612370248,
    4.543308539129242,
    11.828108157129133,
    5.13638422035733,
    3.655887011895788,
    4.829085436706209,
    3.962555172707119,
    11.831465330795417,
    4.006261680708123,
    11.174349226042608,
    4.01014074158526,
    7.448401109460571,
    3.6956264076157503,
    11.811865583251826,
    4.6514254870792815,
    11.682968719518946,
    11.476872404657383,
    11.699723389401772,
    8.654088718096174,
    5.4131480646180385,
    11.827607069178526,
    4.548104973325719,
    3.8435723373954356,
    11.767917484392182,
    11.77771886470933,
    11.79660188439929
  ],
  "n_runs": 30,
  "n_escaped": 12,
  "n_trapped": 18,
  "escape_rate": 0.4,
  "low_mode_stats": {
    "mean": 4.972691200917634,
    "std": 1.3797622093284259,
    "median": 4.545706756227481,
    "min": 3.655887011895788,
    "max": 8.654088718096174,
    "n": 18,
    "ci_lower": 4.405487427356031,
    "ci_upper": 5.621663827217637,
    "ci_width": 1.216176399861606
  },
  "high_mode_stats": {
    "mean": 11.703515309903102,
    "std": 0.19381359838462073,
    "median": 11.772818174550757,
    "min": 11.174349226042608,
    "max": 11.831465330795417,
    "n": 12,
    "ci_lower": 11.586141523530479,
    "ci_upper": 11.789325457045004,
    "ci_width": 0.20318393351452535
  }
}