{
  "run_id": 8,
  "seed": 6008,
  "steps": 500,
  "n_eval": 10,
  "elapsed_s": 22.021065950393677,
  "hof_fitness": [
    [
      -815.623348289006,
      0.13419550968556027
    ],
    [
      -813.3875008388329,
      0.13418762443865342
    ],
    [
      -779.0410016099687,
      0.09876011838299326
    ],
    [
      -778.5112313099925,
      0.09875523586185157
    ],
    [
      -778.3138517010431,
      0.09875341709124559
    ],
    [
      -777.9408602698039,
      0.09874998063310704
    ],
    [
      -777.5972750507955,
      0.0987468156820679
    ],
    [
      -777.2807748426438,
      0.09874390071846086
    ],
    [
      -777.0468835819672,
      0.09600305194835011
    ],
    [
      -776.5184621139775,
      0.09599801672656214
    ],
    [
      -776.3215850504928,
      0.09599614108441634
    ],
    [
      -775.6465166085998,
      0.0959897112089335
    ],
    [
      -775.291138523591,
      0.09598632723412703
    ],
    [
      -774.3082419947735,
      0.09597697122318376
    ],
    [
      -774.2581472427798,
      0.09044089586594403
    ],
    [
      -773.1474398668649,
      0.09042978862185767
    ],
    [
      -772.2478522263399,
      0.0898818225003568
    ],
    [
      -772.0520526734871,
      0.08987986004758408
    ],
    [
      -771.3806789165573,
      0.08987313273131294
    ],
    [
      -771.0685886955579,
      0.08816683351321579
    ],
    [
      -770.5036438546431,
      0.0881611332742134
    ],
    [
      -770.1633273431971,
      0.08815770045702696
    ],
    [
      -769.9678293177811,
      0.08815572876359712
    ],
    [
      -769.8498381852314,
      0.08815453887841396
    ],
    [
      -769.8089315978078,
      0.08815412637458163
    ],
    [
      -769.6543414843889,
      0.0881525675735154
    ],
    [
      -768.642765176748,
      0.08814237100737889
    ],
    [
      -768.1579569972765,
      0.08396419071810056
    ],
    [
      -767.9631903160881,
      0.08396223355952888
    ],
    [
      -767.5951365990458,
      0.08395853580119596
    ],
    [
      -767.4003723037105,
      0.08395657942380708
    ],
    [
      -766.9437895496063,
      0.08395199414697117
    ],
    [
      -766.7833099421226,
      0.08132058642464625
    ],
    [
      -766.2618391741473,
      0.0813154781182772
    ],
    [
      -766.0571630004899,
      0.08034203340645173
    ],
    [
      -765.5361848055735,
      0.08033701399212666
    ],
    [
      -765.3420809404059,
      0.08033514442033084
    ],
    [
      -764.9752797616256,
      0.08033161226152753
    ],
    [
      -764.6373967935026,
      0.08032835950089791
    ],
    [
      -764.3261493507654,
      0.08032536394342386
    ],
    [
      -763.1277080308772,
      0.08031383674730418
    ],
    [
      -762.5339013173542,
      0.08030812935838447
    ],
    [
      -759.9837252331057,
      0.08028364938388362
    ]
  ],
  "hall_of_fame": [
    [
      0.9983363473897453,
      0.6599143560473715
    ],
    [
      0.9983363473897453,
      0.385722787399562
    ],
    [
      0.9283591560468267,
      0.8464347314064886
    ],
    [
      0.9283591560468267,
      0.7783123440961985
    ],
    [
      0.9283591560468267,
      0.7529313928277799
    ],
    [
      0.9283591560468267,
      0.7049683088780503
    ],
    [
      0.9283591560468267,
      0.6607862423545163
    ],
    [
      0.9283591560468267,
      0.620086786844904
    ],
    [
      0.08855219445179818,
      0.8464347314064886
    ],
    [
      0.08855219445179818,
      0.7783123440961985
    ],
    [
      0.08855219445179818,
      0.7529313928277799
    ],
    [
      0.08855219445179818,
      0.6659022665810971
    ],
    [
      0.08855219445179818,
      0.620086786844904
    ],
    [
      0.08855219445179818,
      0.49336957788499014
    ],
    [
      0.8634753332171669,
      0.9903396329606958
    ],
    [
      0.8634753332171669,
      0.8464347314064886
    ],
    [
      0.857417822400917,
      0.7783123440961985
    ],
    [
      0.857417822400917,
      0.7529313928277799
    ],
    [
      0.857417822400917,
      0.6659022665810971
    ],
    [
      0.8359711126241496,
      0.7783123440961985
    ],
    [
      0.8359711126241496,
      0.7049683088780503
    ],
    [
      0.8359711126241496,
      0.6607862423545163
    ],
    [
      0.8359711126241496,
      0.6354052910860977
    ],
    [
      0.8359711126241496,
      0.620086786844904
    ],
    [
      0.8359711126241496,
      0.6147759741138588
    ],
    [
      0.8359711126241496,
      0.5947058355764854
    ],
    [
      0.8359711126241496,
      0.4633731655609372
    ],
    [
      0.23941957899142852,
      0.7783123440961985
    ],
    [
      0.23941957899142852,
      0.7529313928277799
    ],
    [
      0.23941957899142852,
      0.7049683088780503
    ],
    [
      0.23941957899142852,
      0.6795873576096316
    ],
    [
      0.23941957899142852,
      0.620086786844904
    ],
    [
      0.3242906674337491,
      0.8464347314064886
    ],
    [
      0.3242906674337491,
      0.7783123440961985
    ],
    [
      0.6215290704429841,
      0.8464347314064886
    ],
    [
      0.6215290704429841,
      0.7783123440961985
    ],
    [
      0.6215290704429841,
      0.7529313928277799
    ],
    [
      0.6215290704429841,
      0.7049683088780503
    ],
    [
      0.6215290704429841,
      0.6607862423545163
    ],
    [
      0.6215290704429841,
      0.620086786844904
    ],
    [
      0.6215290704429841,
      0.4633731655609372
    ],
    [
      0.6215290704429841,
      0.385722787399562
    ],
    [
      0.6215290704429841,
      0.05223223982064751
    ]
  ]
}