{
  "run_id": 4,
  "seed": 6004,
  "steps": 500,
  "n_eval": 10,
  "elapsed_s": 24.626972198486328,
  "hof_fitness": [
    [
      -804.3658095044831,
      0.12487843731677699
    ],
    [
      -803.6661043489129,
      0.12487479834042932
    ],
    [
      -802.7935508453586,
      0.1248702620073836
    ],
    [
      -802.4263814207878,
      0.12486835364819493
    ],
    [
      -800.9170760799473,
      0.12199496778517285
    ],
    [
      -800.8755887459978,
      0.12199473163668786
    ],
    [
      -800.6126206732743,
      0.12199323490822253
    ],
    [
      -800.220351916175,
      0.12199100257056636
    ],
    [
      -798.9859107477162,
      0.12198398012829312
    ],
    [
      -798.2553617131573,
      0.12197982603827154
    ],
    [
      -795.8002997543906,
      0.12196587587689882
    ],
    [
      -795.2261450317374,
      0.12196261562363057
    ],
    [
      -795.2046807399416,
      0.12196249375801724
    ],
    [
      -793.3693986409874,
      0.12195207808931671
    ],
    [
      -778.6168590014452,
      0.1041533779376079
    ],
    [
      -777.7888484004316,
      0.09559832840102477
    ],
    [
      -777.7485520131786,
      0.09559794242419865
    ],
    [
      -777.6013509344483,
      0.09533472500408657
    ],
    [
      -777.5610642110295,
      0.09533433803742096
    ],
    [
      -776.9247895391062,
      0.09532822752261803
    ],
    [
      -776.0810974297829,
      0.0953201282572641
    ],
    [
      -775.7260729847295,
      0.09531672118767119
    ],
    [
      -775.0166663611263,
      0.09530991514449172
    ],
    [
      -772.6326570931291,
      0.09528706182318544
    ],
    [
      -772.0542765597056,
      0.09528152179083636
    ],
    [
      -771.1327474290675,
      0.08602264454787702
    ],
    [
      -770.4617885608852,
      0.08601585341840792
    ],
    [
      -769.625083053589,
      0.08600738878662051
    ],
    [
      -769.6075302956816,
      0.0847865730397344
    ],
    [
      -769.4674336635009,
      0.084785159191848
    ],
    [
      -768.7717490687374,
      0.0847781403406367
    ],
    [
      -768.4200535430351,
      0.08477459328144285
    ],
    [
      -767.7416989310856,
      0.08129494767567591
    ],
    [
      -767.6744155777903,
      0.08114987019289409
    ],
    [
      -767.6346410552632,
      0.08114948123978448
    ],
    [
      -767.0064559487556,
      0.08114333983909115
    ],
    [
      -766.4684928178037,
      0.07954869677014517
    ],
    [
      -766.4287806258224,
      0.07954832042636181
    ],
    [
      -765.8015799499889,
      0.07954237826176815
    ],
    [
      -764.6199586729053,
      0.07953119203413327
    ],
    [
      -763.9206692601157,
      0.07952457724153521
    ],
    [
      -761.5706603169864,
      0.0795023764780042
    ],
    [
      -761.5632157797855,
      0.07949268039792591
    ],
    [
      -759.2437826634562,
      0.07948043773551418
    ]
  ],
  "hall_of_fame": [
    [
      0.9936124066090264,
      0.9802142085485974
    ],
    [
      0.9936124066090264,
      0.8929419739310482
    ],
    [
      0.9936124066090264,
      0.7841091396900073
    ],
    [
      0.9936124066090264,
      0.7383118497323921
    ],
    [
      0.9910617862129729,
      0.9802142085485974
    ],
    [
      0.9910617862129729,
      0.9750175058707571
    ],
    [
      0.9910617862129729,
      0.9420780284522536
    ],
    [
      0.9910617862129729,
      0.8929419739310482
    ],
    [
      0.9910617862129729,
      0.7383118497323921
    ],
    [
      0.9910617862129729,
      0.6467990790278219
    ],
    [
      0.9910617862129729,
      0.3392540198774029
    ],
    [
      0.9910617862129729,
      0.2673275905452932
    ],
    [
      0.9910617862129729,
      0.2646386653007189
    ],
    [
      0.9910617862129729,
      0.03472059376614656
    ],
    [
      0.04677125193787102,
      0.2646386653007189
    ],
    [
      0.091415694140212,
      0.9802142085485974
    ],
    [
      0.091415694140212,
      0.9750175058707571
    ],
    [
      0.09328486559564364,
      0.9802142085485974
    ],
    [
      0.09328486559564364,
      0.9750175058707571
    ],
    [
      0.09328486559564364,
      0.8929419739310482
    ],
    [
      0.09328486559564364,
      0.7841091396900073
    ],
    [
      0.09328486559564364,
      0.7383118497323921
    ],
    [
      0.09328486559564364,
      0.6467990790278219
    ],
    [
      0.09328486559564364,
      0.3392540198774029
    ],
    [
      0.09328486559564364,
      0.2646386653007189
    ],
    [
      0.8024672475761453,
      0.9802142085485974
    ],
    [
      0.8024672475761453,
      0.8929419739310482
    ],
    [
      0.8024672475761453,
      0.7841091396900073
    ],
    [
      0.7788136905522077,
      0.8929419739310482
    ],
    [
      0.7788136905522077,
      0.8746991639088919
    ],
    [
      0.7788136905522077,
      0.7841091396900073
    ],
    [
      0.7788136905522077,
      0.7383118497323921
    ],
    [
      0.32587558757963897,
      0.9750175058707571
    ],
    [
      0.6673735279245084,
      0.9802142085485974
    ],
    [
      0.6673735279245084,
      0.9750175058707571
    ],
    [
      0.6673735279245084,
      0.8929419739310482
    ],
    [
      0.48278508496825334,
      0.9802142085485974
    ],
    [
      0.48278508496825334,
      0.9750175058707571
    ],
    [
      0.48278508496825334,
      0.8929419739310482
    ],
    [
      0.48278508496825334,
      0.7383118497323921
    ],
    [
      0.48278508496825334,
      0.6467990790278219
    ],
    [
      0.48278508496825334,
      0.3392540198774029
    ],
    [
      0.48933964681176845,
      0.3392540198774029
    ],
    [
      0.48278508496825334,
      0.03472059376614656
    ]
  ]
}