{
  "run_id": 9,
  "seed": 6009,
  "steps": 500,
  "n_eval": 10,
  "elapsed_s": 22.763076066970825,
  "hof_fitness": [
    [
      -781.5288598264152,
      0.10062129387894
    ],
    [
      -781.1808569501328,
      0.10061816515173252
    ],
    [
      -779.6170403623768,
      0.10060411238778091
    ],
    [
      -779.3386269145377,
      0.10060161166887208
    ],
    [
      -779.1801610546728,
      0.1006001884795528
    ],
    [
      -778.5822686751261,
      0.10059481980107196
    ],
    [
      -777.4907056592975,
      0.1005850224473134
    ],
    [
      -777.1182048676918,
      0.09455127034319885
    ],
    [
      -776.772155488695,
      0.09454791990155198
    ],
    [
      -776.1635279841928,
      0.09319277080764275
    ],
    [
      -775.8179015985324,
      0.09318938208927467
    ],
    [
      -773.0639180440438,
      0.08921433672308918
    ],
    [
      -771.162374948967,
      0.08596268643182368
    ],
    [
      -770.8189657822379,
      0.08595921027880556
    ],
    [
      -770.5839567873865,
      0.0859568318480809
    ],
    [
      -770.2938906302542,
      0.08471469508335948
    ],
    [
      -769.9508667847007,
      0.08471123281023973
    ],
    [
      -768.9460978028071,
      0.0828059390680994
    ],
    [
      -768.603672145504,
      0.08280252345605942
    ],
    [
      -768.0047528253068,
      0.08150321107079407
    ],
    [
      -767.662745133401,
      0.08149984952066429
    ],
    [
      -766.7964402622646,
      0.08064112136369969
    ],
    [
      -766.5420824774777,
      0.0799950061355722
    ],
    [
      -766.5331570090194,
      0.07954083279010239
    ],
    [
      -766.1918030372615,
      0.07953759874613807
    ],
    [
      -764.229332895288,
      0.07951902412614507
    ],
    [
      -761.6511103275133,
      0.0794946683753548
    ],
    [
      -761.1129872024205,
      0.07948959158583421
    ],
    [
      -761.0929339691822,
      0.07948940244330303
    ]
  ],
  "hall_of_fame": [
    [
      0.06206640216956116,
      0.9895385873619624
    ],
    [
      0.06206640216956116,
      0.9448688441811115
    ],
    [
      0.06206640216956116,
      0.7441328527432134
    ],
    [
      0.06206640216956116,
      0.7083942043906104
    ],
    [
      0.06206640216956116,
      0.6880525797259236
    ],
    [
      0.06206640216956116,
      0.6113029263897221
    ],
    [
      0.06206640216956116,
      0.47117974670026297
    ],
    [
      0.09908036552845456,
      0.9895385873619624
    ],
    [
      0.09908036552845456,
      0.9448688441811115
    ],
    [
      0.11003097680124929,
      0.9895385873619624
    ],
    [
      0.11003097680124929,
      0.9448688441811115
    ],
    [
      0.8493558609512486,
      0.9448688441811115
    ],
    [
      0.8013912863195605,
      0.9895385873619624
    ],
    [
      0.8013912863195605,
      0.9448688441811115
    ],
    [
      0.8013912863195605,
      0.9142993123715304
    ],
    [
      0.222863203987136,
      0.9895385873619624
    ],
    [
      0.222863203987136,
      0.9448688441811115
    ],
    [
      0.2708277786188241,
      0.9895385873619624
    ],
    [
      0.2708277786188241,
      0.9448688441811115
    ],
    [
      0.3168376443649845,
      0.9895385873619624
    ],
    [
      0.3168376443649845,
      0.9448688441811115
    ],
    [
      0.6406177931520635,
      0.9142993123715304
    ],
    [
      0.5923964638834557,
      0.9448688441811115
    ],
    [
      0.5116466838832019,
      0.9895385873619624
    ],
    [
      0.5116466838832019,
      0.9448688441811115
    ],
    [
      0.5116466838832019,
      0.6880525797259236
    ],
    [
      0.5116466838832019,
      0.3506398521018702
    ],
    [
      0.5116466838832019,
      0.2802131257202961
    ],
    [
      0.5116466838832019,
      0.2775886479558196
    ]
  ]
}