{
  "run_id": 5,
  "seed": 6005,
  "steps": 500,
  "n_eval": 10,
  "elapsed_s": 24.712623357772827,
  "hof_fitness": [
    [
      -1002.3934024719731,
      0.06728139011798752
    ],
    [
      -1002.284669593635,
      0.06728139011776878
    ],
    [
      -1001.9394539774223,
      0.06728139011775337
    ],
    [
      -1001.2836129886398,
      0.0672813901176931
    ]
  ],
  "hall_of_fame": [
    [
      1.0,
      1.0
    ],
    [
      1.0,
      0.9890442009235113
    ],
    [
      1.0,
      0.9542606746635353
    ],
    [
      1.0,
      0.8881788950908998
    ]
  ]
}