{
  "run_id": 2,
  "seed": 6002,
  "steps": 500,
  "n_eval": 10,
  "elapsed_s": 24.736297607421875,
  "hof_fitness": [
    [
      -782.6656616805531,
      0.1030106348898939
    ],
    [
      -781.5668739756173,
      0.1030011128262878
    ],
    [
      -780.64743092788,
      0.10299314892101985
    ],
    [
      -779.5112246288388,
      0.10298331246771072
    ],
    [
      -779.462860904914,
      0.10298289389166101
    ],
    [
      -778.866349518674,
      0.0979441115549684
    ],
    [
      -777.7728659795366,
      0.09793392657129889
    ],
    [
      -777.3468538245017,
      0.09792996014346858
    ],
    [
      -776.8578614315901,
      0.09792540840788529
    ],
    [
      -776.4318575731314,
      0.09792144393156078
    ],
    [
      -775.7271401343324,
      0.09791488760556044
    ],
    [
      -775.6790098873746,
      0.0979144399136893
    ],
    [
      -775.5305759788861,
      0.09791305929985519
    ],
    [
      -774.2825574375664,
      0.09790145540840718
    ],
    [
      -772.7410716888327,
      0.09788713320897134
    ],
    [
      -772.7407066359928,
      0.08923235463723166
    ],
    [
      -772.5910272822667,
      0.08923084894850389
    ],
    [
      -771.6557809020604,
      0.08922144392980783
    ],
    [
      -771.2331028399163,
      0.08921719510769956
    ],
    [
      -770.1821394949731,
      0.0855233945196072
    ],
    [
      -769.1007914186022,
      0.08551246289155444
    ],
    [
      -768.6795071977049,
      0.08550820610901706
    ],
    [
      -767.0301735060895,
      0.08549155200280557
    ],
    [
      -766.8833869869487,
      0.08549007069799017
    ],
    [
      -765.9556369344007,
      0.07966278412603713
    ],
    [
      -765.8591792287888,
      0.07953745889054721
    ],
    [
      -764.7838825888149,
      0.0795272796022849
    ],
    [
      -764.3649559786599,
      0.07952331634701225
    ],
    [
      -762.7248524818823,
      0.07950781367872298
    ],
    [
      -762.5788874355875,
      0.07950643502448802
    ],
    [
      -762.2168383155786,
      0.07950301617080835
    ],
    [
      -761.3516270710344,
      0.07949485017103815
    ],
    [
      -760.9327319040465,
      0.07949089872288864
    ],
    [
      -759.8357812350456,
      0.07948055780312602
    ]
  ],
  "hall_of_fame": [
    [
      0.051413192663653295,
      0.9010350822316372
    ],
    [
      0.051413192663653295,
      0.7603184610224856
    ],
    [
      0.051413192663653295,
      0.6425671662675583
    ],
    [
      0.051413192663653295,
      0.49705226708026606
    ],
    [
      0.051413192663653295,
      0.49085820685729153
    ],
    [
      0.923688031829141,
      0.9010350822316372
    ],
    [
      0.923688031829141,
      0.7603184610224856
    ],
    [
      0.923688031829141,
      0.7054955403673662
    ],
    [
      0.923688031829141,
      0.6425671662675583
    ],
    [
      0.923688031829141,
      0.5877442456124389
    ],
    [
      0.923688031829141,
      0.49705226708026606
    ],
    [
      0.923688031829141,
      0.49085820685729153
    ],
    [
      0.923688031829141,
      0.4717556560304027
    ],
    [
      0.923688031829141,
      0.311140797327226
    ],
    [
      0.923688031829141,
      0.1127520424220233
    ],
    [
      0.15038190819555763,
      0.9010350822316372
    ],
    [
      0.15038190819555763,
      0.8816216243592483
    ],
    [
      0.15038190819555763,
      0.7603184610224856
    ],
    [
      0.15038190819555763,
      0.7054955403673662
    ],
    [
      0.7934659033068473,
      0.9010350822316372
    ],
    [
      0.7934659033068473,
      0.7603184610224856
    ],
    [
      0.7934659033068473,
      0.7054955403673662
    ],
    [
      0.7934659033068473,
      0.49085820685729153
    ],
    [
      0.7934659033068473,
      0.4717556560304027
    ],
    [
      0.5503567191934142,
      0.9010350822316372
    ],
    [
      0.48611664476812133,
      0.9010350822316372
    ],
    [
      0.48611664476812133,
      0.7603184610224856
    ],
    [
      0.48611664476812133,
      0.7054955403673662
    ],
    [
      0.48611664476812133,
      0.49085820685729153
    ],
    [
      0.48611664476812133,
      0.4717556560304027
    ],
    [
      0.48611664476812133,
      0.4243737636080167
    ],
    [
      0.48611664476812133,
      0.311140797327226
    ],
    [
      0.48611664476812133,
      0.2563178766721066
    ],
    [
      0.48611664476812133,
      0.1127520424220233
    ]
  ]
}