{
  "run_id": 0,
  "seed": 6000,
  "steps": 500,
  "n_eval": 10,
  "elapsed_s": 24.000035285949707,
  "hof_fitness": [
    [
      -812.6029434662715,
      0.13093808278899408
    ],
    [
      -812.4722610430152,
      0.13093754209020675
    ],
    [
      -812.2356218623543,
      0.13093656307204382
    ],
    [
      -812.0477497603969,
      0.13093578588247398
    ],
    [
      -811.7872277902535,
      0.13093470825809253
    ],
    [
      -811.0343499285862,
      0.13093159472481827
    ],
    [
      -808.877423682916,
      0.1309226802787427
    ],
    [
      -807.4380460211161,
      0.13091673598215547
    ],
    [
      -804.9365450383177,
      0.13090641403744477
    ],
    [
      -779.5983840630669,
      0.09833647595257514
    ],
    [
      -779.47297733864,
      0.09833531304705724
    ],
    [
      -779.1304927159493,
      0.0976943411056227
    ],
    [
      -779.005160850187,
      0.09769316947796657
    ],
    [
      -777.9891055108911,
      0.09611023792508509
    ],
    [
      -777.8639562767257,
      0.0961090460349607
    ],
    [
      -776.6244180006782,
      0.0941864266947667
    ],
    [
      -776.4994871676162,
      0.09418521293821905
    ],
    [
      -776.2732629776682,
      0.09418301528264302
    ],
    [
      -776.0936595566974,
      0.09418127071670743
    ],
    [
      -775.8446038020619,
      0.09417885181135252
    ],
    [
      -775.5828549511851,
      0.09269960094913433
    ],
    [
      -775.0528048129399,
      0.09269438349205962
    ],
    [
      -774.8040814294417,
      0.09269193575549939
    ],
    [
      -773.8756488562866,
      0.09023714116857781
    ],
    [
      -773.5257307589789,
      0.09023363768240832
    ],
    [
      -773.0985815232696,
      0.09022936189935184
    ],
    [
      -772.3813752806288,
      0.09022218501680822
    ],
    [
      -768.9554722813981,
      0.09018794413126698
    ],
    [
      -768.8840807482301,
      0.08304714052026942
    ],
    [
      -768.7603898224241,
      0.08304590425950141
    ],
    [
      -768.536410856903,
      0.08304366592138393
    ],
    [
      -768.1782498489708,
      0.08206320560762226
    ],
    [
      -767.6532399941035,
      0.08205800964447518
    ],
    [
      -767.4068817518618,
      0.0820555721631311
    ],
    [
      -766.6949357620259,
      0.08204853063819847
    ],
    [
      -766.6161076020602,
      0.07995343532178793
    ],
    [
      -766.4927805260951,
      0.07995225577701424
    ],
    [
      -766.2957851901881,
      0.07953550379519782
    ],
    [
      -766.1725095312212,
      0.07953433607465037
    ],
    [
      -765.9492825304869,
      0.07953222188224283
    ],
    [
      -765.5263025821306,
      0.07952821691862552
    ],
    [
      -764.8160968474874,
      0.07952149560248754
    ],
    [
      -761.4236343261591,
      0.07948944545462093
    ],
    [
      -759.0639278266354,
      0.07946720651281712
    ]
  ],
  "hall_of_fame": [
    [
      0.0028229478499490757,
      0.9587894020779294
    ],
    [
      0.0028229478499490757,
      0.9426573957924137
    ],
    [
      0.0028229478499490757,
      0.9134455213742412
    ],
    [
      0.0028229478499490757,
      0.8902535920570663
    ],
    [
      0.0028229478499490757,
      0.8580932357240528
    ],
    [
      0.0028229478499490757,
      0.765152661993081
    ],
    [
      0.0028229478499490757,
      0.4988788105369407
    ],
    [
      0.0028229478499490757,
      0.3211805030274002
    ],
    [
      0.0028229478499490757,
      0.012345900996747927
    ],
    [
      0.07406521609586669,
      0.9587894020779294
    ],
    [
      0.07406521609586669,
      0.9426573957924137
    ],
    [
      0.9221828547215315,
      0.9587894020779294
    ],
    [
      0.9221828547215315,
      0.9426573957924137
    ],
    [
      0.0878827615390606,
      0.9587894020779294
    ],
    [
      0.0878827615390606,
      0.9426573957924137
    ],
    [
      0.8981150806875551,
      0.9587894020779294
    ],
    [
      0.8981150806875551,
      0.9426573957924137
    ],
    [
      0.8981150806875551,
      0.9134455213742412
    ],
    [
      0.8981150806875551,
      0.8902535920570663
    ],
    [
      0.8981150806875551,
      0.8580932357240528
    ],
    [
      0.11430109285739576,
      0.9587894020779294
    ],
    [
      0.11430109285739576,
      0.8902535920570663
    ],
    [
      0.11430109285739576,
      0.8580932357240528
    ],
    [
      0.8612647784639434,
      0.9587894020779294
    ],
    [
      0.8612647784639434,
      0.9134455213742412
    ],
    [
      0.8612647784639434,
      0.8580932357240528
    ],
    [
      0.8612647784639434,
      0.765152661993081
    ],
    [
      0.8612647784639434,
      0.3211805030274002
    ],
    [
      0.7362918431110909,
      0.9587894020779294
    ],
    [
      0.7362918431110909,
      0.9426573957924137
    ],
    [
      0.7362918431110909,
      0.9134455213742412
    ],
    [
      0.2950408290989708,
      0.9587894020779294
    ],
    [
      0.2950408290989708,
      0.8902535920570663
    ],
    [
      0.2950408290989708,
      0.8580932357240528
    ],
    [
      0.2950408290989708,
      0.765152661993081
    ],
    [
      0.5881601735168942,
      0.9587894020779294
    ],
    [
      0.5881601735168942,
      0.9426573957924137
    ],
    [
      0.49121295380457763,
      0.9587894020779294
    ],
    [
      0.49121295380457763,
      0.9426573957924137
    ],
    [
      0.49121295380457763,
      0.9134455213742412
    ],
    [
      0.49121295380457763,
      0.8580932357240528
    ],
    [
      0.49121295380457763,
      0.765152661993081
    ],
    [
      0.49121295380457763,
      0.3211805030274002
    ],
    [
      0.49121295380457763,
      0.012345900996747927
    ]
  ]
}