{
  "run_id": 6,
  "seed": 6006,
  "steps": 500,
  "n_eval": 10,
  "elapsed_s": 23.46253776550293,
  "hof_fitness": [
    [
      -793.8368807245768,
      0.1173779126265819
    ],
    [
      -789.7914803785869,
      0.11075159975429447
    ],
    [
      -789.6647147323874,
      0.11075064560843353
    ],
    [
      -788.0777546529833,
      0.11073870560995533
    ],
    [
      -787.2512840247301,
      0.11073249092034909
    ],
    [
      -786.9974199517713,
      0.11073058246022513
    ],
    [
      -783.4799904592666,
      0.11070416305470451
    ],
    [
      -781.3220430283557,
      0.10027794572276882
    ],
    [
      -781.1966287885717,
      0.10027681255654389
    ],
    [
      -780.0239440563076,
      0.1002662203679188
    ],
    [
      -779.7358755875856,
      0.1002636193699333
    ],
    [
      -779.6265870381887,
      0.10026263269199706
    ],
    [
      -778.8089274834728,
      0.10025525243137953
    ],
    [
      -778.5577699046444,
      0.10025298607407243
    ],
    [
      -777.3048960282221,
      0.09474428513925641
    ],
    [
      -777.1801231562771,
      0.09474307929723276
    ],
    [
      -776.1386563029827,
      0.0930854001047756
    ],
    [
      -776.0140696997807,
      0.09308417734515238
    ],
    [
      -774.8491238647847,
      0.09307274800920984
    ],
    [
      -774.5629564705639,
      0.09306994153149406
    ],
    [
      -773.9564067162885,
      0.09306399448979939
    ],
    [
      -773.6421257186819,
      0.09306091383928412
    ],
    [
      -773.3926256601907,
      0.09305846856554803
    ],
    [
      -771.5345741281237,
      0.08642812943358012
    ],
    [
      -771.4107233000402,
      0.08642687530276873
    ],
    [
      -770.6472016910051,
      0.0851495326362207
    ],
    [
      -770.5234927699631,
      0.08514828213125379
    ],
    [
      -769.366753775115,
      0.08513659424490579
    ],
    [
      -769.0826024027882,
      0.08513372449834089
    ],
    [
      -768.4803257628165,
      0.08512764367187185
    ],
    [
      -768.1682588756382,
      0.0851244938710921
    ],
    [
      -767.2523079843705,
      0.08042054162825045
    ],
    [
      -767.1291423562772,
      0.08041935214380481
    ],
    [
      -766.6588565962348,
      0.07963960312477827
    ],
    [
      -766.5357860140219,
      0.07963843420785686
    ],
    [
      -766.4936517320709,
      0.07958371519308075
    ]
  ],
  "hall_of_fame": [
    [
      0.9854679126124246,
      0.7140014003057535
    ],
    [
      0.027024954871384677,
      0.9960741216994926
    ],
    [
      0.027024954871384677,
      0.9799706909466711
    ],
    [
      0.027024954871384677,
      0.7783706664988566
    ],
    [
      0.027024954871384677,
      0.6733770494452851
    ],
    [
      0.027024954871384677,
      0.6411261679103445
    ],
    [
      0.027024954871384677,
      0.19425459127887246
    ],
    [
      0.9362503167004004,
      0.9960741216994926
    ],
    [
      0.9362503167004004,
      0.9799706909466711
    ],
    [
      0.9362503167004004,
      0.8293936292136552
    ],
    [
      0.9362503167004004,
      0.7924039976566396
    ],
    [
      0.9362503167004004,
      0.7783706664988566
    ],
    [
      0.9362503167004004,
      0.6733770494452851
    ],
    [
      0.9362503167004004,
      0.6411261679103445
    ],
    [
      0.902376159583315,
      0.9960741216994926
    ],
    [
      0.902376159583315,
      0.9799706909466711
    ],
    [
      0.11095429210521113,
      0.9960741216994926
    ],
    [
      0.11095429210521113,
      0.9799706909466711
    ],
    [
      0.11095429210521113,
      0.8293936292136552
    ],
    [
      0.11095429210521113,
      0.7924039976566396
    ],
    [
      0.11095429210521113,
      0.7140014003057535
    ],
    [
      0.11095429210521113,
      0.6733770494452851
    ],
    [
      0.11095429210521113,
      0.6411261679103445
    ],
    [
      0.8094226923237049,
      0.9960741216994926
    ],
    [
      0.8094226923237049,
      0.9799706909466711
    ],
    [
      0.7860736688364918,
      0.9960741216994926
    ],
    [
      0.7860736688364918,
      0.9799706909466711
    ],
    [
      0.7860736688364918,
      0.8293936292136552
    ],
    [
      0.7860736688364918,
      0.7924039976566396
    ],
    [
      0.7860736688364918,
      0.7140014003057535
    ],
    [
      0.7860736688364918,
      0.6733770494452851
    ],
    [
      0.6262161650894159,
      0.9960741216994926
    ],
    [
      0.6262161650894159,
      0.9799706909466711
    ],
    [
      0.5444568909758574,
      0.9960741216994926
    ],
    [
      0.5444568909758574,
      0.9799706909466711
    ],
    [
      0.4691106867742483,
      0.9799706909466711
    ]
  ]
}