{
  "run_id": 3,
  "seed": 6003,
  "steps": 500,
  "n_eval": 10,
  "elapsed_s": 22.309136867523193,
  "hof_fitness": [
    [
      -780.0367448565131,
      0.09850061931307152
    ],
    [
      -779.6230591685635,
      0.09849679076813053
    ],
    [
      -779.3204500888232,
      0.09751793652055284
    ],
    [
      -779.0434629556509,
      0.09751534115338575
    ],
    [
      -778.9071422293773,
      0.0975140639664893
    ],
    [
      -778.5370053873302,
      0.09751059661600968
    ],
    [
      -776.5415318329123,
      0.09749191499254976
    ],
    [
      -776.1940049667552,
      0.09748866342434459
    ],
    [
      -775.9480889839244,
      0.09748636291304048
    ],
    [
      -775.8146516522118,
      0.09748511474741205
    ],
    [
      -774.8372130687505,
      0.09747597447323476
    ],
    [
      -774.6644492818477,
      0.09747435939737951
    ],
    [
      -774.3188013255559,
      0.09747112855454423
    ],
    [
      -773.3428456306171,
      0.09746200921922078
    ],
    [
      -772.5309795677839,
      0.08782818830560536
    ],
    [
      -772.2563939532993,
      0.08782541215925252
    ],
    [
      -772.1212551515802,
      0.08782404603530759
    ],
    [
      -771.7543274741964,
      0.087820337318353
    ],
    [
      -769.7761554361522,
      0.08780035732786404
    ],
    [
      -769.5576148759536,
      0.0877981515028493
    ],
    [
      -769.4316418187774,
      0.08779688013605007
    ],
    [
      -769.1878580730191,
      0.08779442005861002
    ],
    [
      -769.0555777255478,
      0.08779308534108433
    ],
    [
      -768.5362469932469,
      0.08212483000359859
    ],
    [
      -768.2630761682957,
      0.08212212375973692
    ],
    [
      -767.7635965769086,
      0.08211717694016382
    ],
    [
      -766.7355276480536,
      0.07970060317321251
    ],
    [
      -766.462995227592,
      0.07969801106426268
    ],
    [
      -766.436219815737,
      0.07966315051789029
    ],
    [
      -765.9379248908066,
      0.07965841655527282
    ],
    [
      -763.9746132375493,
      0.07963978376378102
    ],
    [
      -763.6326877068376,
      0.07963654186802058
    ],
    [
      -763.3907353424514,
      0.07963424841034515
    ],
    [
      -763.2594487295825,
      0.07963300414463857
    ],
    [
      -761.7877085359816,
      0.07961906516202678
    ]
  ],
  "hall_of_fame": [
    [
      0.07315106113767389,
      1.0
    ],
    [
      0.07315106113767389,
      0.9467927174707556
    ],
    [
      0.9211022526291404,
      1.0
    ],
    [
      0.9211022526291404,
      0.9643420494692717
    ],
    [
      0.9211022526291404,
      0.9467927174707556
    ],
    [
      0.9211022526291404,
      0.8991426673928864
    ],
    [
      0.9211022526291404,
      0.6422462916364934
    ],
    [
      0.9211022526291404,
      0.5975047210659659
    ],
    [
      0.9211022526291404,
      0.5658446168486293
    ],
    [
      0.9211022526291404,
      0.5486653475940616
    ],
    [
      0.9211022526291404,
      0.4228244093489202
    ],
    [
      0.9211022526291404,
      0.40058155615946167
    ],
    [
      0.9211022526291404,
      0.356080105707856
    ],
    [
      0.9211022526291404,
      0.23042609012237492
    ],
    [
      0.8310134479277093,
      1.0
    ],
    [
      0.8310134479277093,
      0.9643420494692717
    ],
    [
      0.8310134479277093,
      0.9467927174707556
    ],
    [
      0.8310134479277093,
      0.8991426673928864
    ],
    [
      0.8310134479277093,
      0.6422462916364934
    ],
    [
      0.8310134479277093,
      0.6138647296704469
    ],
    [
      0.8310134479277093,
      0.5975047210659659
    ],
    [
      0.8310134479277093,
      0.5658446168486293
    ],
    [
      0.8310134479277093,
      0.5486653475940616
    ],
    [
      0.29296408121471906,
      1.0
    ],
    [
      0.29296408121471906,
      0.9643420494692717
    ],
    [
      0.29296408121471906,
      0.8991426673928864
    ],
    [
      0.5557090126562273,
      1.0
    ],
    [
      0.5557090126562273,
      0.9643420494692717
    ],
    [
      0.5495705366993723,
      0.9643420494692717
    ],
    [
      0.5495705366993723,
      0.8991426673928864
    ],
    [
      0.5495705366993723,
      0.6422462916364934
    ],
    [
      0.5495705366993723,
      0.5975047210659659
    ],
    [
      0.5495705366993723,
      0.5658446168486293
    ],
    [
      0.5495705366993723,
      0.5486653475940616
    ],
    [
      0.5495705366993723,
      0.356080105707856
    ]
  ]
}