{
  "run_id": 7,
  "seed": 6007,
  "steps": 500,
  "n_eval": 10,
  "elapsed_s": 25.099178314208984,
  "hof_fitness": [
    [
      -781.6539503278531,
      0.10137063378527625
    ],
    [
      -781.0596053512173,
      0.10136535026087864
    ],
    [
      -780.654560669005,
      0.10136175045087428
    ],
    [
      -780.587823241318,
      0.09995140521810797
    ],
    [
      -779.9942843723645,
      0.0999460200806648
    ],
    [
      -779.8857901142,
      0.0999450358946584
    ],
    [
      -779.2900128434704,
      0.09993963237255718
    ],
    [
      -778.4395450606283,
      0.09701810848022037
    ],
    [
      -777.1452870351703,
      0.09700591549471939
    ],
    [
      -776.106947533947,
      0.09699613943111562
    ],
    [
      -775.745046924875,
      0.09699273334817203
    ],
    [
      -775.0686310088214,
      0.09698636888082636
    ],
    [
      -774.8999236973879,
      0.09200663815025675
    ],
    [
      -774.3106873583483,
      0.09200080739888641
    ],
    [
      -773.6922926184307,
      0.09026170269266719
    ],
    [
      -773.5082924933089,
      0.08999495734058964
    ],
    [
      -772.920109456364,
      0.08998906177251087
    ],
    [
      -772.8125942082635,
      0.08998798432758469
    ],
    [
      -772.5192641576824,
      0.08998504511627858
    ],
    [
      -772.2221930328542,
      0.08998206893135795
    ],
    [
      -771.1903990015155,
      0.08997173598394127
    ],
    [
      -770.1586279158793,
      0.08996140947933919
    ],
    [
      -769.2539954896781,
      0.083850626671885
    ],
    [
      -768.669034655063,
      0.08384474876726493
    ],
    [
      -768.5621084032683,
      0.08384367458921516
    ],
    [
      -768.2278254040565,
      0.08384031690351398
    ],
    [
      -767.974941614428,
      0.08383777734242522
    ],
    [
      -767.5542069136361,
      0.08147841048226234
    ],
    [
      -766.970534682311,
      0.08147267771099319
    ],
    [
      -766.8638439780967,
      0.08147163008131164
    ],
    [
      -766.4220967211141,
      0.0799591470977221
    ],
    [
      -766.1141247225859,
      0.0795570352716688
    ],
    [
      -765.4250538663036,
      0.07955050702750667
    ],
    [
      -765.1345181833123,
      0.07954775563934176
    ],
    [
      -764.8402770759469,
      0.07954496985033155
    ],
    [
      -763.8183124104528,
      0.07953529957628815
    ],
    [
      -759.1242039651106,
      0.07949098918237893
    ]
  ],
  "hall_of_fame": [
    [
      0.058519536731401645,
      0.9326526540582871
    ],
    [
      0.058519536731401645,
      0.8564166072620123
    ],
    [
      0.058519536731401645,
      0.8044613733752806
    ],
    [
      0.9346354234608786,
      0.9326526540582871
    ],
    [
      0.9346354234608786,
      0.8564166072620123
    ],
    [
      0.9346354234608786,
      0.8424811508807712
    ],
    [
      0.9346354234608786,
      0.765956453723072
    ],
    [
      0.918044907241509,
      0.9326526540582871
    ],
    [
      0.918044907241509,
      0.765956453723072
    ],
    [
      0.918044907241509,
      0.6322183944778811
    ],
    [
      0.918044907241509,
      0.5856049242685595
    ],
    [
      0.918044907241509,
      0.4984803352326902
    ],
    [
      0.8793755482525825,
      0.9326526540582871
    ],
    [
      0.8793755482525825,
      0.8564166072620123
    ],
    [
      0.13844092443484401,
      0.9326526540582871
    ],
    [
      0.14142850669402274,
      0.9326526540582871
    ],
    [
      0.14142850669402274,
      0.8564166072620123
    ],
    [
      0.14142850669402274,
      0.8424811508807712
    ],
    [
      0.14142850669402274,
      0.8044613733752806
    ],
    [
      0.14142850669402274,
      0.765956453723072
    ],
    [
      0.14142850669402274,
      0.6322183944778811
    ],
    [
      0.14142850669402274,
      0.4984803352326902
    ],
    [
      0.7575429896746334,
      0.9326526540582871
    ],
    [
      0.7575429896746334,
      0.8564166072620123
    ],
    [
      0.7575429896746334,
      0.8424811508807712
    ],
    [
      0.7575429896746334,
      0.7989145948130962
    ],
    [
      0.7575429896746334,
      0.765956453723072
    ],
    [
      0.3177052376893065,
      0.9326526540582871
    ],
    [
      0.3177052376893065,
      0.8564166072620123
    ],
    [
      0.3177052376893065,
      0.8424811508807712
    ],
    [
      0.4110653150411041,
      0.9326526540582871
    ],
    [
      0.47724323940590585,
      0.9326526540582871
    ],
    [
      0.47724323940590585,
      0.8424811508807712
    ],
    [
      0.47724323940590585,
      0.8044613733752806
    ],
    [
      0.47724323940590585,
      0.765956453723072
    ],
    [
      0.47724323940590585,
      0.6322183944778811
    ],
    [
      0.47724323940590585,
      0.017891694451106055
    ]
  ]
}