{
  "run_id": 1,
  "seed": 6001,
  "steps": 500,
  "n_eval": 10,
  "elapsed_s": 24.206207990646362,
  "hof_fitness": [
    [
      -1002.3934024719731,
      0.06728139011798752
    ],
    [
      -1002.3327238200825,
      0.06728139011785007
    ],
    [
      -1000.7463851657225,
      0.06728139011775576
    ]
  ],
  "hall_of_fame": [
    [
      1.0,
      1.0
    ],
    [
      1.0,
      0.9938860892076308
    ],
    [
      1.0,
      0.8340484409391274
    ]
  ]
}