{
  "run_id": 0,
  "seed": 5000,
  "strategy": "nsga2",
  "elapsed_s": 27.75298261642456,
  "hof_fitness": [
    [
      -844.3110166003605,
      0.14512964020661492
    ],
    [
      -806.3823769230719,
      0.12877941389381473
    ],
    [
      -806.0539457577763,
      0.12877702388691925
    ],
    [
      -805.3167235503414,
      0.12877166011094673
    ],
    [
      -804.5394741512753,
      0.12876600663826346
    ],
    [
      -804.2845689633853,
      0.12876415287769596
    ],
    [
      -804.1793054218152,
      0.12876338741319818
    ],
    [
      -800.2190812428224,
      0.1287346099653872
    ],
    [
      -799.337439376604,
      0.1237025803482146
    ],
    [
      -797.2577767800129,
      0.12368499383472861
    ],
    [
      -797.1534237653477,
      0.12368411175819691
    ],
    [
      -795.9514147719349,
      0.12367395399619663
    ],
    [
      -794.3940919794396,
      0.11973150061907115
    ],
    [
      -793.756259632071,
      0.11919587091579749
    ],
    [
      -791.9419300836878,
      0.11917885935585218
    ],
    [
      -791.6909771919591,
      0.11917650739566918
    ],
    [
      -791.5873457669985,
      0.11917553622269803
    ],
    [
      -790.5041111072268,
      0.11916538733555448
    ],
    [
      -790.3936487014697,
      0.11916435266875111
    ],
    [
      -790.1724356798268,
      0.1191622807811605
    ],
    [
      -789.6766297009893,
      0.11915763775326349
    ],
    [
      -788.9559051565476,
      0.11915089019024946
    ],
    [
      -787.6885288927468,
      0.11913902976114862
    ],
    [
      -784.2289717227775,
      0.11066583956676077
    ],
    [
      -782.6573389251232,
      0.11064904987630661
    ],
    [
      -782.4362205111264,
      0.11064668875523684
    ],
    [
      -782.1882523647446,
      0.11064404124663771
    ],
    [
      -782.0858535019386,
      0.11064294805102501
    ],
    [
      -781.867262691245,
      0.11064061459742017
    ],
    [
      -781.4654501587887,
      0.10806062092302968
    ],
    [
      -781.2476068513887,
      0.10805824144179965
    ],
    [
      -781.1236503264817,
      0.10773673404203551
    ],
    [
      -779.090943101419,
      0.10771449736341945
    ],
    [
      -778.9889462822867,
      0.10771338223382879
    ],
    [
      -778.414273192474,
      0.1077071005173171
    ],
    [
      -778.1965449983725,
      0.10770472106495824
    ],
    [
      -778.0734555840565,
      0.10484740789840283
    ],
    [
      -777.7564489630091,
      0.10484390413829933
    ],
    [
      -776.79622414045,
      0.10364655129311459
    ],
    [
      -775.888811262812,
      0.10280055283287673
    ],
    [
      -774.8630934130589,
      0.10278926249588907
    ],
    [
      -774.5437904330014,
      0.10156224005639494
    ],
    [
      -773.9688074215953,
      0.10104011406232163
    ],
    [
      -772.4937991724626,
      0.10062187261011865
    ],
    [
      -772.3140977188949,
      0.09956889621727782
    ],
    [
      -772.295674326445,
      0.099552818942505
    ],
    [
      -771.9810048402062,
      0.09954946983398191
    ],
    [
      -770.8963218181851,
      0.09953793163018809
    ],
    [
      -770.7477726635653,
      0.09953635222087252
    ],
    [
      -770.285769345818,
      0.09953144127410551
    ],
    [
      -770.1849167252651,
      0.09953036948067075
    ],
    [
      -769.4014046883257,
      0.09952204574286881
    ],
    [
      -766.3906496391508,
      0.09949010834163607
    ]
  ],
  "hall_of_fame": [
    [
      0.003356289757009856,
      0.7120127261450863
    ],
    [
      0.9644046645238759,
      0.9718848666354325
    ],
    [
      0.9644046645238759,
      0.9312006747816481
    ],
    [
      0.9644046645238759,
      0.8398761607112526
    ],
    [
      0.9644046645238759,
      0.7435908156351961
    ],
    [
      0.9644046645238759,
      0.7120127261450863
    ],
    [
      0.9644046645238759,
      0.6989724217553929
    ],
    [
      0.9644046645238759,
      0.20833740131466882
    ],
    [
      0.0546767311251889,
      0.9718848666354325
    ],
    [
      0.0546767311251889,
      0.7120127261450863
    ],
    [
      0.0546767311251889,
      0.6989724217553929
    ],
    [
      0.0546767311251889,
      0.5487620439701787
    ],
    [
      0.9255656081856154,
      0.9718848666354325
    ],
    [
      0.07750426639788599,
      0.9718848666354325
    ],
    [
      0.07750426639788599,
      0.7435908156351961
    ],
    [
      0.07750426639788599,
      0.7120127261450863
    ],
    [
      0.07750426639788599,
      0.6989724217553929
    ],
    [
      0.07750426639788599,
      0.562662475510356
    ],
    [
      0.07750426639788599,
      0.5487620439701787
    ],
    [
      0.07750426639788599,
      0.5209247565186726
    ],
    [
      0.07750426639788599,
      0.4585321312326069
    ],
    [
      0.07750426639788599,
      0.3678337038453385
    ],
    [
      0.07750426639788599,
      0.20833740131466882
    ],
    [
      0.14573527521379348,
      0.9718848666354325
    ],
    [
      0.14573527521379348,
      0.7717494333231391
    ],
    [
      0.14573527521379348,
      0.7435908156351961
    ],
    [
      0.14573527521379348,
      0.7120127261450863
    ],
    [
      0.14573527521379348,
      0.6989724217553929
    ],
    [
      0.14573527521379348,
      0.6711351343038868
    ],
    [
      0.17791832089299586,
      0.9718848666354325
    ],
    [
      0.17791832089299586,
      0.9440475791839265
    ],
    [
      0.8174758821180534,
      0.9718848666354325
    ],
    [
      0.8174758821180534,
      0.7120127261450863
    ],
    [
      0.8174758821180534,
      0.6989724217553929
    ],
    [
      0.8174758821180534,
      0.6254995364554466
    ],
    [
      0.8174758821180534,
      0.5976622490039406
    ],
    [
      0.7677914784819626,
      0.9718848666354325
    ],
    [
      0.7677914784819626,
      0.9312006747816481
    ],
    [
      0.7406221446765653,
      0.9718848666354325
    ],
    [
      0.7177946094038682,
      0.9718848666354325
    ],
    [
      0.7177946094038682,
      0.8398761607112526
    ],
    [
      0.324341074729371,
      0.9718848666354325
    ],
    [
      0.3471686100020681,
      0.9718848666354325
    ],
    [
      0.36856269530570285,
      0.8398761607112526
    ],
    [
      0.48268035019744826,
      0.9718848666354325
    ],
    [
      0.5055078854701454,
      0.9718848666354325
    ],
    [
      0.5055078854701454,
      0.9312006747816481
    ],
    [
      0.5055078854701454,
      0.7909565265105922
    ],
    [
      0.5055078854701454,
      0.7717494333231391
    ],
    [
      0.5055078854701454,
      0.7120127261450863
    ],
    [
      0.5055078854701454,
      0.6989724217553929
    ],
    [
      0.5055078854701454,
      0.5976622490039406
    ],
    [
      0.5055078854701454,
      0.20833740131466882
    ]
  ],
  "logbook": [
    {
      "gen": 0,
      "nevals": 20,
      "avg": [
        -780.8894718973477,
        0.10959973462375092
      ],
      "min": [
        -844.3110166003605,
        0.09953635222087252
      ],
      "max": [
        -767.5811290652765,
        0.14512964020661492
      ]
    },
    {
      "gen": 1,
      "nevals": 20,
      "avg": [
        -783.3620714479968,
        0.11090363523209704
      ],
      "min": [
        -844.3110166003605,
        0.09953635222087252
      ],
      "max": [
        -767.6017142514049,
        0.14512964020661492
      ]
    },
    {
      "gen": 2,
      "nevals": 20,
      "avg": [
        -787.0438367608976,
        0.11322187946223801
      ],
      "min": [
        -844.3110166003605,
        0.09953144127410551
      ],
      "max": [
        -770.285769345818,
        0.14512964020661492
      ]
    },
    {
      "gen": 3,
      "nevals": 20,
      "avg": [
        -787.5053303059942,
        0.11345700390204908
      ],