{
  "run_id": 2,
  "seed": 5002,
  "strategy": "nsga2",
  "elapsed_s": 21.72917866706848,
  "hof_fitness": [
    [
      -811.0695619601396,
      0.13163164127835245
    ],
    [
      -810.8610043234709,
      0.13163027582522077
    ],
    [
      -810.178306560529,
      0.1316258067860261
    ],
    [
      -808.6599335896119,
      0.13161587096792318
    ],
    [
      -807.7694436215914,
      0.13161004620037356
    ],
    [
      -805.7574657063659,
      0.13159689209452294
    ],
    [
      -799.2411642779233,
      0.1236136067012519
    ],
    [
      -798.5681520581583,
      0.12360790074519554
    ],
    [
      -797.0713212233906,
      0.1235952156571311
    ],
    [
      -796.1934656813322,
      0.12358777961650771
    ],
    [
      -794.2100353371235,
      0.12357098800626035
    ],
    [
      -792.9801500465801,
      0.12356058241163972
    ],
    [
      -792.2720597893865,
      0.11972473227416189
    ],
    [
      -791.740694359215,
      0.11745398498819662
    ],
    [
      -791.0739372022693,
      0.11744751925213695
    ],
    [
      -789.5910185693898,
      0.11743314573636707
    ],
    [
      -788.721322497803,
      0.11742472035896209
    ],
    [
      -786.8468723873527,
      0.11307705652564085
    ],
    [
      -786.1841985635755,
      0.11307017281492573
    ],
    [
      -785.7448077813543,
      0.11306560972765303
    ],
    [
      -784.5289015732586,
      0.11305298752084755
    ],
    [
      -783.8459923182355,
      0.11304590153551002
    ],
    [
      -783.1510686271813,
      0.11160974129805942
    ],
    [
      -782.2910624266777,
      0.10882418271067842
    ],
    [
      -781.7346160693886,
      0.10829778678617955
    ],
    [
      -780.1523116242341,
      0.10679789832726541
    ],
    [
      -779.4952275453735,
      0.10679067232861603
    ],
    [
      -778.0338232422084,
      0.10677461086283713
    ],
    [
      -777.9059694127917,
      0.10467184521051301
    ],
    [
      -776.457957231185,
      0.10331298982415701
    ],
    [
      -775.803960431775,
      0.10330577581889142
    ],
    [
      -774.1703385312129,
      0.10328776929198269
    ],
    [
      -773.4963718402599,
      0.10328034608416928
    ],
    [
      -772.3806970345701,
      0.09961090589598622
    ],
    [
      -772.3723481961869,
      0.0996036108267186
    ],
    [
      -772.3132325869639,
      0.09955199973962434
    ],
    [
      -772.1281174649085,
      0.0995500294174962
    ],
    [
      -771.7048860539525,
      0.09954552571991107
    ],
    [
      -771.6627023853588,
      0.09954507691655835
    ],
    [
      -770.2158747945913,
      0.09952969274997377
    ],
    [
      -769.8327229213929,
      0.09952562161739953
    ],
    [
      -769.4235943238929,
      0.09952127582802271
    ],
    [
      -769.3673459291912,
      0.09952067846353815
    ],
    [
      -766.2613841951915,
      0.09948773381810308
    ]
  ],
  "hall_of_fame": [
    [
      0.02724012733678749,
      1.0
    ],
    [
      0.02724012733678749,
      0.974305936397963
    ],
    [
      0.02724012733678749,
      0.8901971257390102
    ],
    [
      0.02724012733678749,
      0.7031258713981653
    ],
    [
      0.02724012733678749,
      0.5934086849782807
    ],
    [
      0.02724012733678749,
      0.3455013709091037
    ],
    [
      0.9449317707309882,
      0.974305936397963
    ],
    [
      0.9449317707309882,
      0.8901971257390102
    ],
    [
      0.9449317707309882,
      0.7031258713981653
    ],
    [
      0.9449317707309882,
      0.5934086849782807
    ],
    [
      0.9449317707309882,
      0.3455013709091037
    ],
    [
      0.9449317707309882,
      0.19177077839701473
    ],
    [
      0.9256390713370103,
      0.7031258713981653
    ],
    [
      0.08827277244410658,
      0.974305936397963
    ],
    [
      0.08827277244410658,
      0.8901971257390102
    ],
    [
      0.08827277244410658,
      0.7031258713981653
    ],
    [
      0.08827277244410658,
      0.5934086849782807
    ],
    [
      0.12185226902249935,
      0.974305936397963
    ],
    [
      0.12185226902249935,
      0.8901971257390102
    ],
    [
      0.12185226902249935,
      0.8344270952239008
    ],
    [
      0.12185226902249935,
      0.6800928081764883
    ],
    [
      0.12185226902249935,
      0.5934086849782807
    ],
    [
      0.8644073349425261,
      0.7031258713981653
    ],
    [
      0.8323531048537552,
      0.974305936397963
    ],
    [
      0.8253549285125681,
      0.974305936397963
    ],
    [
      0.8031755985480419,
      0.974305936397963
    ],
    [
      0.8031755985480419,
      0.8901971257390102
    ],
    [
      0.8031755985480419,
      0.7031258713981653
    ],
    [
      0.7641231921180839,
      0.974305936397963
    ],
    [
      0.26794920742823636,
      0.974305936397963
    ],
    [
      0.26794920742823636,
      0.8901971257390102
    ],
    [
      0.26794920742823636,
      0.6800928081764883
    ],
    [
      0.26794920742823636,
      0.5934086849782807
    ],
    [
      0.5316104793904036,
      0.974305936397963
    ],
    [
      0.4703787429959194,
      0.974305936397963
    ],
    [
      0.5036388042725244,
      0.974305936397963
    ],
    [
      0.5036388042725244,
      0.9503721000138978
    ],
    [
      0.5036388042725244,
      0.8956512256516239
    ],
    [
      0.5036388042725244,
      0.8901971257390102
    ],
    [
      0.5036388042725244,
      0.7031258713981653
    ],
    [
      0.5036388042725244,
      0.6535836592531683
    ],
    [
      0.5036388042725244,
      0.6006818643972153
    ],
    [
      0.5036388042725244,
      0.5934086849782807
    ],
    [
      0.5036388042725244,
      0.19177077839701473
    ]
  ],
  "logbook": [
    {
      "gen": 0,
      "nevals": 20,
      "avg": [
        -777.0546848598564,
        0.10740752557513375
      ],
      "min": [
        -805.7574657063659,
        0.09954507691655835
      ],
      "max": [
        -766.3554862440687,
        0.13159689209452294
      ]
    },
    {
      "gen": 1,
      "nevals": 20,
      "avg": [
        -779.8862974788557,
        0.10878145140738912
      ],
      "min": [
        -805.7574657063659,
        0.09952127582802271
      ],
      "max": [
        -769.4235943238929,
        0.13159689209452294
      ]
    },
    {
      "gen": 2,
      "nevals": 20,
      "avg": [
        -784.2068076151357,
        0.11228496034477438
      ],
      "min": [
        -807.7694436215914,
        0.09952067846353815
      ],
      "max": [
        -769.3673459291912,
        0.13161004620037356
      ]
    },
    {
      "gen": 3,
      "nevals": 20,
      "avg": [
        -784.4482308372874,
        0.11230981873249454
      ],
      "min": [
        -807.7694436215914,
        0.09952067846353815
      ],
      "max": [
        -769.3673459291912,
        0.13161004620037356
      ]
    },
    {
      "gen": 4,
      "nevals": 20,
      "avg": [
        -785.9541538859675,
        0.11312066382323709
      ],
      "min": [
        -810.8610043234709,
        0.09952067846353815
      ],
      "max": [
        -769.3673459291912,
        0.13163027582522077
      ]
    },
    {
      "gen": 5,
      "nevals": 20,
      "avg": [
        -784.9520555682664,
        0.11249905283212566
      ],
      "min": [
        -810.8610043234709,
        0.09952067846353815
      ],
      "max": [
        -769.3673459291912,
        0.13163027582522077
      ]
    },
    {
      "gen": 6,
      "nevals": 20,
      "avg": [
        -785.7386500985235,
        0.11320637678636258
      ],
      "min": [
        -810.8610043234709,
        0.09952067846353815
      ],
      "max": [
        -769.3673459291912,
        0.13163027582522077
      ]
    },
    {
      "gen": 7,
      "nevals": 20,
      "avg": [
        -786.5431548810606,
        0.1138065700565222
      ],