{
  "run_id": 8,
  "seed": 5008,
  "strategy": "nsga2",
  "elapsed_s": 21.187947988510132,
  "hof_fitness": [
    [
      -805.2016432952879,
      0.12782297468365986
    ],
    [
      -805.1417113137214,
      0.12782252444019412
    ],
    [
      -804.5301227834595,
      0.12781793039673348
    ],
    [
      -804.439048619828,
      0.12781724636619013
    ],
    [
      -804.3479747305428,
      0.1278165623603505
    ],
    [
      -804.2203572260129,
      0.12781560393362845
    ],
    [
      -803.075456666297,
      0.12780700754524904
    ],
    [
      -802.9402254103239,
      0.12780599240896542
    ],
    [
      -800.9010608328347,
      0.12779069111711713
    ],
    [
      -800.4791244747095,
      0.12778752644463626
    ],
    [
      -800.3880624907725,
      0.12778684351099504
    ],
    [
      -800.1074353840885,
      0.12778473904587415
    ],
    [
      -799.872642964504,
      0.12394258800767813
    ],
    [
      -799.8131036732892,
      0.12394208737756325
    ],
    [
      -799.0245679334328,
      0.12393545815069931
    ],
    [
      -798.8977866360157,
      0.12393439248938617
    ],
    [
      -797.7603881268179,
      0.12392483443108096
    ],
    [
      -797.6260430018904,
      0.12392370574982034
    ],
    [
      -796.3963370747002,
      0.1211992622252874
    ],
    [
      -796.337054009657,
      0.12119872938668627
    ],
    [
      -795.425676080852,
      0.12119053951152622
    ],
    [
      -794.2931725735408,
      0.12118036679922248
    ],
    [
      -794.1594056387437,
      0.12117916554887624
    ],
    [
      -793.1970620383069,
      0.12117052547214884
    ],
    [
      -791.357291245922,
      0.1211540171667466
    ],
    [
      -790.9319507881463,
      0.12115020234249105
    ],
    [
      -790.6558309317087,
      0.12114772621340478
    ],
    [
      -790.1484132539375,
      0.12114317662854104
    ],
    [
      -789.8708389875602,
      0.12114068825374966
    ],
    [
      -788.725414262194,
      0.11460480496137551
    ],
    [
      -788.6666968238359,
      0.11460420784765343
    ],
    [
      -787.2654002224507,
      0.1132772525294222
    ],
    [
      -787.2067904861186,
      0.11327664516120348
    ],
    [
      -786.8547124135541,
      0.11327299696141442
    ],
    [
      -786.5802369118928,
      0.11327015329827358
    ],
    [
      -786.3057640108337,
      0.11326731003531096
    ],
    [
      -785.4605862023008,
      0.11325855718728825
    ],
    [
      -785.1861239024023,
      0.11325571555575539
    ],
    [
      -785.1243285653866,
      0.1120639791300567
    ],
    [
      -783.8819350848938,
      0.11205091475310217
    ],
    [
      -783.7499052540678,
      0.11204952686370537
    ],
    [
      -783.5299991124931,
      0.10980491523660599
    ],
    [
      -783.4716650138317,
      0.10980428654186969
    ],
    [
      -782.6990909920063,
      0.10979596194151406
    ],
    [
      -782.5748760650552,
      0.10979462381987823
    ],
    [
      -781.4605017776585,
      0.10978262294924027
    ],
    [
      -781.4021252156723,
      0.10779462122588282
    ],
    [
      -781.3439481976646,
      0.10779398458915104
    ],
    [
      -780.4495741332622,
      0.1077841999413385
    ],
    [
      -780.1992646880252,
      0.10754668954689642
    ],
    [
      -779.5575763542117,
      0.10604612718894699
    ],
    [
      -779.4995355450662,
      0.10604548694178748
    ],
    [
      -778.7308458808246,
      0.10603700958814352
    ],
    [
      -778.6072554911208,
      0.1060356469495278
    ],
    [
      -777.367520515115,
      0.10602198376836133
    ],
    [
      -775.1490086399081,
      0.10191870049127336
    ],
    [
      -775.0912935707231,
      0.10191806824709412
    ],
    [
      -774.8249686377687,
      0.10162219072457937
    ],
    [
      -774.7672775235318,
      0.10162156022018023
    ],
    [
      -773.3246524425148,
      0.10026980746160072
    ],
    [
      -773.267072265398,
      0.10026918751673522
    ],
    [
      -772.6515250533118,
      0.1002625618258465
    ],
    [
      -772.5044832546562,
      0.10026097953735322
    ],
    [
      -772.381873743031,
      0.10025966029419622
    ],
    [
      -771.914530405344,
      0.1002546329329129
    ],
    [
      -771.1519781265022,
      0.10024643371961853
    ],
    [
      -768.430361689592,
      0.10021720843132195
    ],
    [
      -768.0866915520932,
      0.09953455484286536
    ]
  ],