{
  "run_id": 9,
  "seed": 5009,
  "strategy": "nsga2",
  "elapsed_s": 23.820022583007812,
  "hof_fitness": [
    [
      -824.2400886574021,
      0.1384609170509856
    ],
    [
      -823.7571682826535,
      0.13845872028125192
    ],
    [
      -823.47558559193,
      0.13845743951147169
    ],
    [
      -822.7976108992304,
      0.13845435615658166
    ],
    [
      -822.680961711859,
      0.13845382570452358
    ],
    [
      -822.3998423163964,
      0.13845254740566612
    ],
    [
      -820.661469548824,
      0.13844464483074098
    ],
    [
      -819.0702152878993,
      0.1384374142314233
    ],
    [
      -818.2726564349413,
      0.13843379129693775
    ],
    [
      -817.7124633119519,
      0.1384312470592528
    ],
    [
      -798.3122263548056,
      0.12274725670634448
    ],
    [
      -797.8443452438976,
      0.12274320213882109
    ],
    [
      -797.5715317950815,
      0.12274083833866908
    ],
    [
      -797.2699593538099,
      0.12273822565410039
    ],
    [
      -797.1719146316682,
      0.12273737630740747
    ],
    [
      -796.9146713645838,
      0.12273514800518873
    ],
    [
      -796.801655043275,
      0.12273416910313169
    ],
    [
      -796.5292907476279,
      0.12273181017372667
    ],
    [
      -796.1296875788136,
      0.1227283496994078
    ],
    [
      -794.8450590094205,
      0.12271722882864508
    ],
    [
      -793.3033663227898,
      0.12270389008296376
    ],
    [
      -792.9086000825228,
      0.12270047587437102
    ],
    [
      -792.5306493210029,
      0.12269720759928086
    ],
    [
      -792.1680397936699,
      0.12269407244653177
    ],
    [
      -791.9879050920357,
      0.12269251515449323
    ],
    [
      -788.6957421732475,
      0.11459594648105213
    ],
    [
      -788.2334437292392,
      0.1145912451170519
    ],
    [
      -787.6659114086932,
      0.11458547495312713
    ],
    [
      -786.9340806325516,
      0.11457803659358298
    ],
    [
      -786.4713758538137,
      0.1145733349465429
    ],
    [
      -785.2699462761612,
      0.11456113166579898
    ],
    [
      -784.8751339056715,
      0.11455712292333828
    ],
    [
      -783.7466509962287,
      0.11454566887728204
    ],
    [
      -783.1786063001956,
      0.11453990551969542
    ],
    [
      -782.9831553427176,
      0.11453792283352551
    ],
    [
      -782.7199552866484,
      0.10905996744963906
    ],
    [
      -782.2611286498587,
      0.10905499156680135
    ],
    [
      -781.9935947673838,
      0.10905209077609457
    ],
    [
      -781.9649585175094,
      0.10905178030617355
    ],
    [
      -781.3494462683565,
      0.10904510815801968
    ],
    [
      -781.2386171271608,
      0.10904390700303282
    ],
    [
      -780.971523868073,
      0.1090410125642832
    ],
    [
      -780.9202435353735,
      0.10778566156415323
    ],
    [
      -780.5135025521629,
      0.10697087598099442
    ],
    [
      -780.0559585459142,
      0.10696584743117232
    ],
    [
      -779.7891725507801,
      0.10696291597257043
    ],
    [
      -779.0363054706396,
      0.10695464581909112
    ],
    [
      -779.0363054706396,
      0.10695464581909112
    ],
    [
      -777.2096246763656,
      0.10384963081367118
    ],
    [
      -776.7540021640234,
      0.10384459748674191
    ],
    [
      -776.4883365697325,
      0.10384166331285963
    ],
    [
      -776.3648516281039,
      0.10384029963783528
    ],
    [
      -776.3529867791674,
      0.10303126039907415
    ],
    [
      -776.3332159275436,
      0.10303104246000228
    ],
    [
      -775.8781033340671,
      0.10302602642233391
    ],
    [
      -775.2033443624377,
      0.10198645926123948
    ],
    [
      -774.7488893044658,
      0.10198147918807565
    ],
    [
      -774.4839044389648,
      0.10197857611387248
    ],
    [
      -773.7361201952006,
      0.10197038653146726
    ],
    [
      -773.0167177081566,
      0.10196251176392943
    ],
    [
      -772.5522729127434,
      0.09960626475291133
    ],
    [
      -771.8352765054533,
      0.0995986267364354
    ],
    [
      -771.1994324045535,
      0.09959185681383774
    ],
    [
      -770.826382265954,
      0.09958788646813276
    ],
    [
      -770.4395647736958,
      0.09958377082484357
    ],
    [
      -769.1960400553361,
      0.0995705484878595
    ],
    [
      -768.8092450224973,
      0.09956643834573772
    ],
    [
      -767.7036783500178,
      0.09955469730534204
    ],
    [
      -767.1471692682691,
      0.09954879107128958
    ],
    [
      -766.9556874878318,
      0.09954675947044915
    ],
    [
      -766.6046812699435,
      0.09954303612532642
    ],
    [
      -766.5689232576216,
      0.09954265687501518
    ],
    [
      -766.4303108248961,
      0.09954118684891951
    ]
  ],