{
  "run_id": 1,
  "seed": 5001,
  "strategy": "nsga2",
  "elapsed_s": 21.266368865966797,
  "hof_fitness": [
    [
      -803.1607032466228,
      0.12661035979430096
    ],
    [
      -803.0269087911976,
      0.12660931616588653
    ],
    [
      -802.9581117226453,
      0.1266087795526782
    ],
    [
      -802.7953585381758,
      0.12660751014176272
    ],
    [
      -802.6854358740803,
      0.12660665283160472
    ],
    [
      -802.288660016845,
      0.12660355858398917
    ],
    [
      -801.4262884779663,
      0.12659683497214527
    ],
    [
      -800.8677839772146,
      0.12659248165542186
    ],
    [
      -799.7361897614952,
      0.12658366410381003
    ],
    [
      -799.6480480539722,
      0.1241116952378061
    ],
    [
      -799.3079976552442,
      0.12410884955159765
    ],
    [
      -798.0540957851125,
      0.12409835961723618
    ],
    [
      -797.5994968982467,
      0.12252015171436118
    ],
    [
      -797.2603090733097,
      0.12251719676959978
    ],
    [
      -796.8661884187711,
      0.1225137637627978
    ],
    [
      -796.0095879367209,
      0.12250630416755795
    ],
    [
      -793.1486083221863,
      0.12248140818024636
    ],
    [
      -792.7447567541751,
      0.12247789618929435
    ],
    [
      -791.4645891480442,
      0.12246676728008346
    ],
    [
      -790.0623597838128,
      0.12245458376505167
    ],
    [
      -787.496991720987,
      0.11409378495286619
    ],
    [
      -786.7726825294969,
      0.1140863680149242
    ],
    [
      -781.6645112779634,
      0.11403413176677495
    ],
    [
      -781.2479664176673,
      0.1080611776874871
    ],
    [
      -781.0226379107852,
      0.1080587167958745
    ],
    [
      -780.9156688792108,
      0.10805754865591091
    ],
    [
      -780.5295545070169,
      0.10805333271850823
    ],
    [
      -779.6903555776724,
      0.10804417267771102
    ],
    [
      -779.1468588516319,
      0.10803824253656072
    ],
    [
      -777.8521757653771,
      0.10484345524798003
    ],
    [
      -777.7855159186639,
      0.10484271852255236
    ],
    [
      -777.5213109494588,
      0.10483979882088856
    ],
    [
      -776.3012807792855,
      0.10482632249942606
    ],
    [
      -774.6636896561848,
      0.10480824960865434
    ],
    [
      -774.6097200518108,
      0.10182009841571851
    ],
    [
      -774.5433360009313,
      0.10181937194362023
    ],
    [
      -774.3862913097854,
      0.10181765346262497
    ],
    [
      -774.285759153273,
      0.10181655347548871
    ],
    [
      -774.2802241477159,
      0.10181649291566183
    ],
    [
      -773.0652418020057,
      0.10180320513585808
    ],
    [
      -772.1020451395287,
      0.09957181143326486
    ],
    [
      -772.0826879350203,
      0.09955491294347031
    ],
    [
      -772.0165189728938,
      0.0995542086873298
    ],
    [
      -771.8599831184237,
      0.09955254277518813
    ],
    [
      -771.3726411551758,
      0.0995473576168079
    ],
    [
      -770.5432139887718,
      0.09953853735615972
    ],
    [
      -767.7922456828411,
      0.09952600378032926
    ],
    [
      -766.1424036824576,
      0.09949183464338708
    ],
    [
      -765.0259092492986,
      0.09948001177481658
    ],
    [
      -764.7846632034253,
      0.09947745851832356
    ]
  ],
  "hall_of_fame": [
    [
      0.04301968597016215,
      0.9603310713747255
    ],
    [
      0.04301968597016215,
      0.9436934692622154
    ],
    [
      0.04301968597016215,
      0.9351383904924825
    ],
    [
      0.04301968597016215,
      0.9148995678589991
    ],
    [
      0.04301968597016215,
      0.9012303091960964
    ],
    [
      0.04301968597016215,
      0.8518894612491849
    ],
    [
      0.04301968597016215,
      0.7446474720086018
    ],
    [
      0.04301968597016215,
      0.6751918572759559
    ],
    [
      0.04301968597016215,
      0.5344628685318645
    ],
    [
      0.9471006189076788,
      0.9436934692622154
    ],
    [
      0.9471006189076788,
      0.9012303091960964
    ],
    [
      0.9471006189076788,
      0.7446474720086018
    ],
    [
      0.9399578844867943,
      0.9436934692622154
    ],
    [
      0.9399578844867943,
      0.9012303091960964
    ],
    [
      0.9399578844867943,
      0.8518894612491849
    ],
    [
      0.9399578844867943,
      0.7446474720086018
    ],
    [
      0.9399578844867943,
      0.3864451288128531
    ],
    [
      0.9399578844867943,
      0.335879057578756
    ],
    [
      0.9399578844867943,
      0.1755853329321757
    ],
    [
      0.9399578844867943,
      0.0
    ],
    [
      0.11303120468088068,
      0.9148995678589991
    ],
    [
      0.11303120468088068,
      0.8230955598459685
    ],
    [
      0.11303120468088068,
      0.1755853329321757
    ],
    [
      0.17787684979004414,
      0.9436934692622154
    ],
    [
      0.17787684979004414,
      0.9148995678589991
    ],
    [
      0.17787684979004414,
      0.9012303091960964
    ],
    [
      0.17787684979004414,
      0.8518894612491849
    ],
    [
      0.17787684979004414,
      0.7446474720086018
    ],
    [
      0.17787684979004414,
      0.6751918572759559
    ],
    [
      0.23223993999146797,
      0.9436934692622154
    ],
    [
      0.23223993999146797,
      0.9351383904924825
    ],
    [
      0.23223993999146797,
      0.9012303091960964
    ],
    [
      0.23223993999146797,
      0.7446474720086018
    ],
    [
      0.23223993999146797,
      0.5344628685318645
    ],
    [
      0.6856760799608387,
      0.9436934692622154
    ],
    [
      0.6856760799608387,
      0.9351383904924825
    ],
    [
      0.6856760799608387,
      0.9148995678589991
    ],
    [
      0.6856760799608387,
      0.90194362664675
    ],
    [
      0.6856760799608387,
      0.9012303091960964
    ],
    [
      0.6856760799608387,
      0.7446474720086018
    ],
    [
      0.48030965615634913,
      0.9436934692622154
    ],
    [
      0.4897812569516292,
      0.9436934692622154
    ],
    [
      0.4897812569516292,
      0.9351383904924825
    ],
    [
      0.4897812569516292,
      0.9148995678589991
    ],
    [
      0.4897812569516292,
      0.8518894612491849
    ],
    [
      0.4897812569516292,
      0.7446474720086018
    ],
    [
      0.48030965615634913,
      0.3864451288128531
    ],
    [
      0.4897812569516292,
      0.1755853329321757
    ],
    [
      0.4897812569516292,
      0.031198971070657833
    ],
    [
      0.4897812569516292,
      0.0
    ]
  ],
  "logbook": [
    {
      "gen": 0,
      "nevals": 20,
      "avg": [
        -779.6919342242703,
        0.10919736553820206
      ],
      "min": [
        -803.1607032466228,
        0.09949688593872973
      ],
      "max": [
        -765.0450906690833,
        0.12661035979430096
      ]
    },
    {
      "gen": 1,
      "nevals": 20,
      "avg": [
        -782.3128430524698,
        0.11121706229411961
      ],
      "min": [
        -803.1607032466228,
        0.09948001177481658
      ],
      "max": [
        -764.8038386132376,
        0.12661035979430096
      ]
    },
    {
      "gen": 2,
      "nevals": 20,
      "avg": [
        -783.3652606229737,
        0.11138861688248994
      ],
      "min": [
        -803.1607032466228,
        0.09948001177481658
      ],
      "max": [
        -765.0259092492986,
        0.12661035979430096
      ]
    },
    {
      "gen": 3,
      "nevals": 20,
      "avg": [
        -783.457782422497,
        0.11159144990199157
      ],
      "min": [
        -803.1607032466228,
        0.09948001177481658
      ],
      "max": [
        -765.0259092492986,
        0.12661035979430096
      ]
    },
    {
      "gen": 4,
      "nevals": 20,
      "avg": [
        -784.4614776440187,
        0.1124755233991495
      ],
      "min": [
        -803.1607032466228,
        0.09947745851832356
      ],