{
  "run_id": 5,
  "seed": 5005,
  "strategy": "nsga2",
  "elapsed_s": 20.06114888191223,
  "hof_fitness": [
    [
      -795.3581412727088,
      0.12042916980412435
    ],
    [
      -795.1757133173186,
      0.12042750214306289
    ],
    [
      -794.9866675757494,
      0.12042577411884439
    ],
    [
      -794.542779876232,
      0.12042171717476743
    ],
    [
      -794.0988988464524,
      0.12041766103855803
    ],
    [
      -793.6550244834199,
      0.12041360570983081
    ],
    [
      -790.8173284989534,
      0.11655576632169026
    ],
    [
      -790.635932150104,
      0.11655397879068682
    ],
    [
      -790.3759453847753,
      0.11655141705972652
    ],
    [
      -788.7996898825206,
      0.1165358920810908
    ],
    [
      -788.7815809049724,
      0.11467628716772313
    ],
    [
      -788.707141394394,
      0.1146755309977254
    ],
    [
      -788.5262245893736,
      0.11467369332094499
    ],
    [
      -788.2669251359874,
      0.1146710597350876
    ],
    [
      -787.022469206553,
      0.11314302749256014
    ],
    [
      -786.8419353212457,
      0.11314115344457032
    ],
    [
      -786.5062898136003,
      0.11260086391712479
    ],
    [
      -786.4320630806797,
      0.112600087914185
    ],
    [
      -786.2516634096311,
      0.11259820204354523
    ],
    [
      -786.0673307504313,
      0.11259627522876688
    ],
    [
      -785.9931051446217,
      0.11259549940307496
    ],
    [
      -784.61124169947,
      0.11084075087509423
    ],
    [
      -784.5371922287777,
      0.11083996083578643
    ],
    [
      -784.3572233751119,
      0.11083804085842433
    ],
    [
      -784.0992825841233,
      0.11083528935179898
    ],
    [
      -782.5354318122824,
      0.11081861514199523
    ],
    [
      -781.6219926572238,
      0.1108088819142298
    ],
    [
      -779.0916057447415,
      0.10562648858253798
    ],
    [
      -779.0180728538105,
      0.10562567657146568
    ],
    [
      -778.839359493236,
      0.10562370321819906
    ],
    [
      -778.6567499175318,
      0.10562168705903582
    ],
    [
      -778.5832181517834,
      0.10562087526984895
    ],
    [
      -777.0302774124481,
      0.10560373910357798
    ],
    [
      -776.1232109860129,
      0.10559373723684287
    ],
    [
      -775.2496419760571,
      0.10203188089461276
    ],
    [
      -775.1764689556146,
      0.1020310786781278
    ],
    [
      -774.9986302223942,
      0.10202912915024367
    ],
    [
      -774.7437424498191,
      0.10202633540082082
    ],
    [
      -774.0724894082895,
      0.10095977771526263
    ],
    [
      -773.9994267111906,
      0.10095898432074535
    ],
    [
      -773.8218561072011,
      0.10095705624081652
    ],
    [
      -773.5673526335561,
      0.10095429324939656
    ],
    [
      -772.9846312260896,
      0.09998868782448302
    ],
    [
      -772.7343477689135,
      0.09998600441950031
    ],
    [
      -772.2469081573043,
      0.09955812763772474
    ],
    [
      -772.0658330640443,
      0.0995562001912739
    ]
  ],
  "hall_of_fame": [
    [
      0.9294014738186874,
      0.9876173164863095
    ],
    [
      0.9294014738186874,
      0.964705657272734
    ],
    [
      0.9294014738186874,
      0.940962701614782
    ],
    [
      0.9294014738186874,
      0.885212602082392
    ],
    [
      0.9294014738186874,
      0.8294625025500021
    ],
    [
      0.9294014738186874,
      0.7737124030176121
    ],
    [
      0.9056537953951341,
      0.9876173164863095
    ],
    [
      0.9056537953951341,
      0.964705657272734
    ],
    [
      0.9056537953951341,
      0.9318672169539195
    ],
    [
      0.9056537953951341,
      0.7327670887556573
    ],
    [
      0.8916516041869755,
      0.9970444407620245
    ],
    [
      0.8916516041869755,
      0.9876173164863095
    ],
    [
      0.8916516041869755,
      0.964705657272734
    ],
    [
      0.8916516041869755,
      0.9318672169539195
    ],
    [
      0.12127128298183043,
      0.9876173164863095
    ],
    [
      0.12127128298183043,
      0.964705657272734
    ],
    [
      0.8737750885924347,
      0.9970444407620245
    ],
    [
      0.8737750885924347,
      0.9876173164863095
    ],
    [
      0.8737750885924347,
      0.964705657272734
    ],
    [
      0.8737750885924347,
      0.9412943412296345
    ],
    [
      0.8737750885924347,
      0.9318672169539195
    ],
    [
      0.8561404527576782,
      0.9970444407620245
    ],
    [
      0.8561404527576782,
      0.9876173164863095
    ],
    [
      0.8561404527576782,
      0.964705657272734
    ],
    [
      0.8561404527576782,
      0.9318672169539195
    ],
    [
      0.8561404527576782,
      0.7327670887556573
    ],
    [
      0.8561404527576782,
      0.616468480606286
    ],
    [
      0.21703772843232316,
      0.9970444407620245
    ],
    [
      0.21703772843232316,
      0.9876173164863095
    ],
    [
      0.21703772843232316,
      0.964705657272734
    ],
    [
      0.21703772843232316,
      0.9412943412296345
    ],
    [
      0.21703772843232316,
      0.9318672169539195
    ],
    [
      0.21703772843232316,
      0.7327670887556573
    ],
    [
      0.21703772843232316,
      0.616468480606286
    ],
    [
      0.6931438148325418,
      0.9970444407620245
    ],
    [
      0.6931438148325418,
      0.9876173164863095
    ],
    [
      0.6931438148325418,
      0.964705657272734
    ],
    [
      0.6931438148325418,
      0.9318672169539195
    ],
    [
      0.648805243295778,
      0.9970444407620245
    ],
    [
      0.648805243295778,
      0.9876173164863095
    ],
    [
      0.648805243295778,
      0.964705657272734
    ],
    [
      0.648805243295778,
      0.9318672169539195
    ],
    [
      0.5846334294204605,
      0.9970444407620245
    ],
    [
      0.5846334294204605,
      0.964705657272734
    ],
    [
      0.5113724083594513,
      0.964705657272734
    ],
    [
      0.5113724083594513,
      0.9412943412296345
    ]
  ],
  "logbook": [
    {
      "gen": 0,
      "nevals": 20,
      "avg": [
        -776.9231854153725,
        0.1068221729742235
      ],
      "min": [
        -794.9866675757494,
        0.09955724084957394
      ],
      "max": [
        -767.1592234056112,
        0.12042577411884439
      ]
    },
    {
      "gen": 1,
      "nevals": 20,
      "avg": [
        -780.4742062910128,
        0.10850804680644191
      ],
      "min": [
        -794.9866675757494,
        0.09955724084957394
      ],
      "max": [
        -767.1592234056112,
        0.12042577411884439
      ]
    },
    {
      "gen": 2,
      "nevals": 20,
      "avg": [
        -781.6978513485057,
        0.1086018540266043
      ],
      "min": [
        -795.3581412727088,
        0.09955724084957394
      ],
      "max": [
        -767.8444767252666,
        0.12042916980412435
      ]
    },
    {
      "gen": 3,
      "nevals": 20,
      "avg": [
        -782.2832412988698,
        0.10926484047491733
      ],
      "min": [
        -795.3581412727088,
        0.09955724084957394
      ],
      "max": [
        -767.8444767252666,
        0.12042916980412435
      ]
    },
    {
      "gen": 4,
      "nevals": 20,
      "avg": [
        -782.7402848795105,
        0.10979217959260408
      ],
      "min": [
        -795.3581412727088,
        0.09955724084957394
      ],
      "max": [
        -767.8444767252666,
        0.12042916980412435
      ]
    },
    {
      "gen": 5,
      "nevals": 20,
      "avg": [
        -783.5598320204514,
        0.11044317971981055
      ],
      "min": [
        -795.3581412727088,
        0.0995562001912739
      ],
      "max": [
        -772.0658330640443,
        0.12042916980412435
      ]
    },
    {
      "gen": 6,
      "nevals": 20,
      "avg": [
        -782.7152049695272,
        0.109453085031502
      ],
      "min": [
        -795.3581412727088,
        0.0995562001912739
      ],