{
  "run_id": 3,
  "seed": 5003,
  "strategy": "nsga2",
  "elapsed_s": 18.9912109375,
  "hof_fitness": [
    [
      -815.0569550472148,
      0.1345075753077898
    ],
    [
      -813.4769587406681,
      0.1344984898715648
    ],
    [
      -812.3497151283613,
      0.13449201062325905
    ],
    [
      -812.2609289557971,
      0.13449150038847726
    ],
    [
      -812.1721430365254,
      0.13449099016924543
    ],
    [
      -809.8247778297886,
      0.13447750585103044
    ],
    [
      -808.4973061396104,
      0.13446988461009798
    ],
    [
      -808.4085309377226,
      0.1344693750486087
    ],
    [
      -805.8927578630876,
      0.12898476047326726
    ],
    [
      -805.161289760976,
      0.12897947778225677
    ],
    [
      -804.3303469086185,
      0.12897347834563355
    ],
    [
      -803.2156500404716,
      0.12896543297435506
    ],
    [
      -803.1278521178334,
      0.12896479942439815
    ],
    [
      -800.7920526705071,
      0.12894795153579566
    ],
    [
      -799.4939106687492,
      0.128938594197594
    ],
    [
      -799.406123460317,
      0.12893796156042642
    ],
    [
      -799.3183365041467,
      0.12893732894475374
    ],
    [
      -793.9326116832905,
      0.12000105600027897
    ],
    [
      -793.916475199566,
      0.12000090721157855
    ],
    [
      -793.8460963293422,
      0.12000025828506702
    ],
    [
      -793.6331884100944,
      0.11999829528941938
    ],
    [
      -792.3931607946198,
      0.119986865794007
    ],
    [
      -791.2948453829405,
      0.11997674742066725
    ],
    [
      -788.906866854707,
      0.1199547638583763
    ],
    [
      -788.8347085880159,
      0.11995409991528014
    ],
    [
      -787.6278043224112,
      0.11994299790105026
    ],
    [
      -787.5413073956988,
      0.11994220245169096
    ],
    [
      -787.454810721007,
      0.11994140703331868
    ],
    [
      -785.2738498423809,
      0.11236042304599955
    ],
    [
      -785.2578877154922,
      0.11236025576763517
    ],
    [
      -785.1723072195852,
      0.11235935893164914
    ],
    [
      -785.0106864484197,
      0.11211671109965246
    ],
    [
      -784.9947296231448,
      0.11211654337932545
    ],
    [
      -784.9251343297681,
      0.11211581188669315
    ],
    [
      -782.4022893440541,
      0.1120893119841109
    ],
    [
      -782.31674493852,
      0.11208841400285138
    ],
    [
      -782.2312007856068,
      0.11208751606193568
    ],
    [
      -779.4335075881619,
      0.10686438686771169
    ],
    [
      -779.4176631639399,
      0.1068642127310365
    ],
    [
      -779.3485581055335,
      0.10686345325661042
    ],
    [
      -777.9219203419769,
      0.10684778096756622
    ],
    [
      -776.8602775589417,
      0.10442737813687067
    ],
    [
      -776.8444850291345,
      0.10442720364797362
    ],
    [
      -775.3249046868932,
      0.10298832138200123
    ],
    [
      -773.8212236243771,
      0.10297176695786311
    ],
    [
      -772.7484290126724,
      0.10295996628352366
    ],
    [
      -772.6639315340088,
      0.10295903717024002
    ],
    [
      -772.1922728337059,
      0.10013257579099158
    ],
    [
      -771.5355343413711,
      0.09955443945690577
    ],
    [
      -771.5279876350054,
      0.0995478485561122
    ],
    [
      -771.512302731924,
      0.09954768168981441
    ],
    [
      -770.8349779934315,
      0.09954698762015292
    ],
    [
      -770.0316192923982,
      0.09953193848095784
    ],
    [
      -768.9715638651124,
      0.09952718641591378
    ],
    [
      -768.9640420755148,
      0.09952059895873834
    ],
    [
      -768.8799555450762,
      0.09951970621866114
    ],
    [
      -766.6503975525864,
      0.09950256156854834
    ],
    [
      -766.2178569291684,
      0.09949147345244669
    ],
    [
      -765.4071231546857,
      0.09948939037146129
    ],
    [
      -765.3996360069925,
      0.09948280772665453
    ],
    [
      -765.3155601242878,
      0.09948191760047832
    ],
    [
      -765.2920101088978,
      0.09948166828288417
    ],
    [
      -765.231484492276,
      0.09948102753585662
    ]
  ],