{
  "run_id": 4,
  "seed": 5004,
  "strategy": "nsga2",
  "elapsed_s": 21.84977126121521,
  "hof_fitness": [
    [
      -798.2744569919043,
      0.12288190506476179
    ],
    [
      -797.9742955054488,
      0.12287931277227424
    ],
    [
      -797.1419446676609,
      0.12287212593548699
    ],
    [
      -796.3489295221735,
      0.12286528094730045
    ],
    [
      -795.1721592535574,
      0.12285512750880448
    ],
    [
      -795.1606126989236,
      0.12037419500867727
    ],
    [
      -794.6987863526919,
      0.12036996880626552
    ],
    [
      -794.2344664049194,
      0.12036572060168418
    ],
    [
      -794.0324750322794,
      0.12036387277670776
    ],
    [
      -793.9883122584798,
      0.12036346879457185
    ],
    [
      -793.2425232291491,
      0.12035664775429081
    ],
    [
      -792.11474279477,
      0.12034633700182742
    ],
    [
      -791.8609058923627,
      0.12034401695846683
    ],
    [
      -791.6490234060859,
      0.1203420805611963
    ],
    [
      -791.203761524356,
      0.12033801186048716
    ],
    [
      -790.786654995223,
      0.12033420111827782
    ],
    [
      -789.1109379457638,
      0.11515542561363452
    ],
    [
      -788.001865951056,
      0.11514424598567738
    ],
    [
      -787.9913024315082,
      0.11514413953102262
    ],
    [
      -787.6332333725267,
      0.11514053136872213
    ],
    [
      -787.4113622116955,
      0.11361744032499514
    ],
    [
      -786.9539945121198,
      0.11361272370514566
    ],
    [
      -786.2941161231003,
      0.11360592049073795
    ],
    [
      -786.2503797252658,
      0.11360546965247684
    ],
    [
      -785.5117911108439,
      0.11359785763506194
    ],
    [
      -785.1980787019168,
      0.11359462526951133
    ],
    [
      -784.5946462807015,
      0.11358840909834297
    ],
    [
      -784.5687559137925,
      0.11099017551256862
    ],
    [
      -783.4660105252622,
      0.11097843326921594
    ],
    [
      -783.4555072654006,
      0.11097832145992803
    ],
    [
      -783.0994808254562,
      0.11097453183896724
    ],
    [
      -782.6759814435928,
      0.11097002490882599
    ],
    [
      -782.3633915283474,
      0.11096669890838784
    ],
    [
      -781.563086161188,
      0.11095818593897225
    ],
    [
      -781.5192288264208,
      0.11095771952124475
    ],
    [
      -781.1035137738094,
      0.11095329895198472
    ],
    [
      -780.6648431365481,
      0.10730828651152688
    ],
    [
      -779.9077319546814,
      0.10659022844483221
    ],
    [
      -779.4546852902231,
      0.10658524170754127
    ],
    [
      -778.8010412792964,
      0.10657804925606093
    ],
    [
      -778.757718096961,
      0.10657757263946224
    ],
    [
      -778.0261076445042,
      0.10656952567318304
    ],
    [
      -777.8925371384602,
      0.10656805689885065
    ],
    [
      -776.8761696437633,
      0.10655688435535407
    ],
    [
      -776.4629036899306,
      0.10655234334098695
    ],
    [
      -776.3424828015994,
      0.10322903936439143
    ],
    [
      -775.2512059150029,
      0.10321700709887269
    ],
    [
      -774.6711023395067,
      0.10168476379329852
    ],
    [
      -773.7686168594281,
      0.10167489970190932
    ],
    [
      -773.582157773064,
      0.10167286249575683
    ],
    [
      -772.8020161327348,
      0.10166434174114405
    ],
    [
      -772.5172259727639,
      0.09975264283883067
    ],
    [
      -772.0684407982898,
      0.09974785022809572
    ],
    [
      -771.4209452426373,
      0.09974093852122935
    ],
    [
      -771.3780295803546,
      0.09974048053993334
    ],
    [
      -770.6533010993799,
      0.09973274879320772
    ],
    [
      -770.2905966870319,
      0.09972888092659722
    ],
    [
      -770.1341715467632,
      0.09954411685874688
    ],
    [
      -768.0997594539949,
      0.09952251026290466
    ],
    [
      -768.098470021125,
      0.09952249657936561
    ]
  ],
  "hall_of_fame": [
    [
      0.9416355966025484,
      0.9709895539106879
    ],
    [
      0.9416355966025484,
      0.9334337263328131
    ],
    [
      0.9416355966025484,
      0.8292890544504791
    ],
    [
      0.9416355966025484,
      0.7300633998156382
    ],
    [
      0.9416355966025484,
      0.5828156950213431
    ],
    [
      0.9291114775386096,
      0.9709895539106879
    ],
    [
      0.9291114775386096,
      0.9129821957466117
    ],
    [
      0.9291114775386096,
      0.854660716059417
    ],
    [
      0.9291114775386096,
      0.8292890544504791
    ],
    [
      0.9291114775386096,
      0.8237418491163928
    ],
    [
      0.9291114775386096,
      0.7300633998156382
    ],
    [
      0.9291114775386096,
      0.5883985796322752
    ],
    [
      0.9291114775386096,
      0.556512409741465
    ],
    [
      0.9291114775386096,
      0.5298962084596344
    ],
    [
      0.9291114775386096,
      0.47396279201795394
    ],
    [
      0.9291114775386096,
      0.4215654643190231
    ],
    [
      0.10458387945358227,
      0.9709895539106879
    ],
    [
      0.10458387945358227,
      0.8306259935559462
    ],
    [
      0.10458387945358227,
      0.8292890544504791
    ],
    [
      0.10458387945358227,
      0.7839708672611211
    ],
    [
      0.882901570549688,
      0.9709895539106879
    ],
    [
      0.882901570549688,
      0.9129821957466117
    ],
    [
      0.882901570549688,
      0.8292890544504791
    ],
    [
      0.882901570549688,
      0.8237418491163928
    ],
    [
      0.882901570549688,
      0.7300633998156382
    ],
    [
      0.882901570549688,
      0.690273151140202
    ],
    [
      0.882901570549688,
      0.6137345619643673
    ],
    [
      0.8577632863120949,
      0.9709895539106879
    ],
    [
      0.8577632863120949,
      0.8306259935559462
    ],
    [
      0.8577632863120949,
      0.8292890544504791
    ],
    [
      0.8577632863120949,
      0.7839708672611211
    ],
    [
      0.8577632863120949,
      0.7300633998156382
    ],
    [
      0.8577632863120949,
      0.690273151140202
    ],
    [
      0.8577632863120949,
      0.5883985796322752
    ],
    [
      0.8577632863120949,
      0.5828156950213431
    ],
    [
      0.8577632863120949,
      0.5298962084596344
    ],
    [
      0.18886433794008162,
      0.9709895539106879
    ],
    [
      0.799808210864865,
      0.9709895539106879
    ],
    [
      0.799808210864865,
      0.9129821957466117
    ],
    [
      0.799808210864865,
      0.8292890544504791
    ],
    [
      0.799808210864865,
      0.8237418491163928
    ],
    [
      0.799808210864865,
      0.7300633998156382
    ],
    [
      0.799808210864865,
      0.7129602165992082
    ],
    [
      0.799808210864865,
      0.5828156950213431
    ],
    [
      0.799808210864865,
      0.5298962084596344
    ],
    [
      0.27018151112886235,
      0.9709895539106879
    ],
    [
      0.27018151112886235,
      0.8306259935559462
    ],
    [
      0.6804733293892559,
      0.9709895539106879
    ],
    [
      0.6804733293892559,
      0.854660716059417
    ],
    [
      0.6804733293892559,
      0.8306259935559462
    ],
    [
      0.6804733293892559,
      0.7300633998156382
    ],
    [
      0.5579095346531986,
      0.9709895539106879
    ],
    [
      0.5579095346531986,
      0.9129821957466117
    ],
    [
      0.5579095346531986,
      0.8292890544504791
    ],
    [
      0.5579095346531986,
      0.8237418491163928
    ],
    [
      0.5579095346531986,
      0.7300633998156382
    ],
    [
      0.5579095346531986,
      0.6831792962961889
    ],
    [
      0.5165230792285315,
      0.690273151140202
    ],
    [
      0.5165230792285315,
      0.42721742596782564
    ],
    [
      0.5165230792285315,
      0.4270506923031169
    ]
  ],
  "logbook": [
    {
      "gen": 0,
      "nevals": 20,
      "avg": [
        -779.1629395528867,
        0.10865416499245928
      ],