{
  "run_id": 8,
  "seed": 18008,
  "pop": 10,
  "ngen": 10,
  "steps": 150,
  "base_seed": 7000,
  "elapsed_s": 0.7735559940338135,
  "hof_fitness": [
    [
      -875.2855888896399,
      0.14927096085959649
    ],
    [
      -843.6343757373622,
      0.1491266038018309
    ],
    [
      -841.0711914355186,
      0.14896847381558292
    ],
    [
      -840.1554407437721,
      0.14896601837214668
    ],
    [
      -835.0092355071654,
      0.14895219507952198
    ],
    [
      -834.1709210855126,
      0.14772941796243472
    ],
    [
      -833.287489386196,
      0.14772594209787865
    ],
    [
      -832.0137432222087,
      0.14772092921508115
    ],
    [
      -831.4729670987624,
      0.1477188004955046
    ],
    [
      -829.4757952556845,
      0.14771093636852317
    ],
    [
      -828.8594571298902,
      0.14667242067815697
    ],
    [
      -827.9815191802711,
      0.1466682442009622
    ],
    [
      -823.4305213275596,
      0.14590998630410665
    ],
    [
      -820.7538620414241,
      0.14469670322070158
    ],
    [
      -818.6305956696214,
      0.14468397848623976
    ],
    [
      -816.1645262333731,
      0.14399792010770981
    ],
    [
      -809.9515671938276,
      0.14172180338845028
    ],
    [
      -806.5990623491376,
      0.14031719956212188
    ],
    [
      -805.7442000949148,
      0.14031042390799747
    ],
    [
      -804.0405727118093,
      0.13971774690117245
    ],
    [
      -802.8105749727289,
      0.13970776094205647
    ],
    [
      -802.7802309976781,
      0.13970751463261544
    ],
    [
      -802.4266184202828,
      0.13914655344368684
    ],
    [
      -801.5530203207779,
      0.13853472555628304
    ],
    [
      -799.4871142004788,
      0.1380857007828433
    ],
    [
      -799.0077290530278,
      0.1376073587908412
    ],
    [
      -798.1607533167341,
      0.13759999725748964
    ],
    [
      -796.7316220171582,
      0.1367676641422069
    ],
    [
      -794.3041307520255,
      0.13586638597287573
    ],
    [
      -793.4620459476521,
      0.13585880863412095
    ],
    [
      -792.2479185282973,
      0.13584788869022282
    ],
    [
      -791.2283776673838,
      0.1350283824939847
    ],
    [
      -790.0624764767676,
      0.1345966592228621
    ],
    [
      -788.8534546625359,
      0.1345856494421356
    ],
    [
      -788.0969851604747,
      0.1335778754419143
    ],
    [
      -787.261360282362,
      0.13357025448032273
    ],
    [
      -786.0565474327351,
      0.13355927323618613
    ],
    [
      -785.5450390009379,
      0.13355461350854814
    ],
    [
      -784.5138299954948,
      0.13354522378447936
    ],
    [
      -781.4231056549087,
      0.13351711594589824
    ],
    [
      -781.2349335901051,
      0.13351540635087247
    ]
  ],
  "hall_of_fame": [
    [
      0.9803929084120754,
      1.0
    ],
    [
      0.9482437155267818,
      1.0
    ],
    [
      0.05389378233117227,
      0.8517158843818226
    ],
    [
      0.05389378233117227,
      0.744110280968943
    ],
    [
      0.05389378233117227,
      0.13929664949573572
    ],
    [
      0.9303705530587089,
      1.0
    ],
    [
      0.9303705530587089,
      0.895209158949168
    ],
    [
      0.9303705530587089,
      0.744110280968943
    ],
    [
      0.9303705530587089,
      0.6799569226841959
    ],
    [
      0.9303705530587089,
      0.443010471292977
    ],
    [
      0.917510550087646,
      1.0
    ],
    [
      0.917510550087646,
      0.895209158949168
    ],
    [
      0.09176496297891834,
      0.744110280968943
    ],
    [
      0.8924993724109628,
      1.0
    ],
    [
      0.8924993724109628,
      0.744110280968943
    ],
    [
      0.11677614065560163,
      0.744110280968943
    ],
    [
      0.8488184196407713,
      0.895209158949168
    ],
    [
      0.823807241964088,
      1.0
    ],
    [
      0.823807241964088,
      0.895209158949168
    ],
    [
      0.18786841055338477,
      0.895209158949168
    ],
    [
      0.18786841055338477,
      0.744110280968943
    ],
    [
      0.18786841055338477,
      0.7403825290670738
    ],
    [
      0.8000682166265803,
      0.895209158949168
    ],
    [
      0.785936061316342,
      1.0
    ],
    [
      0.7750570389498971,
      0.895209158949168
    ],
    [
      0.7621970359788343,
      1.0
    ],
    [
      0.7621970359788343,
      0.895209158949168
    ],
    [
      0.737185858302151,
      1.0
    ],
    [
      0.2951072563085142,
      1.0
    ],
    [
      0.2951072563085142,
      0.895209158949168
    ],
    [
      0.2951072563085142,
      0.744110280968943
    ],
    [
      0.3329784369562603,
      0.895209158949168
    ],
    [
      0.3579896146329436,
      0.895209158949168
    ],
    [
      0.3579896146329436,
      0.744110280968943
    ],
    [
      0.4782984565594395,
      1.0
    ],
    [
      0.4782984565594395,
      0.895209158949168
    ],
    [
      0.4782984565594395,
      0.744110280968943
    ],
    [
      0.4782984565594395,
      0.6799569226841959
    ],
    [
      0.4782984565594395,
      0.5506160747058565
    ],
    [
      0.4782984565594395,
      0.1629042284197154
    ],
    [
      0.4782984565594395,
      0.13929664949573572
    ]
  ]
}