{
  "run_id": 15,
  "seed": 18015,
  "pop": 10,
  "ngen": 10,
  "steps": 150,
  "base_seed": 7000,
  "elapsed_s": 0.7673521041870117,
  "hof_fitness": [
    [
      -812.2113978050389,
      0.14252098808247934
    ],
    [
      -807.9929070692415,
      0.1424912034719341
    ],
    [
      -807.3781964169681,
      0.1407048782071242
    ],
    [
      -806.6398472665579,
      0.14069912745178478
    ],
    [
      -805.7258673042111,
      0.14069201017424227
    ],
    [
      -802.4497000878401,
      0.1406665110523815
    ],
    [
      -794.354889298283,
      0.13601501220294634
    ],
    [
      -793.6282177437924,
      0.13600848896445794
    ],
    [
      -792.8844086418318,
      0.1354682214121367
    ],
    [
      -792.1590570538968,
      0.1354616618917602
    ],
    [
      -791.2611672030158,
      0.1354535452318528
    ],
    [
      -790.8467702440713,
      0.1354498003855904
    ],
    [
      -789.9881158930509,
      0.13465598003495527
    ],
    [
      -788.6793590847853,
      0.13464406781873856
    ],
    [
      -788.0002927041301,
      0.1342444429731571
    ],
    [
      -787.6779528125589,
      0.13355136590748068
    ],
    [
      -786.9572772899413,
      0.1335447950466792
    ],
    [
      -785.6534508095516,
      0.13353291448087465
    ],
    [
      -784.6265969651915,
      0.1335235642884474
    ],
    [
      -782.8674433550223,
      0.13350755948236254
    ]
  ],
  "hall_of_fame": [
    [
      0.1383974525413214,
      0.8651221321078084
    ],
    [
      0.1383974525413214,
      0.3521060401322035
    ],
    [
      0.1689076103124476,
      0.9555068834772467
    ],
    [
      0.1689076103124476,
      0.8651221321078084
    ],
    [
      0.1689076103124476,
      0.7532316901067003
    ],
    [
      0.1689076103124476,
      0.3521060401322035
    ],
    [
      0.7108443458705247,
      0.9555068834772467
    ],
    [
      0.7108443458705247,
      0.8651221321078084
    ],
    [
      0.688156891865698,
      0.9555068834772467
    ],
    [
      0.688156891865698,
      0.8651221321078084
    ],
    [
      0.688156891865698,
      0.7532316901067003
    ],
    [
      0.688156891865698,
      0.7015894191243063
    ],
    [
      0.354100360898846,
      0.8651221321078084
    ],
    [
      0.354100360898846,
      0.7015894191243063
    ],
    [
      0.6175815107978329,
      0.7532316901067003
    ],
    [
      0.500440485511238,
      0.9555068834772467
    ],
    [
      0.500440485511238,
      0.8651221321078084
    ],
    [
      0.500440485511238,
      0.7015894191243063
    ],
    [
      0.500440485511238,
      0.572786012480709
    ],
    [
      0.500440485511238,
      0.3521060401322035
    ]
  ]
}