{
  "run_id": 0,
  "seed": 18000,
  "pop": 10,
  "ngen": 10,
  "steps": 150,
  "base_seed": 7000,
  "elapsed_s": 0.7997579574584961,
  "hof_fitness": [
    [
      -976.2156405436775,
      0.12318279764615336
    ]
  ],
  "hall_of_fame": [
    [
      0.0,
      0.13539117983479798
    ]
  ]
}