{
  "run_id": 9,
  "seed": 18009,
  "pop": 10,
  "ngen": 10,
  "steps": 150,
  "base_seed": 7000,
  "elapsed_s": 0.773853063583374,
  "hof_fitness": [
    [
      -849.2798707220179,
      0.14968257618443528
    ],
    [
      -847.7639105882445,
      0.14968016311877252
    ],
    [
      -843.4624795378062,
      0.14967329053281603
    ],
    [
      -841.6833872571112,
      0.14967043694448806
    ],
    [
      -841.0193421908623,
      0.14966937019300525
    ],
    [
      -839.7243002386934,
      0.1486691964500211
    ],
    [
      -838.2249590045474,
      0.14866465309437518
    ],
    [
      -836.1393059745124,
      0.1486583277890577
    ],
    [
      -833.9706938255565,
      0.1486517443911841
    ],
    [
      -832.2111142743285,
      0.148646397874454
    ],
    [
      -832.136213165503,
      0.1486461701899254
    ],
    [
      -832.071545750124,
      0.14739431261492802
    ],
    [
      -830.5855401074612,
      0.14738805399490015
    ],
    [
      -828.5184399838006,
      0.14737934498629063
    ],
    [
      -826.3691217592698,
      0.1473702859154309
    ],
    [
      -821.7793063141519,
      0.1450494399875914
    ],
    [
      -820.3112654784996,
      0.14504093595336787
    ],
    [
      -818.2691583286593,
      0.14502910698891658
    ],
    [
      -817.407607675115,
      0.14502411661314454
    ],
    [
      -816.1458310136013,
      0.1450168081987618
    ],
    [
      -815.284392756186,
      0.14501181874609204
    ],
    [
      -814.4230000369623,
      0.1450068296698379
    ],
    [
      -813.7799563328635,
      0.14500310531732982
    ],
    [
      -810.9411879197831,
      0.14186735984880622
    ],
    [
      -810.0905738196532,
      0.14186111391804593
    ],
    [
      -809.492096139885,
      0.14185671998967903
    ],
    [
      -807.4763510187402,
      0.14184192437464715
    ],
    [
      -805.3804380244821,
      0.14182654633026617
    ],
    [
      -803.6798533957358,
      0.14181407337906363
    ],
    [
      -803.045113754619,
      0.14180941891229484
    ],
    [
      -800.4556381494418,
      0.13875018693050978
    ],
    [
      -799.6144055666167,
      0.13874312057164778
    ],
    [
      -796.3889594526954,
      0.13871604453925548
    ],
    [
      -796.1323822028861,
      0.1366542485023829
    ],
    [
      -794.7092296398137,
      0.1366416156480881
    ],
    [
      -790.6711843972855,
      0.1366058121722628
    ],
    [
      -789.0010516442283,
      0.13659102156606923
    ],
    [
      -787.9701162000873,
      0.13363697732999455
    ],
    [
      -787.1431348159539,
      0.1336294349513744
    ],
    [
      -786.5612854516534,
      0.13362413049878946
    ],
    [
      -784.2218603224586,
      0.13360282162986867
    ],
    [
      -783.9378957465127,
      0.13360023713863575
    ],
    [
      -782.5638835173188,
      0.13358773782074868
    ],
    [
      -780.9105636851764,
      0.13357271126343878
    ],
    [
      -780.2934667813623,
      0.13356710645198122
    ]
  ],
  "hall_of_fame": [
    [
      0.043033422801442595,
      0.9627186055048383
    ],
    [
      0.043033422801442595,
      0.7860759773428034
    ],
    [
      0.043033422801442595,
      0.2847813831029309
    ],
    [
      0.043033422801442595,
      0.07740754566246028
    ],
    [
      0.043033422801442595,
      0.0
    ],
    [
      0.057889474141943675,
      0.9627186055048383
    ],
    [
      0.057889474141943675,
      0.7860759773428034
    ],
    [
      0.057889474141943675,
      0.5403320049413469
    ],
    [
      0.057889474141943675,
      0.2847813831029309
    ],
    [
      0.057889474141943675,
      0.07740754566246028
    ],
    [
      0.057889474141943675,
      0.06857966139741012
    ],
    [
      0.0736909170827883,
      0.9627186055048383
    ],
    [
      0.0736909170827883,
      0.7860759773428034
    ],
    [
      0.0736909170827883,
      0.5403320049413469
    ],
    [
      0.0736909170827883,
      0.2847813831029309
    ],
    [
      0.8971539273083083,
      0.9627186055048383
    ],
    [
      0.8971539273083083,
      0.7860759773428034
    ],
    [
      0.8971539273083083,
      0.5403320049413469
    ],
    [
      0.8971539273083083,
      0.43664508622111164
    ],
    [
      0.8971539273083083,
      0.2847813831029309
    ],
    [
      0.8971539273083083,
      0.18109446438269558
    ],
    [
      0.8971539273083083,
      0.07740754566246028
    ],
    [
      0.8971539273083083,
      0.0
    ],
    [
      0.14885739282448573,
      0.9627186055048383
    ],
    [
      0.14885739282448573,
      0.8590316867846031
    ],
    [
      0.14885739282448573,
      0.7860759773428034
    ],
    [
      0.14885739282448573,
      0.5403320049413469
    ],
    [
      0.14885739282448573,
      0.2847813831029309
    ],
    [
      0.14885739282448573,
      0.07740754566246028
    ],
    [
      0.14885739282448573,
      0.0
    ],
    [
      0.7913299572852652,
      0.7860759773428034
    ],
    [
      0.7913299572852652,
      0.6823890586225682
    ],
    [
      0.7913299572852652,
      0.2847813831029309
    ],
    [
      0.7335682577309703,
      0.9627186055048383
    ],
    [
      0.7335682577309703,
      0.7860759773428034
    ],
    [
      0.7335682577309703,
      0.2847813831029309
    ],
    [
      0.7335682577309703,
      0.07740754566246028
    ],
    [
      0.5414206878934907,
      0.9627186055048383
    ],
    [
      0.5414206878934907,
      0.8590316867846031
    ],
    [
      0.5414206878934907,
      0.7860759773428034
    ],
    [
      0.5414206878934907,
      0.4927163784494496
    ],
    [
      0.5414206878934907,
      0.457104622630779
    ],
    [
      0.5414206878934907,
      0.2847813831029309
    ],
    [
      0.5414206878934907,
      0.07740754566246028
    ],
    [
      0.5414206878934907,
      0.0
    ]
  ]
}