{
  "run_id": 12,
  "seed": 18012,
  "pop": 10,
  "ngen": 10,
  "steps": 150,
  "base_seed": 7000,
  "elapsed_s": 0.7703351974487305,
  "hof_fitness": [
    [
      -855.069514633857,
      0.1499819464682476
    ],
    [
      -854.2017955195263,
      0.14998128663593946
    ],
    [
      -854.0900957154163,
      0.14998120156619077
    ],
    [
      -852.2664022269595,
      0.1499798084404825
    ],
    [
      -851.2558968850706,
      0.14997903309769406
    ],
    [
      -802.8218213219235,
      0.13907784821268845
    ],
    [
      -800.1861156568713,
      0.13905593732348165
    ],
    [
      -799.2359673885455,
      0.1390480430100483
    ],
    [
      -798.9637522430589,
      0.1390457817351304
    ],
    [
      -798.9268589362263,
      0.13766664123433636
    ],
    [
      -798.0103093124849,
      0.13765868833983974
    ],
    [
      -797.9696204186926,
      0.1376583353451405
    ],
    [
      -796.3036906117766,
      0.13764388721044585
    ],
    [
      -795.3580624521627,
      0.13763569001271284
    ],
    [
      -792.3368323262754,
      0.1352247664747113
    ],
    [
      -791.4276998440483,
      0.13521652329472272
    ],
    [
      -791.3873402331865,
      0.13521615743657175
    ],
    [
      -789.7348929984009,
      0.13520118433563408
    ],
    [
      -789.518662224433,
      0.13418365290049034
    ],
    [
      -788.6127039756594,
      0.1341753874783874
    ],
    [
      -787.9557150267087,
      0.13361322414345006
    ],
    [
      -787.0587922409384,
      0.1335711329624798
    ],
    [
      -786.9556838251368,
      0.13357019298054137
    ],
    [
      -781.2509478322053,
      0.13355218450446454
    ]
  ],
  "hall_of_fame": [
    [
      0.036078303300847936,
      0.9692858163726752
    ],
    [
      0.036078303300847936,
      0.8688389390876086
    ],
    [
      0.036078303300847936,
      0.8559082496370558
    ],
    [
      0.036078303300847936,
      0.6447807510863064
    ],
    [
      0.036078303300847936,
      0.5277860412448065
    ],
    [
      0.20155321238517532,
      0.9692858163726752
    ],
    [
      0.20155321238517532,
      0.6447807510863064
    ],
    [
      0.20155321238517532,
      0.5277860412448065
    ],
    [
      0.20155321238517532,
      0.4942660229634893
    ],
    [
      0.7638815744633954,
      0.9692858163726752
    ],
    [
      0.7638815744633954,
      0.8559082496370558
    ],
    [
      0.7638815744633954,
      0.8508748594767727
    ],
    [
      0.7638815744633954,
      0.6447807510863064
    ],
    [
      0.7638815744633954,
      0.5277860412448065
    ],
    [
      0.6767003342360466,
      0.9692858163726752
    ],
    [
      0.6767003342360466,
      0.8559082496370558
    ],
    [
      0.6767003342360466,
      0.8508748594767727
    ],
    [
      0.6767003342360466,
      0.6447807510863064
    ],
    [
      0.6112527232963626,
      0.9692858163726752
    ],
    [
      0.6112527232963626,
      0.8559082496370558
    ],
    [
      0.464946990798343,
      0.9692858163726752
    ],
    [
      0.5229658349769678,
      0.8688389390876086
    ],
    [
      0.5229658349769678,
      0.8559082496370558
    ],
    [
      0.464946990798343,
      0.12840989549245074
    ]
  ]
}