{
  "run_id": 1,
  "seed": 2001,
  "pop_size": 5,
  "n_generations": 2,
  "elapsed_s": 0.3085510730743408,
  "hof_fitness": [
    [
      -61.118929312015666,
      281.45654910236254
    ],
    [
      -60.26202550376142,
      273.30354238579434
    ],
    [
      -60.26202550376142,
      273.30354238579434
    ],
    [
      -57.69846593987946,
      249.63824700572778
    ],
    [
      -55.033545350254215,
      226.1903682986766
    ],
    [
      -55.033545350254215,
      226.1903682986766
    ],
    [
      -48.18329536875711,
      171.31131272479874
    ],
    [
      -48.18329536875711,
      171.31131272479874
    ],
    [
      -41.705657606981724,
      126.56220819469652
    ],
    [
      -38.66812479763481,
      107.9701465370143
    ],
    [
      -38.66812479763481,
      107.9701465370143
    ],
    [
      -37.46674086203206,
      101.03819941109379
    ],
    [
      -37.46674086203206,
      101.03819941109379
    ],
    [
      -35.34644774309195,
      89.38704209777943
    ],
    [
      -35.34644774309195,
      89.38704209777943
    ]
  ],
  "hall_of_fame": [
    [
      0.0,
      0.06894367026654058,
      0.32896275957283905,
      0.4125460090281751
    ],
    [
      0.016090694928133864,
      0.06894367026654058,
      0.3512000098217901,
      0.26388467226048906
    ],
    [
      0.016090694928133864,
      0.06894367026654058,
      0.1600420796579169,
      0.4125460090281751
    ],
    [
      0.06422848411191628,
      0.13539117983479798,
      0.24263000962179737,
      0.26388467226048906
    ],
    [
      0.11426960168230033,
      0.06894367026654058,
      0.1600420796579169,
      0.4125460090281751
    ],
    [
      0.11426960168230033,
      0.5157172840235198,
      0.29186524278680304,
      0.47359976098836454
    ],
    [
      0.2429016389914601,
      0.13539117983479798,
      0.3512000098217901,
      0.4125460090281751
    ],
    [
      0.2429016389914601,
      0.13539117983479798,
      0.3512000098217901,
      0.26388467226048906
    ],
    [
      0.3645368704791458,
      0.39999439597101294,
      0.46323077130203816,
      0.4298933367713807
    ],
    [
      0.42157479387100394,
      0.13539117983479798,
      0.45977001002178286,
      0.4298933367713807
    ],
    [
      0.42157479387100394,
      0.13539117983479798,
      0.45977001002178286,
      0.26388467226048906
    ],
    [
      0.44413403822624403,
      0.39999439597101294,
      0.45977001002178286,
      0.26388467226048906
    ],
    [
      0.44413403822624403,
      0.39999439597101294,
      0.29431009138711606,
      0.4298933367713807
    ],
    [
      0.4839482967304654,
      0.39999439597101294,
      0.29431009138711606,
      0.4298933367713807
    ],
    [
      0.4839482967304654,
      0.9345193264078987,
      0.04646072312432242,
      0.4871819455371075
    ]
  ],
  "logbook": [
    {
      "gen": 0,
      "nevals": 5,
      "avg": [
        -45.35537685135489,
        159.57785974607168
      ],
      "min": [
        -60.26202550376142,
        89.38704209777943
      ],
      "max": [
        -35.34644774309195,
        273.30354238579434
      ]
    },
    {
      "gen": 1,
      "nevals": 5,
      "avg": [
        -46.83435234179133,
        169.91586152096573
      ],
      "min": [
        -60.26202550376142,
        89.38704209777943
      ],
      "max": [
        -35.34644774309195,
        273.30354238579434
      ]
    },
    {
      "gen": 2,
      "nevals": 5,
      "avg": [
        -45.635683107142754,
        160.57065174950378
      ],
      "min": [
        -61.118929312015666,
        89.38704209777943
      ],
      "max": [
        -35.34644774309195,
        281.45654910236254
      ]
    }
  ],
  "champion_welfare": 61.118929312015666
}