{
  "config": {
    "pop_size": 50,
    "n_generations": 20,
    "n_runs": 30,
    "n_eval_episodes": 5,
    "eval_seed": 42,
    "steps": 50,
    "base_seed": 2000
  },
  "reference_point": [
    -31.042458378641776,
    309.6022040125988
  ],
  "hv_per_run": [
    4311.159251627693,
    4311.159251627693,
    4311.159251627693,
    4311.159251627693,
    4311.159251627693,
    4311.159251627693,
    4311.159251627693,
    4311.159251627693,
    4311.159251627693,
    4311.159251627693,
    4311.159251627693,
    4374.88980261516,
    4374.88980261516,
    4374.88980261516,
    4311.159251627693,
    4311.159251627693,
    4311.159251627693,
    4311.159251627693,
    4311.159251627693,
    4311.159251627693,
    4311.159251627693,
    4311.159251627693,
    4311.159251627693,
    4311.159251627693,
    4311.159251627693,
    4311.159251627693,
    4311.159251627693,
    4311.159251627693,
    4311.159251627693,
    4311.159251627693
  ],
  "hv_stats": {
    "mean": 4317.532306726439,
    "std": 19.446012310610904,
    "median": 4311.159251627693,
    "min": 4311.159251627693,
    "max": 4374.88980261516,
    "n": 30,
    "ci_lower": 4311.159251627691,
    "ci_upper": 4326.029713524767,
    "ci_width": 14.870461897075984
  },
  "welfare_per_run": [
    61.118929312015666,
    61.118929312015666,
    61.118929312015666,
    61.118929312015666,
    61.118929312015666,
    61.118929312015666,
    61.118929312015666,
    61.118929312015666,
    61.118929312015666,
    61.118929312015666,
    61.118929312015666,
    61.118929312015666,
    61.118929312015666,
    61.118929312015666,
    61.118929312015666,
    61.118929312015666,
    61.118929312015666,
    61.118929312015666,
    61.118929312015666,
    61.118929312015666,
    61.118929312015666,
    61.118929312015666,
    61.118929312015666,
    61.118929312015666,
    61.118929312015666,
    61.118929312015666,
    61.118929312015666,
    61.118929312015666,
    61.118929312015666,
    61.118929312015666
  ],
  "welfare_stats": {
    "mean": 61.118929312015645,
    "std": 2.1680689359681415e-14,
    "median": 61.118929312015666,
    "min": 61.118929312015666,
    "max": 61.118929312015666,
    "n": 30,
    "ci_lower": 61.118929312015645,
    "ci_upper": 61.118929312015645,
    "ci_width": 0.0
  },
  "wilcoxon": {
    "error": "'list' object has no attribute 'values'"
  },
  "table5": {
    "rows": [
      {
        "group": "Overall",
        "mean": 61.118929312015645,
        "std": 2.1680689359681415e-14,
        "ci_lower": 61.118929312015645,
        "ci_upper": 61.118929312015645,
        "n": 30
      }
    ]
  }
}