group,mean_welfare,std,ci_lower,ci_upper,n
Overall,61.118929312015645,2.1680689359681415e-14,61.118929312015645,61.118929312015645,30
