{
  "run_id": 0,
  "seed": 6000,
  "steps": 140,
  "n_eval": 10,
  "elapsed_s": 18.630128860473633,
  "hof_fitness": [
    [
      -941.8744093029111,
      0.13416080495106225
    ],
    [
      -941.6537718684916,
      0.13349339229770926
    ]
  ],
  "hall_of_fame": [
    [
      0.0028229478499490757,
      0.9426573957924137
    ],
    [
      0.0025748164563947906,
      0.6809709798552652
    ]
  ]
}