{
  "run_id": 5,
  "seed": 6005,
  "steps": 140,
  "n_eval": 10,
  "elapsed_s": 18.25078010559082,
  "hof_fitness": [
    [
      -935.5642179731806,
      0.13626839607799715
    ]
  ],
  "hall_of_fame": [
    [
      0.003672799436558183,
      1.0
    ]
  ]
}