{
  "run_id": 6,
  "seed": 6006,
  "steps": 140,
  "n_eval": 10,
  "elapsed_s": 17.364692449569702,
  "hof_fitness": [
    [
      -890.324599955871,
      0.1479148580459866
    ],
    [
      -823.8765502353478,
      0.14741416450887662
    ],
    [
      -823.7422329379599,
      0.1474134496020943
    ],
    [
      -822.4863399788794,
      0.14740676483483023
    ],
    [
      -821.5239769890425,
      0.14740164214295717
    ],
    [
      -820.9162338635076,
      0.14739840697096024
    ],
    [
      -818.8456523193087,
      0.14738738396576492
    ],
    [
      -817.0295008484925,
      0.14737771448477438
    ],
    [
      -816.7259059513561,
      0.1473760980100096
    ],
    [
      -811.7617335917986,
      0.14611388837432432
    ],
    [
      -807.5463036557868,
      0.14309379456807242
    ],
    [
      -807.4145856058566,
      0.14309280475231062
    ],
    [
      -806.1829973798566,
      0.14308355120356403
    ],
    [
      -805.239260110826,
      0.1430764621535185
    ],
    [
      -804.9070276033218,
      0.14307396688715546
    ],
    [
      -804.6432800272906,
      0.1430719861163749
    ],
    [
      -804.3929662168764,
      0.1421279526576271
    ],
    [
      -804.2617509631526,
      0.14212692219517153
    ],
    [
      -803.7861018643706,
      0.1421231871287503
    ],
    [
      -803.0348642057461,
      0.142117288979049
    ],
    [
      -802.7334922160445,
      0.14211492317654492
    ],
    [
      -802.0947298440402,
      0.1421099094715603
    ],
    [
      -801.7637657592741,
      0.14210731205037322
    ],
    [
      -801.5010251605097,
      0.14210525021868195
    ],
    [
      -800.251580169712,
      0.14209544736006838
    ],
    [
      -799.4782773159262,
      0.14208938189409762
    ],
    [
      -797.8609504626344,
      0.14207670043695805
    ],
    [
      -797.7040877962828,
      0.14207547077822008
    ],
    [
      -795.9942694105437,
      0.13944182755506115
    ],
    [
      -795.3936049281531,
      0.13943671445518224
    ],
    [
      -794.6500424536441,
      0.1394303867620301
    ],
    [
      -794.351749609412,
      0.139427848862923
    ],
    [
      -793.7195137444634,
      0.13942247081714987
    ],
    [
      -792.391499459327,
      0.13941117892934124
    ],
    [
      -792.3162741343377,
      0.1382484942425395
    ],
    [
      -792.1869870454896,
      0.13824737544059043
    ],
    [
      -790.6811868335615,
      0.1382343502028869
    ],
    [
      -790.586944299538,
      0.1382038434866153
    ],
    [
      -790.2034517784286,
      0.1375694145248636
    ],
    [
      -790.0745024472698,
      0.1375682950403949
    ],
    [
      -790.0534032550476,
      0.1375215186505492
    ],
    [
      -789.9244779157615,
      0.13752039932706842
    ],
    [
      -788.4228912129892,
      0.13750736860168147
    ],
    [
      -787.7952777066705,
      0.13750192545212142
    ]
  ],
  "hall_of_fame": [
    [
      0.9854679126124246,
      0.7140014003057535
    ],
    [
      0.11095429210521113,
      0.9960741216994926
    ],
    [
      0.11095429210521113,
      0.9799706909466711
    ],
    [
      0.11095429210521113,
      0.8293936292136552
    ],
    [
      0.11095429210521113,
      0.7140014003057535
    ],
    [
      0.11095429210521113,
      0.6411261679103445
    ],
    [
      0.11095429210521113,
      0.3928184890425088
    ],
    [
      0.11095429210521113,
      0.17499493999413296
    ],
    [
      0.11095429210521113,
      0.1385802040186651
    ],
    [
      0.8686593899602902,
      0.17499493999413296
    ],
    [
      0.8094226923237049,
      0.9960741216994926
    ],
    [
      0.8094226923237049,
      0.9799706909466711
    ],
    [
      0.8094226923237049,
      0.8293936292136552
    ],
    [
      0.8094226923237049,
      0.7140014003057535
    ],
    [
      0.8094226923237049,
      0.6733770494452851
    ],
    [
      0.8094226923237049,
      0.6411261679103445
    ],
    [
      0.7860736688364918,
      0.9960741216994926
    ],
    [
      0.7860736688364918,
      0.9799706909466711
    ],
    [
      0.7860736688364918,
      0.9215952981234166
    ],
    [
      0.7860736688364918,
      0.8293936292136552
    ],
    [
      0.7860736688364918,
      0.7924039976566396
    ],
    [
      0.7860736688364918,
      0.7140014003057535
    ],
    [
      0.7860736688364918,
      0.6733770494452851
    ],
    [
      0.7860736688364918,
      0.6411261679103445
    ],
    [
      0.7860736688364918,
      0.4877513554424081
    ],
    [
      0.7860736688364918,
      0.3928184890425088
    ],
    [
      0.7860736688364918,
      0.19425459127887246
    ],
    [
      0.7860736688364918,
      0.17499493999413296
    ],
    [
      0.3041287853011846,
      0.9960741216994926
    ],
    [
      0.3041287853011846,
      0.9215952981234166
    ],
    [
      0.3041287853011846,
      0.8293936292136552
    ],
    [
      0.3041287853011846,
      0.7924039976566396
    ],
    [
      0.3041287853011846,
      0.7140014003057535
    ],
    [
      0.3041287853011846,
      0.5493050932773839
    ],
    [
      0.6262161650894159,
      0.9960741216994926
    ],
    [
      0.6262161650894159,
      0.9799706909466711
    ],
    [
      0.6262161650894159,
      0.7924039976566396
    ],
    [
      0.6237902954751109,
      0.7924039976566396
    ],
    [
      0.5444568909758574,
      0.9960741216994926
    ],
    [
      0.5444568909758574,
      0.9799706909466711
    ],
    [
      0.4691106867742483,
      0.9960741216994926
    ],
    [
      0.4691106867742483,
      0.9799706909466711
    ],
    [
      0.4691106867742483,
      0.7924039976566396
    ],
    [
      0.4691106867742483,
      0.7140014003057535
    ]
  ]
}