{
  "run_id": 4,
  "seed": 6004,
  "steps": 140,
  "n_eval": 10,
  "elapsed_s": 17.49606704711914,
  "hof_fitness": [
    [
      -918.5383331039011,
      0.14120706136273234
    ],
    [
      -794.4624048313992,
      0.1389977066582838
    ],
    [
      -794.1971963359784,
      0.13899543199992204
    ],
    [
      -794.0813819028162,
      0.1388739220703651
    ],
    [
      -793.4208795235363,
      0.1388682473194882
    ],
    [
      -792.4559748956026,
      0.13834686709284183
    ],
    [
      -792.191422347606,
      0.13834458000801222
    ],
    [
      -791.7967966099903,
      0.13834116898773938
    ],
    [
      -791.650286175328,
      0.13833990276881059
    ],
    [
      -791.0373134033727,
      0.13788923881399942
    ],
    [
      -790.7732247910761,
      0.1378869485252503
    ],
    [
      -790.379291108865,
      0.13788353276397686
    ],
    [
      -789.7886185706465,
      0.13748936786737095
    ],
    [
      -789.7619421285754,
      0.1374808625066322
    ],
    [
      -789.1049593213492,
      0.1374751599216723
    ],
    [
      -787.89390225051,
      0.1374729275806362
    ],
    [
      -787.1614543793696,
      0.13746657691335
    ],
    [
      -787.1348648949324,
      0.13745807228639853
    ],
    [
      -784.8906140827082,
      0.1374386299722488
    ],
    [
      -784.6737030260276,
      0.137436752146582
    ]
  ],
  "hall_of_fame": [
    [
      0.9936124066090264,
      0.8929419739310482
    ],
    [
      0.32587558757963897,
      0.9750175058707571
    ],
    [
      0.32587558757963897,
      0.9420780284522536
    ],
    [
      0.6673735279245084,
      0.9750175058707571
    ],
    [
      0.6673735279245084,
      0.8929419739310482
    ],
    [
      0.3661983778935337,
      0.9750175058707571
    ],
    [
      0.3661983778935337,
      0.9420780284522536
    ],
    [
      0.3661983778935337,
      0.8929419739310482
    ],
    [
      0.3661983778935337,
      0.8746991639088919
    ],
    [
      0.5932739853321455,
      0.9750175058707571
    ],
    [
      0.5932739853321455,
      0.9420780284522536
    ],
    [
      0.5932739853321455,
      0.8929419739310482
    ],
    [
      0.48278508496825334,
      0.9750175058707571
    ],
    [
      0.48933964681176845,
      0.9750175058707571
    ],
    [
      0.48933964681176845,
      0.8929419739310482
    ],
    [
      0.48278508496825334,
      0.7383118497323921
    ],
    [
      0.48278508496825334,
      0.6467990790278219
    ],
    [
      0.48933964681176845,
      0.6467990790278219
    ],
    [
      0.48933964681176845,
      0.36636123000832355
    ],
    [
      0.48933964681176845,
      0.3392540198774029
    ]
  ]
}