{
  "run_id": 7,
  "seed": 6007,
  "steps": 140,
  "n_eval": 10,
  "elapsed_s": 16.42221999168396,
  "hof_fitness": [
    [
      -844.5307590817622,
      0.15074316864261864
    ],
    [
      -843.8790072617719,
      0.15074177982776052
    ],
    [
      -843.7598740729952,
      0.1507415258754809
    ],
    [
      -843.434850245613,
      0.15074083288852494
    ],
    [
      -843.1056856614939,
      0.15074013085769486
    ],
    [
      -842.5622713527055,
      0.15055401683083966
    ],
    [
      -841.7931299539548,
      0.1505521520504724
    ],
    [
      -840.7841650132816,
      0.15036153568464727
    ],
    [
      -840.3300717371824,
      0.15030909614763271
    ],
    [
      -839.5629088522385,
      0.15030697908053173
    ],
    [
      -838.9118793169603,
      0.15030518170295146
    ],
    [
      -837.7741737423848,
      0.1503020389544589
    ],
    [
      -837.377653321372,
      0.15030094310299708
    ],
    [
      -833.2276617573591,
      0.15028945781023564
    ],
    [
      -833.2150050262699,
      0.1493143370908967
    ],
    [
      -832.5717391283763,
      0.1493118684806192
    ],
    [
      -831.8084869460251,
      0.14930893877703147
    ],
    [
      -830.2868920893286,
      0.1493030961749633
    ],
    [
      -829.1586619859661,
      0.14929876226155644
    ],
    [
      -828.0305126173391,
      0.149294427174375
    ],
    [
      -826.1710754766316,
      0.1492872787751667
    ],
    [
      -825.4981516716236,
      0.14928469080799253
    ],
    [
      -825.3472563291709,
      0.149284110414635
    ],
    [
      -820.6983845625361,
      0.14680230893685603
    ],
    [
      -820.0645336845839,
      0.14679868942448746
    ],
    [
      -819.9486726996045,
      0.1467980278168434
    ],
    [
      -819.5864610417473,
      0.1467959594578532
    ],
    [
      -819.3124533086482,
      0.14679439477416212
    ],
    [
      -818.2006310781402,
      0.14678804585870522
    ],
    [
      -817.9610304071923,
      0.14678667764923348
    ],
    [
      -817.8131322535821,
      0.14678583309527202
    ],
    [
      -816.701419459225,
      0.14677948479460426
    ],
    [
      -816.4179896416517,
      0.145736973956641
    ],
    [
      -815.7654364549784,
      0.14556616270417339
    ],
    [
      -815.1353029561623,
      0.14556212519308168
    ],
    [
      -815.0201214868894,
      0.14556138720366446
    ],
    [
      -814.3876335812827,
      0.145557334862126
    ],
    [
      -813.2823327284993,
      0.14555025373513736
    ],
    [
      -812.1771131225444,
      0.14554317379353737
    ],
    [
      -808.058355080546,
      0.14551679528823316
    ],
    [
      -807.048881735478,
      0.1430963214910936
    ],
    [
      -806.311345956103,
      0.1430907819685228
    ],
    [
      -805.6854599474264,
      0.14308608174790183
    ],
    [
      -804.5916969424633,
      0.143077869489477
    ],
    [
      -804.3559882780801,
      0.14307609999087095
    ],
    [
      -804.210492575389,
      0.14307500778053273
    ],
    [
      -803.2623241275153,
      0.14306789092189504
    ],
    [
      -801.490520408763,
      0.14156484413303846
    ],
    [
      -801.0681213486652,
      0.14156145605613915
    ],
    [
      -800.7550820556454,
      0.14155894543863165
    ],
    [
      -800.6551280899729,
      0.14110756900133864
    ],
    [
      -800.0364022915375,
      0.14110252549011743
    ],
    [
      -799.9233060802806,
      0.141101603703305
    ],
    [
      -799.3022691133367,
      0.1410965425746476
    ],
    [
      -798.2169805369606,
      0.14108770052279115
    ],
    [
      -794.608176840539,
      0.1391530807782681
    ],
    [
      -793.9940246851941,
      0.13914782764933092
    ],
    [
      -793.881764506238,
      0.13914686759073105
    ],
    [
      -791.7633681237916,
      0.1386526594385802
    ],
    [
      -790.9008119178724,
      0.13864523497501516
    ],
    [
      -790.5783752960635,
      0.13784794389269603
    ],
    [
      -789.967273813515,
      0.13784264472804894
    ],
    [
      -789.5063602315313,
      0.13783864906590756
    ],
    [
      -789.4818444278909,
      0.13749674641696077
    ],
    [
      -788.871573435769,
      0.13749145025669443
    ],
    [
      -788.7600227075327,
      0.13749048237483866
    ],
    [
      -788.1474725491604,
      0.13748516860367938
    ],
    [
      -787.9512315788008,
      0.13748346663435743
    ],
    [
      -787.0770158870629,
      0.1374758869803072
    ],
    [
      -786.8463300251166,
      0.13747388750407413
    ],
    [
      -786.7039347839501,
      0.1374726534193585
    ],
    [
      -786.0066405628168,
      0.13746661167229643
    ],
    [
      -783.7473893809517,
      0.1374470526087248
    ],
    [
      -782.1609094007541,
      0.13743333287673543
    ],
    [
      -782.017758000411,
      0.1374320955227328
    ]
  ],