{
  "run_id": 8,
  "seed": 6008,
  "steps": 140,
  "n_eval": 10,
  "elapsed_s": 18.65572190284729,
  "hof_fitness": [
    [
      -954.2692471898083,
      0.13078992117156304
    ]
  ],
  "hall_of_fame": [
    [
      0.9983363473897453,
      0.9903396329606958
    ]
  ]
}