{
  "run_id": 3,
  "seed": 6003,
  "steps": 140,
  "n_eval": 10,
  "elapsed_s": 16.279295921325684,
  "hof_fitness": [
    [
      -835.0462897532834,
      0.1495164480631115
    ],
    [
      -834.5966558406305,
      0.14951480915508572
    ],
    [
      -831.7835026808823,
      0.14950454939269522
    ],
    [
      -831.3777868181533,
      0.14950306888699275
    ],
    [
      -831.2308398490131,
      0.14950253260833568
    ],
    [
      -830.6991181145042,
      0.14950059187634254
    ],
    [
      -829.6056350176425,
      0.1494965996442253
    ],
    [
      -828.5441682496678,
      0.14949272285489237
    ],
    [
      -827.5258464295396,
      0.1494890023077507
    ],
    [
      -827.1563097430474,
      0.14948765184331672
    ],
    [
      -826.9751357274129,
      0.14948698968377858
    ],
    [
      -821.4628064585966,
      0.1468538671212533
    ],
    [
      -821.0202976010048,
      0.14685135335606297
    ],
    [
      -818.4877248529081,
      0.14683696641687577
    ],
    [
      -818.2517285324014,
      0.14683562576842754
    ],
    [
      -817.8524434703922,
      0.14683335750541643
    ],
    [
      -817.7078257366913,
      0.1468325359583355
    ],
    [
      -817.1845324784233,
      0.14682956321979762
    ],
    [
      -816.663298870203,
      0.14682660217493984
    ],
    [
      -816.1083836373663,
      0.14682344978305112
    ],
    [
      -815.0637450531245,
      0.14681751532635687
    ],
    [
      -814.0615687609287,
      0.14681182207203444
    ],
    [
      -813.5195901471042,
      0.14680874314313305
    ],
    [
      -811.0100247779666,
      0.14410481435598466
    ],
    [
      -810.5730124534472,
      0.1441017092788548
    ],
    [
      -807.8388367567378,
      0.14408228753691474
    ],
    [
      -807.4445125230225,
      0.14407948726874326
    ],
    [
      -807.3034449664232,
      0.14407848553227992
    ],
    [
      -807.301691596843,
      0.1440784730815627
    ],
    [
      -806.7849001749591,
      0.14407480349499133
    ],
    [
      -805.7221231164178,
      0.144067258039622
    ],
    [
      -804.6904658132279,
      0.14405993483811083
    ],
    [
      -803.3415865948391,
      0.1440503617941858
    ],
    [
      -803.1655013257597,
      0.14404911227418177
    ],
    [
      -801.8821698288219,
      0.1413285645170554
    ],
    [
      -798.7458767713978,
      0.14130318989456228
    ],
    [
      -798.2163770798063,
      0.1412989083973555
    ],
    [
      -798.2146430067952,
      0.14129889437695325
    ],
    [
      -796.6524593222096,
      0.14128626687963283
    ],
    [
      -795.6321575385995,
      0.1412780229314126
    ],
    [
      -794.9997306180966,
      0.13910865349884774
    ],
    [
      -792.1183478137956,
      0.13908399454425655
    ],
    [
      -791.5030768776516,
      0.13907873315821212
    ],
    [
      -791.3647340226507,
      0.13907755034221062
    ],
    [
      -791.3630145193457,
      0.1390775356411098
    ],
    [
      -790.3056822471607,
      0.13759230189890562
    ],
    [
      -789.8795874171575,
      0.13758860306856083
    ],
    [
      -787.4409653877054,
      0.1375674508341591
    ],
    [
      -787.2137246532922,
      0.1375654812462912
    ],
    [
      -786.8292536014216,
      0.1375621494474755
    ],
    [
      -786.6917110367386,
      0.13756095768682616
    ],
    [
      -786.6900014805188,
      0.13756094287466783
    ],
    [
      -785.1499055358391,
      0.13754760470889857
    ],
    [
      -784.1440310716142,
      0.1375388994116022
    ],
    [
      -782.8288653332056,
      0.13752752473962646
    ],
    [
      -782.6571813147467,
      0.13752604048677072
    ]
  ],
  "hall_of_fame": [
    [
      0.9211022526291404,
      1.0
    ],
    [
      0.9211022526291404,
      0.9467927174707556
    ],
    [
      0.9211022526291404,
      0.6138647296704469
    ],
    [
      0.9211022526291404,
      0.5658446168486293
    ],
    [
      0.9211022526291404,
      0.5484518204459727
    ],
    [
      0.9211022526291404,
      0.48551533113363343
    ],
    [
      0.9211022526291404,
      0.356080105707856
    ],
    [
      0.9211022526291404,
      0.23042609012237492
    ],
    [
      0.9211022526291404,
      0.1098715629018527
    ],
    [
      0.9211022526291404,
      0.06612186652653636
    ],
    [
      0.9211022526291404,
      0.04467218082546742
    ],
    [
      0.11984451247536787,
      1.0
    ],
    [
      0.11984451247536787,
      0.9467927174707556
    ],
    [
      0.11984451247536787,
      0.6422462916364934
    ],
    [
      0.11984451247536787,
      0.6138647296704469
    ],
    [
      0.11984451247536787,
      0.5658446168486293
    ],
    [
      0.11984451247536787,
      0.5484518204459727
    ],
    [
      0.11984451247536787,
      0.48551533113363343
    ],
    [
      0.11984451247536787,
      0.4228244093489202
    ],
    [
      0.11984451247536787,
      0.356080105707856
    ],
    [
      0.11984451247536787,
      0.23042609012237492
    ],
    [
      0.11984451247536787,
      0.1098715629018527
    ],
    [
      0.11984451247536787,
      0.04467218082546742
    ],
    [
      0.8310134479277093,
      1.0
    ],
    [
      0.8310134479277093,
      0.9467927174707556
    ],
    [
      0.8310134479277093,
      0.6138647296704469
    ],
    [
      0.8310134479277093,
      0.5658446168486293
    ],
    [
      0.8310134479277093,
      0.5486653475940616
    ],
    [
      0.8310134479277093,
      0.5484518204459727
    ],
    [
      0.8310134479277093,
      0.48551533113363343
    ],
    [
      0.8310134479277093,
      0.356080105707856
    ],
    [
      0.8310134479277093,
      0.23042609012237492
    ],
    [
      0.8310134479277093,
      0.06612186652653636
    ],
    [
      0.8310134479277093,
      0.04467218082546742
    ],
    [
      0.23595892401148022,
      1.0
    ],
    [
      0.23595892401148022,
      0.6138647296704469
    ],
    [
      0.23595892401148022,
      0.5486653475940616
    ],
    [
      0.23595892401148022,
      0.5484518204459727
    ],
    [
      0.23595892401148022,
      0.356080105707856
    ],
    [
      0.23595892401148022,
      0.23042609012237492
    ],
    [
      0.6798135330000769,
      1.0
    ],
    [
      0.6798135330000769,
      0.6422462916364934
    ],
    [
      0.6798135330000769,
      0.5658446168486293
    ],
    [
      0.6798135330000769,
      0.5486653475940616
    ],
    [
      0.6798135330000769,
      0.5484518204459727
    ],
    [
      0.5495705366993723,
      1.0
    ],
    [
      0.5495705366993723,
      0.9467927174707556
    ],
    [
      0.5495705366993723,
      0.6422462916364934
    ],
    [
      0.5495705366993723,
      0.6138647296704469
    ],
    [
      0.5495705366993723,
      0.5658446168486293
    ],
    [
      0.5495705366993723,
      0.5486653475940616
    ],
    [
      0.5495705366993723,
      0.5484518204459727
    ],
    [
      0.5495705366993723,
      0.356080105707856
    ],
    [
      0.5495705366993723,
      0.23042609012237492
    ],
    [
      0.5495705366993723,
      0.06612186652653636
    ],
    [
      0.5495705366993723,
      0.04467218082546742
    ]
  ]
}