{
  "run_id": 1,
  "seed": 6001,
  "steps": 140,
  "n_eval": 10,
  "elapsed_s": 15.874168395996094,
  "hof_fitness": [
    [
      -982.8335802570479,
      0.12754174624447331
    ],
    [
      -981.4903814241427,
      0.12754174624446055
    ]
  ],
  "hall_of_fame": [
    [
      1.0,
      1.0
    ],
    [
      1.0,
      0.8619673921925242
    ]
  ]
}