{
  "run_id": 2,
  "seed": 6002,
  "steps": 140,
  "n_eval": 10,
  "elapsed_s": 16.60659694671631,
  "hof_fitness": [
    [
      -848.5055123055699,
      0.15107501313937594
    ],
    [
      -847.4632630041526,
      0.15107346741315858
    ],
    [
      -846.4515948637534,
      0.15107196468220946
    ],
    [
      -844.5771358426989,
      0.15106917423474417
    ],
    [
      -843.6044564263864,
      0.15106772310774147
    ],
    [
      -843.4255900617106,
      0.15106745602705468
    ],
    [
      -843.1646789611475,
      0.15106706630899128
    ],
    [
      -842.1205581863233,
      0.1510655051900419
    ],
    [
      -841.9004207425162,
      0.1510651757378909
    ],
    [
      -841.4295570343736,
      0.15106447068922862
    ],
    [
      -840.9587067352668,
      0.15106376516231618
    ],
    [
      -835.1552655892938,
      0.1496804275039932
    ],
    [
      -834.1289379221391,
      0.14967685783103193
    ],
    [
      -833.1327256992608,
      0.14967339152943443
    ],
    [
      -831.9017113305524,
      0.14966910637441316
    ],
    [
      -831.8493134754235,
      0.14966892393210615
    ],
    [
      -831.2869077821936,
      0.14966696547657152
    ],
    [
      -830.1529596549797,
      0.14966301544729485
    ],
    [
      -828.8678731961011,
      0.1496585368398364
    ],
    [
      -828.6511004491756,
      0.14965778115383596
    ],
    [
      -828.1874338958144,
      0.14965616456539418
    ],
    [
      -826.9340963031593,
      0.14825468731731703
    ],
    [
      -826.4746843000992,
      0.14825251698721736
    ],
    [
      -825.9176030968904,
      0.14824988506420114
    ],
    [
      -823.1028102155369,
      0.14823658345731533
    ],
    [
      -821.9797313466718,
      0.14823127476699247
    ],
    [
      -821.7252705231374,
      0.14823007183908404
    ],
    [
      -821.5204661012142,
      0.1482291036240673
    ],
    [
      -821.0678190344568,
      0.1469866551453167
    ],
    [
      -820.0583546223158,
      0.14698100717785625
    ],
    [
      -817.6572522226336,
      0.1469675726024531
    ],
    [
      -816.1477176371466,
      0.14695912624282587
    ],
    [
      -815.9410784112935,
      0.14597299764840982
    ],
    [
      -813.4863825342107,
      0.14506542468323166
    ],
    [
      -812.4860142944145,
      0.14505876386293443
    ],
    [
      -812.033920195112,
      0.14505575390519201
    ],
    [
      -810.1065507798478,
      0.14504292360161006
    ],
    [
      -809.8960827888492,
      0.14405704297618846
    ],
    [
      -808.9000266678938,
      0.1440499497136099
    ],
    [
      -806.1418348002899,
      0.14403031402571487
    ],
    [
      -805.9090766164384,
      0.1434484282074233
    ],
    [
      -804.7030988068043,
      0.1425055784581801
    ],
    [
      -804.4022123500774,
      0.1424128005723222
    ],
    [
      -803.4127599427455,
      0.14240512886026505
    ],
    [
      -801.0592638859879,
      0.1423868889681467
    ],
    [
      -800.6728569892631,
      0.14238389533278897
    ],
    [
      -798.3407667025571,
      0.1423658341738026
    ],
    [
      -797.8937608498162,
      0.14236237353639103
    ],
    [
      -797.6847864296199,
      0.1423607558332078
    ],
    [
      -797.5147307993985,
      0.140227198832772
    ],
    [
      -796.5335661387105,
      0.14021899633379453
    ],
    [
      -792.9302709310825,
      0.1401888990776354
    ],
    [
      -792.4869669201407,
      0.14018519913189123
    ],
    [
      -791.8035828572836,
      0.13868008892974304
    ],
    [
      -789.6867559278214,
      0.13866188028889928
    ],
    [
      -789.5247298588226,
      0.13758912306188975
    ],
    [
      -789.3692679380894,
      0.13758777403349362
    ],
    [
      -789.0258831736666,
      0.13747805490501738
    ],
    [
      -788.0549469391083,
      0.1374696315319631
    ],
    [
      -785.3663238003909,
      0.13744633048090857
    ],
    [
      -782.8728197247066,
      0.13742475213963373
    ],
    [
      -782.4341885841961,
      0.13742095945891017
    ]
  ],