{
  "run_id": 9,
  "seed": 6009,
  "steps": 140,
  "n_eval": 10,
  "elapsed_s": 16.97364640235901,
  "hof_fitness": [
    [
      -843.0198699358787,
      0.1505523607718847
    ],
    [
      -842.6388437709029,
      0.15055143588481545
    ],
    [
      -842.3780954680894,
      0.150550802798561
    ],
    [
      -840.9267071389479,
      0.15054727656341632
    ],
    [
      -840.4484143527636,
      0.1505461136606057
    ],
    [
      -839.7938612150581,
      0.150544521513903
    ],
    [
      -838.5989004964947,
      0.15054161281302902
    ],
    [
      -837.5710152792042,
      0.1505391086743755
    ],
    [
      -836.966921641327,
      0.1505376360643657
    ],
    [
      -836.9481142423494,
      0.15053759020637542
    ],
    [
      -827.4668296464522,
      0.14818478456969758
    ],
    [
      -827.0926413044963,
      0.14818299618250452
    ],
    [
      -826.8365724692828,
      0.14818177228157833
    ],
    [
      -825.4112330946407,
      0.14817495900018335
    ],
    [
      -825.1118975923466,
      0.1481735279796197
    ],
    [
      -824.2987212885898,
      0.1481696401767856
    ],
    [
      -824.0890751072723,
      0.14747299527745233
    ],
    [
      -823.7163752232861,
      0.14747102625949407
    ],
    [
      -822.0416559248217,
      0.1474621779839553
    ],
    [
      -819.7647301877594,
      0.14745014660488528
    ],
    [
      -818.1684288275427,
      0.1474417107405789
    ],
    [
      -818.1500326147282,
      0.1474416135189329
    ],
    [
      -815.0529139532139,
      0.14525443470736635
    ],
    [
      -814.6842010485936,
      0.1452520127864783
    ],
    [
      -811.9311690279704,
      0.14523393220021602
    ],
    [
      -809.177418317763,
      0.14521585209426327
    ],
    [
      -806.3490126359703,
      0.14274674061444118
    ],
    [
      -805.9841464685243,
      0.14274395240267593
    ],
    [
      -805.7344572406482,
      0.1427420444849008
    ],
    [
      -805.728385930419,
      0.14255682092816305
    ],
    [
      -805.363794278108,
      0.14255401038955925
    ],
    [
      -803.7255119198344,
      0.14254138450274398
    ],
    [
      -803.2622603288802,
      0.14179065617980627
    ],
    [
      -802.8987597832089,
      0.1417877631454019
    ],
    [
      -802.6500051132033,
      0.14178578352975846
    ],
    [
      -800.1846507637558,
      0.14176617177642195
    ],
    [
      -798.0640789387223,
      0.14174931408497418
    ],
    [
      -797.487782909521,
      0.14174473457708678
    ],
    [
      -797.4698409610165,
      0.14174459201472492
    ],
    [
      -795.1198999425058,
      0.139174367533945
    ],
    [
      -794.7600051948655,
      0.13917128927310005
    ],
    [
      -792.6317011582294,
      0.13836699495597177
    ],
    [
      -791.1291095048645,
      0.1378823335665519
    ],
    [
      -790.7709839439331,
      0.137879227522761
    ],
    [
      -789.8813927758492,
      0.1374828954803244
    ],
    [
      -789.5238206121941,
      0.13747979130154644
    ],
    [
      -787.9170822778526,
      0.13746585052781982
    ],
    [
      -787.468235304072,
      0.13746195839746098
    ],
    [
      -784.2714218861821,
      0.13745518446234947
    ],
    [
      -784.2680706318614,
      0.13745515545960993
    ],
    [
      -784.2650899102911,
      0.13745315112484205
    ],
    [
      -784.1834601611027,
      0.13743350491089998
    ]
  ],
  "hall_of_fame": [
    [
      0.06206640216956116,
      0.9895385873619624
    ],
    [
      0.06206640216956116,
      0.9448688441811115
    ],
    [
      0.06206640216956116,
      0.9142993123715304
    ],
    [
      0.06206640216956116,
      0.7441328527432134
    ],
    [
      0.06206640216956116,
      0.6880525797259236
    ],
    [
      0.06206640216956116,
      0.6113029263897221
    ],
    [
      0.06206640216956116,
      0.47117974670026297
    ],
    [
      0.06206640216956116,
      0.3506398521018702
    ],
    [
      0.06206640216956116,
      0.27979434144257664
    ],
    [
      0.06206640216956116,
      0.2775886479558196
    ],
    [
      0.09908036552845456,
      0.9895385873619624
    ],
    [
      0.09908036552845456,
      0.9448688441811115
    ],
    [
      0.09908036552845456,
      0.9142993123715304
    ],
    [
      0.09908036552845456,
      0.7441328527432134
    ],
    [
      0.09908036552845456,
      0.7083942043906104
    ],
    [
      0.09908036552845456,
      0.6113029263897221
    ],
    [
      0.11003097680124929,
      0.9895385873619624
    ],
    [
      0.11003097680124929,
      0.9448688441811115
    ],
    [
      0.11003097680124929,
      0.7441328527432134
    ],
    [
      0.11003097680124929,
      0.47117974670026297
    ],
    [
      0.11003097680124929,
      0.27979434144257664
    ],
    [
      0.11003097680124929,
      0.2775886479558196
    ],
    [
      0.1470449401601427,
      0.9895385873619624
    ],
    [
      0.1470449401601427,
      0.9448688441811115
    ],
    [
      0.1470449401601427,
      0.6113029263897221
    ],
    [
      0.1470449401601427,
      0.2775886479558196
    ],
    [
      0.8013912863195605,
      0.9895385873619624
    ],
    [
      0.8013912863195605,
      0.9448688441811115
    ],
    [
      0.8013912863195605,
      0.9142993123715304
    ],
    [
      0.7968331851464797,
      0.9895385873619624
    ],
    [
      0.7968331851464797,
      0.9448688441811115
    ],
    [
      0.7968331851464797,
      0.7441328527432134
    ],
    [
      0.222863203987136,
      0.9895385873619624
    ],
    [
      0.222863203987136,
      0.9448688441811115
    ],
    [
      0.222863203987136,
      0.9142993123715304
    ],
    [
      0.222863203987136,
      0.6113029263897221
    ],
    [
      0.222863203987136,
      0.3506398521018702
    ],
    [
      0.222863203987136,
      0.27979434144257664
    ],
    [
      0.222863203987136,
      0.2775886479558196
    ],
    [
      0.3168376443649845,
      0.9895385873619624
    ],
    [
      0.3168376443649845,
      0.9448688441811115
    ],
    [
      0.36480221899667264,
      0.9895385873619624
    ],
    [
      0.5923964638834557,
      0.9895385873619624
    ],
    [
      0.5923964638834557,
      0.9448688441811115
    ],
    [
      0.5116466838832019,
      0.9895385873619624
    ],
    [
      0.5116466838832019,
      0.9448688441811115
    ],
    [
      0.5116466838832019,
      0.7441328527432134
    ],
    [
      0.5116466838832019,
      0.6880525797259236
    ],
    [
      0.475563162392893,
      0.2802131257202961
    ],
    [
      0.475563162392893,
      0.27979434144257664
    ],
    [
      0.5235277370245811,
      0.2802131257202961
    ],
    [
      0.5116466838832019,
      0.2775886479558196
    ]
  ]
}