{
  "run_id": 8,
  "seed": 8008,
  "pop_size": 30,
  "n_gen": 15,
  "anchor_scenario": {
    "fragmentation": 0.2,
    "shock_prob": 0.05,
    "K": 80.0,
    "move_cost": 0.1
  },
  "base_seed": 8000,
  "elapsed_s": 10.140136003494263,
  "hof_fitness": [
    [
      -80.78848822414021,
      0.003235446072359663
    ],
    [
      -80.78537045212353,
      0.0031265786506148494
    ],
    [
      -80.78308684556045,
      0.003053545094593283
    ],
    [
      -80.78221621740057,
      0.0030272953493933573
    ],
    [
      -80.76855510865991,
      0.0027497664679829235
    ],
    [
      -80.76813079974593,
      0.0027456454129332715
    ],
    [
      -80.76511610183609,
      0.002724847621394625
    ]
  ],
  "hall_of_fame": [
    [
      0.0,
      0.9640946315049816
    ],
    [
      0.006139194415015092,
      0.9640946315049816
    ],
    [
      0.010684760646517744,
      0.9640946315049816
    ],
    [
      0.9875710658733967,
      0.9640946315049816
    ],
    [
      0.9593358265515517,
      0.9640946315049816
    ],
    [
      0.9584309854080494,
      0.9640946315049816
    ],
    [
      0.04805006017664959,
      0.9640946315049816
    ]
  ]
}