{
  "run_id": 13,
  "seed": 8013,
  "pop_size": 30,
  "n_gen": 15,
  "anchor_scenario": {
    "fragmentation": 0.2,
    "shock_prob": 0.05,
    "K": 80.0,
    "move_cost": 0.1
  },
  "base_seed": 8000,
  "elapsed_s": 10.181196212768555,
  "hof_fitness": [
    [
      -80.75106184334928,
      0.003235446073920089
    ],
    [
      -80.74722042119554,
      0.0032354460686048053
    ],
    [
      -80.7363692861264,
      0.002824107885158133
    ],
    [
      -80.73209804183689,
      0.002760271559807488
    ],
    [
      -80.73050738512782,
      0.0027438567842275577
    ],
    [
      -80.7258915676192,
      0.002719729445212006
    ],
    [
      -80.7243471644951,
      0.002719581965093063
    ]
  ],
  "hall_of_fame": [
    [
      1.0,
      0.9173216229367589
    ],
    [
      1.0,
      0.9125208682940271
    ],
    [
      0.9703597968481938,
      0.9173216229367589
    ],
    [
      0.038614261588167546,
      0.9173216229367589
    ],
    [
      0.042001258625438354,
      0.9173216229367589
    ],
    [
      0.051974764922839194,
      0.9173216229367589
    ],
    [
      0.05536176196011,
      0.9173216229367589
    ]
  ]
}