{
  "run_id": 2,
  "seed": 8002,
  "pop_size": 10,
  "n_gen": 5,
  "anchor_scenario": {
    "fragmentation": 0.2,
    "shock_prob": 0.05,
    "K": 80.0,
    "move_cost": 0.1
  },
  "base_seed": 8000,
  "elapsed_s": 1.3748068809509277,
  "hof_fitness": [
    [
      -80.7493385401428,
      0.0035198166089965245
    ],
    [
      -80.16070494764405,
      0.00295446047045996
    ]
  ],
  "hall_of_fame": [
    [
      0.1336015189276547,
      0.9890915858573505
    ],
    [
      0.09251087355210019,
      0.2329209049108405
    ]
  ]
}