{
  "run_id": 7,
  "seed": 8007,
  "pop_size": 30,
  "n_gen": 15,
  "anchor_scenario": {
    "fragmentation": 0.2,
    "shock_prob": 0.05,
    "K": 80.0,
    "move_cost": 0.1
  },
  "base_seed": 8000,
  "elapsed_s": 10.080703973770142,
  "hof_fitness": [
    [
      -80.78194839291794,
      0.0032354460733223316
    ],
    [
      -80.76576285671966,
      0.0027986176780772348
    ],
    [
      -80.76342895532045,
      0.00276558744071307
    ],
    [
      -80.75975559641556,
      0.00273121104648591
    ]
  ],
  "hall_of_fame": [
    [
      0.0,
      0.9559215841693789
    ],
    [
      0.03275010604267481,
      0.9559215841693789
    ],
    [
      0.962335930434837,
      0.9559215841693789
    ],
    [
      0.9544941063720856,
      0.9559215841693789
    ]
  ]
}