{
  "run_id": 3,
  "seed": 8003,
  "pop_size": 30,
  "n_gen": 15,
  "anchor_scenario": {
    "fragmentation": 0.2,
    "shock_prob": 0.05,
    "K": 80.0,
    "move_cost": 0.1
  },
  "base_seed": 8000,
  "elapsed_s": 10.271995306015015,
  "hof_fitness": [
    [
      -80.75951662169464,
      0.0028246786519696672
    ]
  ],
  "hall_of_fame": [
    [
      0.9205644860802112,
      0.9745853735769014
    ]
  ]
}