{
  "run_id": 11,
  "seed": 8011,
  "pop_size": 30,
  "n_gen": 15,
  "anchor_scenario": {
    "fragmentation": 0.2,
    "shock_prob": 0.05,
    "K": 80.0,
    "move_cost": 0.1
  },
  "base_seed": 8000,
  "elapsed_s": 10.126003980636597,
  "hof_fitness": [
    [
      -80.7332194557009,
      0.002748427945188358
    ],
    [
      -80.72983771319886,
      0.002724579825235772
    ],
    [
      -80.72872522762823,
      0.002720873043128393
    ],
    [
      -80.728036326409,
      0.00271961375822801
    ]
  ],
  "hall_of_fame": [
    [
      0.9590349141412826,
      0.9201047835519963
    ],
    [
      0.9517663616711999,
      0.9201047835519963
    ],
    [
      0.9493495261194335,
      0.9201047835519963
    ],
    [
      0.05215362932726553,
      0.9201047835519963
    ]
  ]
}