{
  "run_id": 5,
  "seed": 8005,
  "pop_size": 30,
  "n_gen": 15,
  "anchor_scenario": {
    "fragmentation": 0.2,
    "shock_prob": 0.05,
    "K": 80.0,
    "move_cost": 0.1
  },
  "base_seed": 8000,
  "elapsed_s": 10.111982822418213,
  "hof_fitness": [
    [
      -80.79580081239567,
      0.003204929417009611
    ],
    [
      -80.78964613663771,
      0.003006054503318234
    ],
    [
      -80.78567751559218,
      0.0030060541159797312
    ],
    [
      -80.7813639005464,
      0.002813671396517081
    ],
    [
      -80.77384321754937,
      0.0027276109723916916
    ],
    [
      -80.77239475939633,
      0.002721591397386712
    ],
    [
      -80.77099869545697,
      0.0027190991484345576
    ]
  ],
  "hall_of_fame": [
    [
      0.0016573819701602294,
      0.9742901251808486
    ],
    [
      0.013891812774861075,
      0.9742901251808486
    ],
    [
      0.013891812774861075,
      0.9693301640914147
    ],
    [
      0.9691407456393165,
      0.9742901251808486
    ],
    [
      0.9531830464334008,
      0.9742901251808486
    ],
    [
      0.9500446331087431,
      0.9742901251808486
    ],
    [
      0.053001119130845965,
      0.9742901251808486
    ]
  ]
}