{
  "run_id": 2,
  "seed": 8002,
  "pop_size": 30,
  "n_gen": 15,
  "anchor_scenario": {
    "fragmentation": 0.2,
    "shock_prob": 0.05,
    "K": 80.0,
    "move_cost": 0.1
  },
  "base_seed": 8000,
  "elapsed_s": 11.13277006149292,
  "hof_fitness": [
    [
      -80.78945851270183,
      0.002759485953312088
    ],
    [
      -80.78750591276263,
      0.0027400760289334938
    ],
    [
      -80.78249654674664,
      0.002718941452839041
    ]
  ],
  "hall_of_fame": [
    [
      0.03874182223604816,
      0.9890915858573505
    ],
    [
      0.042902500542344436,
      0.9890915858573505
    ],
    [
      0.05375414018637115,
      0.9890915858573505
    ]
  ]
}