{
  "run_id": 9,
  "seed": 8009,
  "pop_size": 30,
  "n_gen": 15,
  "anchor_scenario": {
    "fragmentation": 0.2,
    "shock_prob": 0.05,
    "K": 80.0,
    "move_cost": 0.1
  },
  "base_seed": 8000,
  "elapsed_s": 10.224665880203247,
  "hof_fitness": [
    [
      -80.79112334827855,
      0.0031854961782218872
    ],
    [
      -80.78585337515722,
      0.003185495788077703
    ],
    [
      -80.77795628807732,
      0.003185495205090204
    ],
    [
      -80.77738309111446,
      0.0028162407344512253
    ],
    [
      -80.77619324272614,
      0.002796417616436804
    ],
    [
      -80.76066769955682,
      0.0027473294641630975
    ]
  ],
  "hall_of_fame": [
    [
      0.0027368640739748873,
      0.9691308527279073
    ],
    [
      0.0027368640739748873,
      0.9625447258949725
    ],
    [
      0.0027368640739748873,
      0.9526753743867257
    ],
    [
      0.9694473583237279,
      0.9691308527279073
    ],
    [
      0.9669606131953308,
      0.9691308527279073
    ],
    [
      0.9332056164010133,
      0.9691308527279073
    ]
  ]
}