{
  "run_id": 6,
  "seed": 8006,
  "pop_size": 30,
  "n_gen": 15,
  "anchor_scenario": {
    "fragmentation": 0.2,
    "shock_prob": 0.05,
    "K": 80.0,
    "move_cost": 0.1
  },
  "base_seed": 8000,
  "elapsed_s": 10.15255093574524,
  "hof_fitness": [
    [
      -80.78688119370295,
      0.0030211679743839376
    ],
    [
      -80.7807237257012,
      0.002864714955140566
    ],
    [
      -80.76518316887346,
      0.002722902631491917
    ]
  ],
  "hall_of_fame": [
    [
      0.012845968163896493,
      0.9701844629843772
    ],
    [
      0.9746249391198767,
      0.9701844629843772
    ],
    [
      0.9414235950741038,
      0.9701844629843772
    ]
  ]
}