{
  "run_id": 10,
  "seed": 8010,
  "pop_size": 30,
  "n_gen": 15,
  "anchor_scenario": {
    "fragmentation": 0.2,
    "shock_prob": 0.05,
    "K": 80.0,
    "move_cost": 0.1
  },
  "base_seed": 8000,
  "elapsed_s": 10.066622972488403,
  "hof_fitness": [
    [
      -80.79852795496298,
      0.002805455016016456
    ],
    [
      -80.78607002900111,
      0.002722965859307547
    ]
  ],
  "hall_of_fame": [
    [
      0.03186799850973432,
      0.9963468149027724
    ],
    [
      0.9413274535655101,
      0.9963468149027724
    ]
  ]
}