{
  "run_id": 14,
  "seed": 8014,
  "pop_size": 30,
  "n_gen": 15,
  "anchor_scenario": {
    "fragmentation": 0.2,
    "shock_prob": 0.05,
    "K": 80.0,
    "move_cost": 0.1
  },
  "base_seed": 8000,
  "elapsed_s": 10.167172908782959,
  "hof_fitness": [
    [
      -80.75665031238242,
      0.0032354460730762745
    ],
    [
      -80.7549896209144,
      0.003176179058838996
    ],
    [
      -80.74767399420921,
      0.0029516567820634426
    ],
    [
      -80.73428367432123,
      0.002730169822975128
    ],
    [
      -80.73261731872226,
      0.0027223752953958124
    ],
    [
      -80.7311216823221,
      0.0027193204650677308
    ]
  ],
  "hall_of_fame": [
    [
      1.0,
      0.9243057209036607
    ],
    [
      0.9967386678812967,
      0.9243057209036607
    ],
    [
      0.017890938825089697,
      0.9243057209036607
    ],
    [
      0.9541111320471886,
      0.9243057209036607
    ],
    [
      0.04949486735700142,
      0.9243057209036607
    ],
    [
      0.052756199475704715,
      0.9243057209036607
    ]
  ]
}