{
  "run_id": 1,
  "seed": 8001,
  "pop_size": 10,
  "n_gen": 5,
  "anchor_scenario": {
    "fragmentation": 0.2,
    "shock_prob": 0.05,
    "K": 80.0,
    "move_cost": 0.1
  },
  "base_seed": 8000,
  "elapsed_s": 1.283663034439087,
  "hof_fitness": [
    [
      -80.72311533267015,
      0.003214790131124956
    ],
    [
      -80.7147475243962,
      0.0029526197671387922
    ]
  ],
  "hall_of_fame": [
    [
      0.0011168161784470554,
      0.8831080058221421
    ],
    [
      0.9821835034296104,
      0.8831080058221421
    ]
  ]
}