{
  "run_id": 4,
  "seed": 8004,
  "pop_size": 30,
  "n_gen": 15,
  "anchor_scenario": {
    "fragmentation": 0.2,
    "shock_prob": 0.05,
    "K": 80.0,
    "move_cost": 0.1
  },
  "base_seed": 8000,
  "elapsed_s": 10.101311922073364,
  "hof_fitness": [
    [
      -80.74775142784837,
      0.002936186602589374
    ],
    [
      -80.70580558276627,
      0.0027815621406097153
    ]
  ],
  "hall_of_fame": [
    [
      0.09142165786811263,
      0.9662257761518238
    ],
    [
      0.964866626479324,
      0.882400558435464
    ]
  ]
}