{
  "run_id": 0,
  "seed": 8000,
  "pop_size": 10,
  "n_gen": 5,
  "anchor_scenario": {
    "fragmentation": 0.2,
    "shock_prob": 0.05,
    "K": 80.0,
    "move_cost": 0.1
  },
  "base_seed": 8000,
  "elapsed_s": 1.9858460426330566,
  "hof_fitness": [
    [
      -80.73616964667727,
      0.002940854601575611
    ],
    [
      -80.62645477023096,
      0.002852231374668665
    ]
  ],
  "hall_of_fame": [
    [
      0.9081530105575348,
      0.951969211066081
    ],
    [
      0.9173752908692634,
      0.8099554545134353
    ]
  ]
}