{
  "run_id": 0,
  "seed": 8000,
  "pop_size": 30,
  "n_gen": 15,
  "anchor_scenario": {
    "fragmentation": 0.2,
    "shock_prob": 0.05,
    "K": 80.0,
    "move_cost": 0.1
  },
  "base_seed": 8000,
  "elapsed_s": 11.262859106063843,
  "hof_fitness": [
    [
      -80.78381584647482,
      0.0027640381887033484
    ]
  ],
  "hall_of_fame": [
    [
      0.0703023875632306,
      1.0
    ]
  ]
}