{
  "run_id": 1,
  "seed": 8001,
  "pop_size": 30,
  "n_gen": 15,
  "anchor_scenario": {
    "fragmentation": 0.2,
    "shock_prob": 0.05,
    "K": 80.0,
    "move_cost": 0.1
  },
  "base_seed": 8000,
  "elapsed_s": 10.312875032424927,
  "hof_fitness": [
    [
      -80.7462875204805,
      0.003214790900016849
    ],
    [
      -80.73791835994388,
      0.002952619614500182
    ],
    [
      -80.72796092279039,
      0.002761056212008008
    ]
  ],
  "hall_of_fame": [
    [
      0.0011168161784470554,
      0.9120671843669141
    ],
    [
      0.9821835034296104,
      0.9120671843669141
    ],
    [
      0.038472624311468584,
      0.9120671843669141
    ]
  ]
}