{
  "run_id": 9,
  "seed": 18509,
  "pop": 10,
  "ngen": 15,
  "steps": 150,
  "base_seed": 7000,
  "elapsed_s": 1.2055888175964355,
  "hof_fitness": [
    [
      -984.2812201881359,
      0.12318279764614215
    ]
  ],
  "hall_of_fame": [
    [
      0.0,
      0.9627186055048383
    ]
  ]
}