{
  "run_id": 5,
  "seed": 18505,
  "pop": 10,
  "ngen": 15,
  "steps": 150,
  "base_seed": 7000,
  "elapsed_s": 1.1555249691009521,
  "hof_fitness": [
    [
      -835.9710898065252,
      0.14868877633648855
    ],
    [
      -833.7284156143405,
      0.1486820444646322
    ],
    [
      -818.8663688769008,
      0.14544379297265764
    ],
    [
      -818.3169957309117,
      0.1454407466750348
    ],
    [
      -817.3135978536932,
      0.14543518277876066
    ],
    [
      -802.8579848839403,
      0.14063110018626745
    ],
    [
      -802.3191264877833,
      0.14062689996525396
    ],
    [
      -801.3349341663967,
      0.14061922992780182
    ],
    [
      -801.0402463662319,
      0.14061693371316464
    ],
    [
      -800.6936375274967,
      0.14044496185205702
    ],
    [
      -798.4909409140826,
      0.13823860664038898
    ],
    [
      -796.0616906903377,
      0.13821788808659063
    ],
    [
      -795.5273036174292,
      0.13821333273837322
    ],
    [
      -794.5512782916246,
      0.13820501483729508
    ],
    [
      -787.5667358006713,
      0.13505924706357633
    ],
    [
      -787.2271036038362,
      0.13406624157397135
    ],
    [
      -786.4361872922074,
      0.13405903274908845
    ],
    [
      -784.2214152991785,
      0.1338201990367352
    ],
    [
      -782.7330515429034,
      0.133806655402132
    ]
  ],
  "hall_of_fame": [
    [
      0.9425194436011797,
      0.49391971673226975
    ],
    [
      0.9425194436011797,
      0.22970448570930002
    ],
    [
      0.9025521335945361,
      0.41623153404520497
    ],
    [
      0.9025521335945361,
      0.3502399586135774
    ],
    [
      0.9025521335945361,
      0.22970448570930002
    ],
    [
      0.16962941460111325,
      0.41623153404520497
    ],
    [
      0.16962941460111325,
      0.3502399586135774
    ],
    [
      0.16962941460111325,
      0.22970448570930002
    ],
    [
      0.16962941460111325,
      0.19361217094892524
    ],
    [
      0.827170565342314,
      0.21276311517617263
    ],
    [
      0.2207885817162396,
      0.716191356812786
    ],
    [
      0.2207885817162396,
      0.41623153404520497
    ],
    [
      0.2207885817162396,
      0.3502399586135774
    ],
    [
      0.2207885817162396,
      0.22970448570930002
    ],
    [
      0.6704298068806634,
      0.41623153404520497
    ],
    [
      0.3975871534419906,
      0.716191356812786
    ],
    [
      0.3975871534419906,
      0.6171646774684565
    ],
    [
      0.42164500474248356,
      0.41623153404520497
    ],
    [
      0.42164500474248356,
      0.22970448570930002
    ]
  ]
}