{
  "run_id": 16,
  "seed": 18516,
  "pop": 10,
  "ngen": 15,
  "steps": 150,
  "base_seed": 7000,
  "elapsed_s": 1.1258409023284912,
  "hof_fitness": [
    [
      -983.1539974357422,
      0.12318279764616777
    ],
    [
      -978.2320265504379,
      0.12318279764616505
    ],
    [
      -975.2075935435157,
      0.12318279764616454
    ]
  ],
  "hall_of_fame": [
    [
      0.0,
      0.8470936487128088
    ],
    [
      0.0,
      0.34222212288745624
    ],
    [
      0.0,
      0.03199068459939025
    ]
  ]
}