{
  "run_id": 0,
  "seed": 18500,
  "pop": 10,
  "ngen": 15,
  "steps": 150,
  "base_seed": 7000,
  "elapsed_s": 1.152527093887329,
  "hof_fitness": [
    [
      -984.3947495784683,
      0.12318279764615747
    ],
    [
      -976.2156405436775,
      0.12318279764615336
    ]
  ],
  "hall_of_fame": [
    [
      0.0,
      0.974363891074215
    ],
    [
      0.0,
      0.13539117983479798
    ]
  ]
}