{
  "run_id": 2,
  "seed": 18502,
  "pop": 10,
  "ngen": 15,
  "steps": 150,
  "base_seed": 7000,
  "elapsed_s": 1.2124989032745361,
  "hof_fitness": [
    [
      -892.52955259397,
      0.146025080535242
    ],
    [
      -799.9651881939197,
      0.13953697198909162
    ],
    [
      -797.5063887195068,
      0.1379676344784488
    ],
    [
      -794.9890545347238,
      0.13794600208075355
    ],
    [
      -794.7434605175681,
      0.13794389263751874
    ],
    [
      -794.3996831641699,
      0.1368206764684694
    ],
    [
      -793.6653413900868,
      0.13681418722233035
    ],
    [
      -791.8919673916465,
      0.13679852427679842
    ],
    [
      -791.6473118383826,
      0.1367963643018431
    ],
    [
      -790.9507762337881,
      0.13553563831561533
    ],
    [
      -789.1976600444924,
      0.13404659745157105
    ],
    [
      -786.8766275110839,
      0.13402542605268036
    ],
    [
      -786.4627558004458,
      0.13402165383536452
    ],
    [
      -786.1491114796992,
      0.13401879572748412
    ],
    [
      -785.7887661332413,
      0.1336276880545983
    ],
    [
      -783.88728569909,
      0.1336103736723532
    ],
    [
      -783.3077341063063,
      0.13360510033291467
    ]
  ],
  "hall_of_fame": [
    [
      0.9894469617774092,
      0.685463815820864
    ],
    [
      0.8090248481419567,
      0.44702127627294486
    ],
    [
      0.7724015287710279,
      0.685463815820864
    ],
    [
      0.7724015287710279,
      0.37434043218889557
    ],
    [
      0.7724015287710279,
      0.3439841546037822
    ],
    [
      0.7396024817061558,
      0.685463815820864
    ],
    [
      0.7396024817061558,
      0.5943619291362376
    ],
    [
      0.7396024817061558,
      0.37434043218889557
    ],
    [
      0.7396024817061558,
      0.3439841546037822
    ],
    [
      0.6920158923238119,
      0.685463815820864
    ],
    [
      0.59872749543935,
      0.9760813786842278
    ],
    [
      0.59872749543935,
      0.685463815820864
    ],
    [
      0.59872749543935,
      0.6336380170811049
    ],
    [
      0.59872749543935,
      0.5943619291362376
    ],
    [
      0.5439742924257337,
      0.685463815820864
    ],
    [
      0.5439742924257337,
      0.44702127627294486
    ],
    [
      0.5439742924257337,
      0.37434043218889557
    ]
  ]
}