{
  "run_id": 9,
  "seed": 29509,
  "pop": 20,
  "ngen": 25,
  "steps": 150,
  "base_seed": 7000,
  "elapsed_s": 3.6370508670806885,
  "hof_fitness": [
    [
      -843.3468141402147,
      0.14909343293633073
    ],
    [
      -843.2576784866529,
      0.14909320788988287
    ],
    [
      -843.1434083794318,
      0.14909291936566005
    ],
    [
      -843.0291390343884,
      0.14909263082174679
    ],
    [
      -842.3423110586976,
      0.1490908960431185
    ],
    [
      -842.2280470548009,
      0.14909060736136412
    ],
    [
      -842.1137838124305,
      0.14909031865996433
    ],
    [
      -841.638304923394,
      0.1490891170673534
    ],
    [
      -840.1568812553211,
      0.14908537094087362
    ],
    [
      -839.8381328949681,
      0.14866954125946624
    ],
    [
      -839.7243002386934,
      0.1486691964500211
    ],
    [
      -838.6287914000188,
      0.14847886289639617
    ],
    [
      -835.0977514992912,
      0.14789395532243885
    ],
    [
      -834.8962863169875,
      0.1478931916366323
    ],
    [
      -832.2971870260138,
      0.14739526279197687
    ],
    [
      -832.1843660055711,
      0.14739478770704867
    ],
    [
      -832.071545750124,
      0.14739431261492802
    ],
    [
      -829.2357161747738,
      0.1473823673732469
    ],
    [
      -828.5184399838006,
      0.14737934498629063
    ],
    [
      -828.3993923910872,
      0.1473788433151137
    ],
    [
      -827.029609254186,
      0.14737307017245205
    ],
    [
      -822.002219903635,
      0.1450507313027103
    ],
    [
      -821.8907627255925,
      0.14505008564206667
    ],
    [
      -821.7793063141519,
      0.1450494399875914
    ],
    [
      -820.050768167898,
      0.14458814142189744
    ],
    [
      -818.3420139882404,
      0.14405262089770213
    ],
    [
      -818.1200712800122,
      0.1440512143776121
    ],
    [
      -816.8651675471757,
      0.14362706427538574
    ],
    [
      -816.7543917546259,
      0.14362633846270803
    ],
    [
      -816.6436167291712,
      0.14362561266357812
    ],
    [
      -815.5068877243779,
      0.143618165296071
    ],
    [
      -814.9224571169417,
      0.14311359814996719
    ],
    [
      -813.842314367833,
      0.14271718108358783
    ],
    [
      -813.731939774315,
      0.14271641065791854
    ],
    [
      -813.621565948096,
      0.14271564025041256
    ],
    [
      -810.9411879197831,
      0.14186735984880622
    ],
    [
      -809.6018721908705,
      0.1413590827042627
    ],
    [
      -809.4920606925702,
      0.14135825399247312
    ],
    [
      -809.4522294336551,
      0.14134507558886691
    ],
    [
      -809.3424239944178,
      0.14134424638259538
    ],
    [
      -808.462828180227,
      0.1413376047273183
    ],
    [
      -808.0059253101116,
      0.14133415523241785
    ],
    [
      -807.8961299725062,
      0.14133332635672607
    ],
    [
      -807.2544207321627,
      0.1406067997295317
    ],
    [
      -807.1449073181788,
      0.1406059427863878
    ],
    [
      -806.0519616804937,
      0.14015717504089567
    ],
    [
      -804.7051068051754,
      0.13972512322020383
    ],
    [
      -804.5959322358649,
      0.1397242366332957
    ],
    [
      -804.1569333900217,
      0.13949472685189176
    ],
    [
      -802.4361816340537,
      0.13888242115375649
    ],
    [
      -802.2184640421672,
      0.13888059830901617
    ],
    [
      -799.4822282918906,
      0.1388576998313012
    ],
    [
      -799.481614737715,
      0.13785010314911214
    ],
    [
      -799.3731348423574,
      0.13784916623760973
    ],
    [
      -798.6767405877212,
      0.13748575460199178
    ],
    [
      -798.054094858511,
      0.13736479948774127
    ],
    [
      -796.2404307836739,
      0.13665520792084576
    ],
    [
      -796.1323822028861,
      0.1366542485023829
    ],
    [
      -795.590730405662,
      0.13645324435707304
    ],
    [
      -795.0902410115726,
      0.13626733266893454
    ],
    [
      -791.6789069829188,
      0.13492210245189915
    ],
    [
      -791.5714793247881,
      0.1349211255144811
    ],
    [
      -791.4640524336717,
      0.13492014863773677
    ],
    [
      -790.842806905925,
      0.13469027917997758
    ],
    [
      -790.2591645478882,
      0.1343677755340635
    ],
    [
      -788.0634001996021,
      0.1335657094103587
    ],
    [
      -787.9799863180557,
      0.13356494853156498
    ],
    [
      -787.8730514545188,
      0.1335639731566426
    ],
    [
      -787.7661173576464,
      0.13356299785151535
    ],
    [
      -787.0164510670953,
      0.13355616219429517
    ],
    [
      -786.4645688058032,
      0.13355113195668553
    ],
    [
      -785.0782548460206,
      0.13353850350559562
    ],
    [
      -784.3984086302089,
      0.13353231438790422
    ],
    [
      -784.2855735184626,
      0.13353128741605733
    ],
    [
      -784.0188145279137,
      0.13352885977968024
    ],
    [
      -782.9872756286234,
      0.1335194759491453
    ],
    [
      -782.6522913962283,
      0.1335164298790117
    ]
  ],