{
  "run_id": 1,
  "seed": 29501,
  "pop": 20,
  "ngen": 25,
  "steps": 150,
  "base_seed": 7000,
  "elapsed_s": 3.6339099407196045,
  "hof_fitness": [
    [
      -859.6891971906392,
      0.15005629759791245
    ],
    [
      -859.5387856253423,
      0.1500562871086583
    ],
    [
      -859.342871595539,
      0.1500562733563873
    ],
    [
      -858.9392318886106,
      0.15005624470245282
    ],
    [
      -856.3829428601609,
      0.15002498448499263
    ],
    [
      -856.0379099552108,
      0.15002480167997734
    ],
    [
      -855.6357769202993,
      0.1500245882498435
    ],
    [
      -854.4940187857637,
      0.15002398008472664
    ],
    [
      -854.1077199765565,
      0.15002377358991337
    ],
    [
      -851.8138168002422,
      0.15002253980081645
    ],
    [
      -851.5856417881863,
      0.15002241636613547
    ],
    [
      -850.5031036644598,
      0.15002182900495742
    ],
    [
      -848.5099768034504,
      0.15002074004766916
    ],
    [
      -848.4045751598912,
      0.15002068218953138
    ],
    [
      -848.3130972883479,
      0.15002063195250676
    ],
    [
      -841.5447225526887,
      0.148943539392111
    ],
    [
      -840.8101564584349,
      0.1489415466079922
    ],
    [
      -838.1706106987319,
      0.1489343788945933
    ],
    [
      -837.0526601941867,
      0.14893133981473164
    ],
    [
      -836.8283343843871,
      0.14893072976474567
    ],
    [
      -836.6810517711289,
      0.14893032918984073
    ],
    [
      -836.4953206237329,
      0.14892982399574242
    ],
    [
      -833.8045614317058,
      0.14892249905777985
    ],
    [
      -833.7009383368525,
      0.14892221674526182
    ],
    [
      -833.6110040765692,
      0.1489219717134079
    ],
    [
      -825.976050678378,
      0.14614774034058278
    ],
    [
      -825.8313884107214,
      0.14614700039799997
    ],
    [
      -825.6429630549158,
      0.1461460365993691
    ],
    [
      -825.2547525459465,
      0.14614405086333104
    ],
    [
      -824.4251008932899,
      0.14585743529890494
    ],
    [
      -824.0374500774385,
      0.14585537995411207
    ],
    [
      -822.9368130652795,
      0.1458495441721037
    ],
    [
      -820.6519427265387,
      0.1448160666144936
    ],
    [
      -816.2688310057374,
      0.1447901000389779
    ],
    [
      -816.0499469183299,
      0.14478880343739803
    ],
    [
      -815.7250116058916,
      0.14478687864231515
    ],
    [
      -815.0855235098696,
      0.14323575354330556
    ],
    [
      -814.7567316536291,
      0.14323353774742398
    ],
    [
      -810.7315039434587,
      0.14320641835377362
    ],
    [
      -810.5140728876291,
      0.14320495383616325
    ],
    [
      -810.3713171299588,
      0.14320399231967496
    ],
    [
      -810.1912946526404,
      0.14320277982191215
    ],
    [
      -809.5423578040775,
      0.14148967613162397
    ],
    [
      -807.2127317096724,
      0.1414722226452636
    ],
    [
      -805.2173323043147,
      0.14145727983592457
    ],
    [
      -805.0013493724896,
      0.14145566278857583
    ],
    [
      -803.581875077345,
      0.1394512749878773
    ],
    [
      -802.8797220335251,
      0.13944551491773555
    ],
    [
      -800.3566605769753,
      0.1394248268884764
    ],
    [
      -799.8719588020477,
      0.1381181227526294
    ],
    [
      -799.172983418822,
      0.13811213249341275
    ],
    [
      -798.1048709469068,
      0.13810298153673872
    ],
    [
      -797.1528656241744,
      0.13711973242386785
    ],
    [
      -794.173779380049,
      0.13709355576872695
    ],
    [
      -792.8927273656143,
      0.13708230889802092
    ],
    [
      -792.6799852328994,
      0.13708044170167058
    ],
    [
      -792.5403080528536,
      0.1370792158677817
    ],
    [
      -792.400632145731,
      0.1370779901128812
    ],
    [
      -791.2308659550985,
      0.13492083307096464
    ],
    [
      -791.0921663641972,
      0.13491957208144448
    ],
    [
      -790.9115075896754,
      0.13491792975351047
    ],
    [
      -790.5392987654823,
      0.1349145465660779
    ],
    [
      -790.3051531333139,
      0.13457839714899683
    ],
    [
      -789.6143801724046,
      0.13457210418271853
    ],
    [
      -787.676563316256,
      0.1336153142512086
    ],
    [
      -787.5384754447285,
      0.13361405483745148
    ],
    [
      -787.358613453587,
      0.13361241458388384
    ],
    [
      -786.9880462585566,
      0.13360903574829422
    ],
    [
      -784.7322385109095,
      0.13358848342640245
    ],
    [
      -783.4661363549616,
      0.13357696031924243
    ],
    [
      -783.2558770312304,
      0.13357504754354269
    ],
    [
      -783.1178299722195,
      0.13357379182987675
    ],
    [
      -782.0439931634414,
      0.13356402746418886
    ],
    [
      -780.3246070266503,
      0.13354840622371073
    ],
    [
      -780.2403133190205,
      0.13354764079929698
    ]
  ],