{
  "run_id": 10,
  "seed": 29510,
  "pop": 20,
  "ngen": 25,
  "steps": 150,
  "base_seed": 7000,
  "elapsed_s": 3.577353000640869,
  "hof_fitness": [
    [
      -859.6685028833869,
      0.15004689723126635
    ],
    [
      -852.6372125251958,
      0.14988093431034188
    ],
    [
      -852.5081192838579,
      0.1498807903969047
    ],
    [
      -850.8537151792428,
      0.14987894274019525
    ],
    [
      -850.0263401538189,
      0.14987801640918783
    ],
    [
      -849.7213839512694,
      0.149877674591714
    ],
    [
      -849.1623418157221,
      0.1498770474339725
    ],
    [
      -849.0341254894265,
      0.14987690349650817
    ],
    [
      -848.8940620518272,
      0.14987674621719888
    ],
    [
      -848.3100153565094,
      0.14987608990864776
    ],
    [
      -848.0667789354824,
      0.14987581635217798
    ],
    [
      -846.6850441003596,
      0.14987425986916003
    ],
    [
      -846.4274483116454,
      0.1498739692233414
    ],
    [
      -845.3042577629573,
      0.14987270019495783
    ],
    [
      -845.2015533327688,
      0.14987258401477097
    ],
    [
      -844.3744429781688,
      0.14987164752353538
    ],
    [
      -837.8224192983569,
      0.14837565736412914
    ],
    [
      -836.0691127798975,
      0.14836980524403812
    ],
    [
      -834.9559517437781,
      0.14836608775744928
    ],
    [
      -834.4063747413996,
      0.14836425182604393
    ],
    [
      -834.2649333801949,
      0.1483637792616957
    ],
    [
      -833.5684798166023,
      0.1483614519997295
    ],
    [
      -831.971025169761,
      0.1483561116588847
    ],
    [
      -831.7177917300198,
      0.14835526479763148
    ],
    [
      -830.6136232976266,
      0.14835157130843496
    ],
    [
      -830.5126583322192,
      0.14835123350038767
    ],
    [
      -830.1123474691442,
      0.14698265938779936
    ],
    [
      -829.9865794826452,
      0.14698208964970064
    ],
    [
      -828.374793347792,
      0.1469747872446897
    ],
    [
      -827.2716344448748,
      0.1469697882854256
    ],
    [
      -826.4656284941091,
      0.1469661353847253
    ],
    [
      -825.8966305742867,
      0.14696355638086542
    ],
    [
      -825.6596616761959,
      0.14696248225036923
    ],
    [
      -824.3135324970256,
      0.14695637985716678
    ],
    [
      -824.0625750594169,
      0.14695524206858881
    ],
    [
      -823.9007813632761,
      0.14695450850885705
    ],
    [
      -822.9683311245348,
      0.14695028053467993
    ],
    [
      -822.8859485308758,
      0.14531053476487993
    ],
    [
      -822.0866633353905,
      0.14530602650612673
    ],
    [
      -821.287888164937,
      0.14489488884303348
    ],
    [
      -819.5683898604673,
      0.14488477585125237
    ],
    [
      -818.476695588302,
      0.1448783555122916
    ],
    [
      -817.6790666515004,
      0.14487366474857755
    ],
    [
      -816.8814769125662,
      0.1448689743466717
    ],
    [
      -814.754777866476,
      0.14303406531323443
    ],
    [
      -813.9632197301676,
      0.14302865514157811
    ],
    [
      -813.0486631638196,
      0.14302240501929797
    ],
    [
      -811.9654668290993,
      0.1430150034102367
    ],
    [
      -811.4306845037673,
      0.14301134958169842
    ],
    [
      -811.3080323024371,
      0.1430105116145319
    ],
    [
      -811.1740471699825,
      0.14300959623611634
    ],
    [
      -810.3826667374518,
      0.14300418991368616
    ],
    [
      -808.8144865565273,
      0.14299347860415912
    ],
    [
      -808.3265780298459,
      0.1409740585407099
    ],
    [
      -808.2040396024654,
      0.14097311599176351
    ],
    [
      -807.5411351422641,
      0.14096801747691817
    ],
    [
      -806.6336444552752,
      0.1409610390557049
    ],
    [
      -805.5588174622154,
      0.14095277572069168
    ],
    [
      -804.7735131012818,
      0.14094673953518316
    ],
    [
      -804.2191300880494,
      0.1409424789621151
    ],
    [
      -803.9882479808274,
      0.1409407047342111
    ],
    [
      -803.9624078996707,
      0.13946828180276588
    ],
    [
      -802.2784300045342,
      0.13945447529485577
    ],
    [
      -801.497226794061,
      0.1394480727098115
    ],
    [
      -801.2092893910187,
      0.1394457132006159
    ],
    [
      -800.4281399364048,
      0.13943931305344304
    ],
    [
      -800.2777514393631,
      0.13814543337382612
    ],
    [
      -799.499973447167,
      0.1381387717354594
    ],
    [
      -798.6013391591339,
      0.1381310772166328
    ],
    [
      -796.7593628268929,
      0.13811531290806314
    ],
    [
      -795.9817625959936,
      0.13810866096210356
    ],
    [
      -793.3851661083023,
      0.13808646158094173
    ],
    [
      -793.2886309881997,
      0.1380856366504803
    ],
    [
      -793.203675529023,
      0.1355316569358876
    ],
    [
      -793.083385034282,
      0.13553056968305113
    ],
    [
      -792.8628277909474,
      0.13540500207929923
    ],
    [
      -791.2016529280513,
      0.13538997094959287
    ],
    [
      -790.1469909601086,
      0.13538043411585932
    ],
    [
      -789.6262969799113,
      0.13537572750928525
    ],
    [
      -789.3764206855285,
      0.13537346927298427
    ],
    [
      -788.6058896305985,
      0.13536650738265235
    ],
    [
      -788.0821243964947,
      0.13364443500675516
    ],
    [
      -787.3159778963953,
      0.13363744680650486
    ],
    [
      -786.4307831601205,
      0.13362937671415806
    ],
    [
      -785.3823649634642,
      0.13361982406669956
    ],
    [
      -784.8647537221017,
      0.1336151100625336
    ],
    [
      -784.616356840077,
      0.1336128483723444
    ],
    [
      -784.0755964967317,
      0.13360792582951111
    ],
    [
      -783.8503879143276,
      0.13360587622394396
    ],
    [
      -782.9353300848303,
      0.13359755118978545
    ],
    [
      -781.2926351324255,
      0.13358261765604407
    ],
    [
      -781.1975442434557,
      0.13358175364553873
    ],
    [
      -780.4317499177591,
      0.13357479731038152
    ]
  ],