{
  "run_id": 18,
  "seed": 29518,
  "pop": 20,
  "ngen": 25,
  "steps": 150,
  "base_seed": 7000,
  "elapsed_s": 3.592379093170166,
  "hof_fitness": [
    [
      -984.6446749065778,
      0.12318279764616172
    ],
    [
      -983.3012710992112,
      0.12318279764616022
    ],
    [
      -981.2297720938332,
      0.1231827976461581
    ],
    [
      -975.8007836685189,
      0.12318279764614806
    ]
  ],
  "hall_of_fame": [
    [
      0.0,
      1.0
    ],
    [
      0.0,
      0.8622002555826215
    ],
    [
      0.0,
      0.6497160926402039
    ],
    [
      0.0,
      0.09283720533108564
    ]
  ]
}