{
  "run_id": 17,
  "seed": 29517,
  "pop": 20,
  "ngen": 25,
  "steps": 150,
  "base_seed": 7000,
  "elapsed_s": 3.528587818145752,
  "hof_fitness": [
    [
      -972.6019459262895,
      0.12351174874851131
    ]
  ],
  "hall_of_fame": [
    [
      0.00037436621461128805,
      1.0
    ]
  ]
}