{
  "run_id": 19,
  "seed": 29519,
  "pop": 20,
  "ngen": 25,
  "steps": 150,
  "base_seed": 7000,
  "elapsed_s": 3.631511926651001,
  "hof_fitness": [
    [
      -882.7707245006548,
      0.14811287544336912
    ],
    [
      -825.8245761041977,
      0.146001664960244
    ],
    [
      -823.5172278354825,
      0.14598963838937953
    ],
    [
      -822.4935578955876,
      0.14517687901538828
    ],
    [
      -820.1953088601106,
      0.14516373406444805
    ],
    [
      -819.533071080437,
      0.14438478476214014
    ],
    [
      -817.2429131112845,
      0.14437067198629455
    ],
    [
      -816.8779222063141,
      0.14362909495219264
    ],
    [
      -815.5722323807055,
      0.14362054177747471
    ],
    [
      -814.5950238962376,
      0.14361414115931898
    ],
    [
      -814.4789669809322,
      0.14291125515948908
    ],
    [
      -814.290385915797,
      0.14285346792374937
    ],
    [
      -812.2982503269054,
      0.1422313878957242
    ],
    [
      -810.9997257533869,
      0.1422220493805345
    ],
    [
      -810.9004597113926,
      0.14222133558174227
    ],
    [
      -810.7672498718249,
      0.1422203777203588
    ],
    [
      -810.0278803174788,
      0.1422150615966446
    ],
    [
      -808.9401312516301,
      0.14220724183688704
    ],
    [
      -808.189236505519,
      0.14088541021493
    ],
    [
      -806.5283662946924,
      0.14031958830817215
    ],
    [
      -805.3439155567625,
      0.1399092253327064
    ],
    [
      -803.897103457657,
      0.1394008694339063
    ],
    [
      -802.6117353495702,
      0.1393903032901626
    ],
    [
      -802.5550329160129,
      0.13892296946170266
    ],
    [
      -802.4481864193283,
      0.13888467994038672
    ],
    [
      -801.2086502879164,
      0.13843807990560997
    ],
    [
      -800.9300556986938,
      0.13833712923145364
    ],
    [
      -800.2785877033962,
      0.1381003099776748
    ],
    [
      -800.055235542375,
      0.13801888614136693
    ],
    [
      -798.9808871600432,
      0.13762572338593423
    ],
    [
      -797.7032253546644,
      0.1376146251190063
    ],
    [
      -797.4744847325666,
      0.13761263874588323
    ],
    [
      -796.7469952161246,
      0.13760632238427212
    ],
    [
      -796.5162151734264,
      0.13671624547592257
    ],
    [
      -796.0867399773307,
      0.1365569968022023
    ],
    [
      -794.813617441075,
      0.1365456728482917
    ],
    [
      -794.5856895252972,
      0.1365436461572979
    ],
    [
      -793.8607848268398,
      0.1365372017437912
    ],
    [
      -793.4488452078991,
      0.1355768468348664
    ],
    [
      -792.7395837462282,
      0.13531336567290927
    ],
    [
      -791.9651722613079,
      0.1350260727810056
    ],
    [
      -790.6985176040755,
      0.13501456692644653
    ],
    [
      -790.6650529309217,
      0.13454528628344747
    ],
    [
      -789.3037658103244,
      0.1345328818150335
    ],
    [
      -789.1740349285291,
      0.13453170013868151
    ],
    [
      -788.4539755445177,
      0.13452514284359393
    ],
    [
      -788.0236423040614,
      0.13357873812329082
    ],
    [
      -787.955058797419,
      0.13355389464632647
    ],
    [
      -786.6947012542015,
      0.1335424031080812
    ],
    [
      -786.5983530252909,
      0.13354152499501043
    ],
    [
      -786.4690587661848,
      0.13354034669360862
    ],
    [
      -785.7514228778956,
      0.13353380831075157
    ],
    [
      -783.3367235622346,
      0.13351182876340797
    ],
    [
      -780.418349818897,
      0.13348659261389817
    ],
    [
      -780.4147424832207,
      0.13348527457335022
    ]
  ],
  "hall_of_fame": [
    [
      0.9851137406640202,
      0.8321891195567048
    ],
    [
      0.09075573744509524,
      0.9902589350567079
    ],
    [
      0.09075573744509524,
      0.7138775774041438
    ],
    [
      0.10121152724695463,
      0.9902589350567079
    ],
    [
      0.10121152724695463,
      0.7138775774041438
    ],
    [
      0.11166731704881402,
      0.9902589350567079
    ],
    [
      0.11166731704881402,
      0.7138775774041438
    ],
    [
      0.12212310685067342,
      0.9902589350567079
    ],
    [
      0.12212310685067342,
      0.8321891195567048
    ],
    [
      0.12212310685067342,
      0.7138775774041438
    ],
    [
      0.1325788966525328,
      0.9902589350567079
    ],
    [
      0.13344549732810382,
      0.9902589350567079
    ],
    [
      0.1430346864543922,
      0.9902589350567079
    ],
    [
      0.1430346864543922,
      0.8321891195567048
    ],
    [
      0.1430346864543922,
      0.8201048986104296
    ],
    [
      0.1430346864543922,
      0.8038883867132884
    ],
    [
      0.1430346864543922,
      0.7138775774041438
    ],
    [
      0.1430346864543922,
      0.5814474310332239
    ],
    [
      0.165679467409253,
      0.9902589350567079
    ],
    [
      0.1761352572111124,
      0.9902589350567079
    ],
    [
      0.18413323459954933,
      0.9902589350567079
    ],
    [
      0.19458902440140874,
      0.9902589350567079
    ],
    [
      0.19458902440140874,
      0.8321891195567048
    ],
    [
      0.20504481420326814,
      0.9902589350567079
    ],
    [
      0.2059114148788391,
      0.9902589350567079
    ],
    [
      0.2163672046806985,
      0.9902589350567079
    ],
    [
      0.21882501709412097,
      0.9902589350567079
    ],
    [
      0.7752608050053029,
      0.9902589350567079
    ],
    [
      0.2268229944825579,
      0.9902589350567079
    ],
    [
      0.23727878428441732,
      0.9902589350567079
    ],
    [
      0.23727878428441732,
      0.8321891195567048
    ],
    [
      0.23727878428441732,
      0.8038883867132884
    ],
    [
      0.23727878428441732,
      0.7138775774041438
    ],
    [
      0.7355394985641499,
      0.9902589350567079
    ],
    [
      0.7302535483981425,
      0.9902589350567079
    ],
    [
      0.7302535483981425,
      0.8321891195567048
    ],
    [
      0.7302535483981425,
      0.8038883867132884
    ],
    [
      0.7302535483981425,
      0.7138775774041438
    ],
    [
      0.6928497386811413,
      0.9902589350567079
    ],
    [
      0.6808916376563784,
      0.9902589350567079
    ],
    [
      0.33346457457367684,
      0.9902589350567079
    ],
    [
      0.33346457457367684,
      0.8321891195567048
    ],
    [
      0.6382018777733698,
      0.9902589350567079
    ],
    [
      0.6382018777733698,
      0.8201048986104296
    ],
    [
      0.6382018777733698,
      0.8038883867132884
    ],
    [
      0.6382018777733698,
      0.7138775774041438
    ],
    [
      0.4775790756169487,
      0.9902589350567079
    ],
    [
      0.5004729145891563,
      0.9902589350567079
    ],
    [
      0.5004729145891563,
      0.8321891195567048
    ],
    [
      0.5004729145891563,
      0.8201048986104296
    ],
    [
      0.5004729145891563,
      0.8038883867132884
    ],
    [
      0.5004729145891563,
      0.7138775774041438
    ],
    [
      0.5004729145891563,
      0.4109777146017738
    ],
    [
      0.5051893210098959,
      0.044379116546634845
    ],
    [
      0.5004729145891563,
      0.044379116546634845
    ]
  ]
}