{
  "run_id": 3,
  "seed": 29503,
  "pop": 20,
  "ngen": 25,
  "steps": 150,
  "base_seed": 7000,
  "elapsed_s": 3.533696174621582,
  "hof_fitness": [
    [
      -978.1528067719044,
      0.123182797646157
    ]
  ],
  "hall_of_fame": [
    [
      0.0,
      0.33409614827378564
    ]
  ]
}