{
  "run_id": 16,
  "seed": 29516,
  "pop": 20,
  "ngen": 25,
  "steps": 150,
  "base_seed": 7000,
  "elapsed_s": 3.625210762023926,
  "hof_fitness": [
    [
      -984.2219830094048,
      0.12318279764617819
    ],
    [
      -984.1119061260554,
      0.1231827976461645
    ],
    [
      -983.6006277104476,
      0.12318279764616022
    ],
    [
      -982.5326421367821,
      0.12318279764614626
    ]
  ],
  "hall_of_fame": [
    [
      0.0,
      0.9566423475368447
    ],
    [
      0.0,
      0.945351203125114
    ],
    [
      0.0,
      0.8929067820131399
    ],
    [
      0.0,
      0.7833580831891039
    ]
  ]
}