{
  "run_id": 1,
  "seed": 17501,
  "pop": 10,
  "ngen": 5,
  "steps": 150,
  "base_seed": 7000,
  "elapsed_s": 0.46147894859313965,
  "hof_fitness": [
    [
      -859.6891971906392,
      0.15005629759791245
    ],
    [
      -859.5387856253423,
      0.1500562871086583
    ],
    [
      -859.342871595539,
      0.1500562733563873
    ],
    [
      -859.192462925212,
      0.15005626272943837
    ],
    [
      -857.9169745162911,
      0.1500561702060596
    ],
    [
      -857.4054492613129,
      0.15005613189247413
    ],
    [
      -854.873918986494,
      0.15005593212198062
    ],
    [
      -851.7867242419795,
      0.1500556656991418
    ],
    [
      -851.6363785231713,
      0.15005565208630706
    ],
    [
      -841.5447225526887,
      0.148943539392111
    ],
    [
      -839.3078703531748,
      0.14893746846835698
    ],
    [
      -834.4712370828008,
      0.1489243149638418
    ],
    [
      -833.8045614317058,
      0.14892249905777985
    ],
    [
      -833.6573047568323,
      0.148922097864233
    ],
    [
      -824.7577083079666,
      0.1458591987790131
    ],
    [
      -822.5644278530648,
      0.14584756966755358
    ],
    [
      -817.8220317799282,
      0.1458224218719769
    ],
    [
      -817.1683482580506,
      0.14581895524544705
    ],
    [
      -809.9080285753361,
      0.14160967486128612
    ],
    [
      -808.1192176233822,
      0.1415963571548638
    ],
    [
      -802.4524192624489,
      0.14155419941995873
    ],
    [
      -802.2224026333496,
      0.14051694616425178
    ],
    [
      -800.3566605769753,
      0.1394248268884764
    ],
    [
      -799.8719588020477,
      0.1381181227526294
    ],
    [
      -798.3740373391579,
      0.1375698309770882
    ],
    [
      -796.7253449331861,
      0.13755549446859783
    ],
    [
      -796.2494776297159,
      0.13755135812316396
    ],
    [
      -791.2308659550985,
      0.13492083307096464
    ],
    [
      -790.9115075896754,
      0.13491792975351047
    ],
    [
      -789.124957508871,
      0.1349016968044139
    ],
    [
      -788.9862773040334,
      0.13490043734930102
    ]
  ],
  "hall_of_fame": [
    [
      0.968985475592904,
      0.9326402965973477
    ],
    [
      0.968985475592904,
      0.9153258036314085
    ],
    [
      0.968985475592904,
      0.8927731180625529
    ],
    [
      0.968985475592904,
      0.8754586250966137
    ],
    [
      0.968985475592904,
      0.7286232753289116
    ],
    [
      0.968985475592904,
      0.6697331158548405
    ],
    [
      0.968985475592904,
      0.3782620689642363
    ],
    [
      0.968985475592904,
      0.022758574308230806
    ],
    [
      0.968985475592904,
      0.005444081342291563
    ],
    [
      0.94574360891813,
      0.9326402965973477
    ],
    [
      0.94574360891813,
      0.6697331158548405
    ],
    [
      0.94574360891813,
      0.10114468166917334
    ],
    [
      0.94574360891813,
      0.022758574308230806
    ],
    [
      0.94574360891813,
      0.005444081342291563
    ],
    [
      0.9074960881017821,
      0.9326402965973477
    ],
    [
      0.9074960881017821,
      0.6697331158548405
    ],
    [
      0.9074960881017821,
      0.10114468166917334
    ],
    [
      0.9074960881017821,
      0.022758574308230806
    ],
    [
      0.8469169460230942,
      0.9326402965973477
    ],
    [
      0.8469169460230942,
      0.7143731864040154
    ],
    [
      0.8469169460230942,
      0.022758574308230806
    ],
    [
      0.8283118716249926,
      0.3782620689642363
    ],
    [
      0.8065579451696627,
      0.5360527507784326
    ],
    [
      0.22418547484732643,
      0.9326402965973477
    ],
    [
      0.7612906482611979,
      0.9326402965973477
    ],
    [
      0.7612906482611979,
      0.7286232753289116
    ],
    [
      0.7612906482611979,
      0.6697331158548405
    ],
    [
      0.33890958121625947,
      0.9326402965973477
    ],
    [
      0.33890958121625947,
      0.8927731180625529
    ],
    [
      0.33890958121625947,
      0.6697331158548405
    ],
    [
      0.33890958121625947,
      0.6524186228889013
    ]
  ]
}