{
  "run_id": 4,
  "seed": 17504,
  "pop": 10,
  "ngen": 5,
  "steps": 150,
  "base_seed": 7000,
  "elapsed_s": 0.42076611518859863,
  "hof_fitness": [
    [
      -903.818184583997,
      0.14332715256446749
    ],
    [
      -799.0703827033184,
      0.13811838889665365
    ],
    [
      -798.9788143977074,
      0.13811760445689847
    ],
    [
      -798.7464744852242,
      0.13811561417930845
    ],
    [
      -798.6549081080313,
      0.13811482984487441
    ],
    [
      -798.2366655870769,
      0.13811124760440918
    ],
    [
      -793.9282365086801,
      0.1380743764703365
    ],
    [
      -792.8658246669207,
      0.1380652929943224
    ],
    [
      -790.8054589533231,
      0.13462774042892314
    ],
    [
      -789.6173942256863,
      0.13461691897643266
    ],
    [
      -789.2972456238991,
      0.13461400407727647
    ],
    [
      -788.7933542496098,
      0.1346094172327601
    ],
    [
      -788.3984980810261,
      0.13397885120106864
    ],
    [
      -788.2664406663639,
      0.13363931509248916
    ],
    [
      -786.7927299043331,
      0.13357214398767342
    ],
    [
      -786.687679300009,
      0.13354275669014218
    ],
    [
      -781.7188972114742,
      0.13353140500335264
    ],
    [
      -781.6237457507594,
      0.1334966735200872
    ]
  ],
  "hall_of_fame": [
    [
      0.007468944436742619,
      0.7281813831416379
    ],
    [
      0.7759995593130692,
      0.8311602774491931
    ],
    [
      0.7759995593130692,
      0.8198502357139368
    ],
    [
      0.7759995593130692,
      0.7911525137028831
    ],
    [
      0.7759995593130692,
      0.7798424719676268
    ],
    [
      0.7759995593130692,
      0.7281813831416379
    ],
    [
      0.7759995593130692,
      0.19592491833566006
    ],
    [
      0.7759995593130692,
      0.06465340992924462
    ],
    [
      0.35639820676272216,
      0.9796207979853099
    ],
    [
      0.35639820676272216,
      0.8311602774491931
    ],
    [
      0.35639820676272216,
      0.7911525137028831
    ],
    [
      0.35639820676272216,
      0.7281813831416379
    ],
    [
      0.40753425760631956,
      0.8972252301333344
    ],
    [
      0.45867030844991696,
      1.0
    ],
    [
      0.5244665804879438,
      0.8342540995720893
    ],
    [
      0.49701684646407485,
      0.8311602774491931
    ],
    [
      0.4733305296443464,
      0.19592491833566006
    ],
    [
      0.49701684646407485,
      0.19592491833566006
    ]
  ]
}