{
  "run_id": 17,
  "seed": 17517,
  "pop": 10,
  "ngen": 5,
  "steps": 150,
  "base_seed": 7000,
  "elapsed_s": 0.42200613021850586,
  "hof_fitness": [
    [
      -971.3262226068367,
      0.12351260693764007
    ]
  ],
  "hall_of_fame": [
    [
      0.00037436621461128805,
      0.8682266854629003
    ]
  ]
}