{
  "run_id": 3,
  "seed": 17503,
  "pop": 10,
  "ngen": 5,
  "steps": 150,
  "base_seed": 7000,
  "elapsed_s": 0.42248082160949707,
  "hof_fitness": [
    [
      -820.0989229267676,
      0.14472159804599483
    ],
    [
      -820.0763306075667,
      0.1447214630175456
    ],
    [
      -819.587661876921,
      0.1447185424042992
    ],
    [
      -817.6688161668791,
      0.14470707471131647
    ],
    [
      -803.5647799433913,
      0.13951469549374151
    ],
    [
      -803.5426336465093,
      0.13951451425146966
    ],
    [
      -803.0636124774943,
      0.13951059429195095
    ],
    [
      -802.551614771214,
      0.1391629122018127
    ],
    [
      -802.0731725978635,
      0.13915894658064412
    ],
    [
      -800.7320500137761,
      0.13914783361496036
    ],
    [
      -800.1944864429307,
      0.13914338046736627
    ],
    [
      -799.1836954899522,
      0.1379382689975857
    ],
    [
      -798.6852065608438,
      0.13793397569993934
    ],
    [
      -796.8143004312856,
      0.13791786911760925
    ],
    [
      -787.937389114966,
      0.13378785361026962
    ],
    [
      -787.8113414243325,
      0.1337419386653592
    ],
    [
      -787.4791438119152,
      0.13361347440899296
    ],
    [
      -787.4574324771962,
      0.13361327640989576
    ],
    [
      -786.9878196194352,
      0.13360899434890142
    ],
    [
      -785.1438057796639,
      0.13359219175169443
    ]
  ],
  "hall_of_fame": [
    [
      0.10711032391244868,
      0.9079002465766732
    ],
    [
      0.10711032391244868,
      0.9051778908486029
    ],
    [
      0.10711032391244868,
      0.8462927828514535
    ],
    [
      0.10711032391244868,
      0.6150526018449698
    ],
    [
      0.19207672940582987,
      0.9079002465766732
    ],
    [
      0.19207672940582987,
      0.9051778908486029
    ],
    [
      0.19207672940582987,
      0.8462927828514535
    ],
    [
      0.1995887063541001,
      0.9051778908486029
    ],
    [
      0.1995887063541001,
      0.8462927828514535
    ],
    [
      0.1995887063541001,
      0.6812220765393857
    ],
    [
      0.1995887063541001,
      0.6150526018449698
    ],
    [
      0.7712369847794612,
      0.9079002465766732
    ],
    [
      0.7712369847794612,
      0.8462927828514535
    ],
    [
      0.7712369847794612,
      0.6150526018449698
    ],
    [
      0.4306967863428379,
      0.9051778908486029
    ],
    [
      0.5624015709181892,
      0.9051778908486029
    ],
    [
      0.5363810274705547,
      0.9079002465766732
    ],
    [
      0.5363810274705547,
      0.9051778908486029
    ],
    [
      0.5363810274705547,
      0.8462927828514535
    ],
    [
      0.5363810274705547,
      0.6150526018449698
    ]
  ]
}