{
  "run_id": 11,
  "seed": 17511,
  "pop": 10,
  "ngen": 5,
  "steps": 150,
  "base_seed": 7000,
  "elapsed_s": 0.44210290908813477,
  "hof_fitness": [
    [
      -849.4115123664984,
      0.14981608825348486
    ],
    [
      -848.0817083113059,
      0.14981437382599078
    ],
    [
      -847.822136206111,
      0.14981403872807375
    ],
    [
      -847.6712524506613,
      0.14970442864804945
    ],
    [
      -820.7896013742553,
      0.14525376605509588
    ],
    [
      -820.7108727587016,
      0.14525331986206252
    ],
    [
      -819.4249235273298,
      0.14524603181925191
    ],
    [
      -819.1739121995292,
      0.14524460923865887
    ],
    [
      -816.3156183533528,
      0.1452284104361699
    ],
    [
      -810.7371369157776,
      0.14236320481815248
    ],
    [
      -810.6593518572273,
      0.14236265042500587
    ],
    [
      -810.2903027850278,
      0.1422214290564513
    ],
    [
      -810.2125597001443,
      0.14222087024462615
    ],
    [
      -808.6948399692122,
      0.14220996249012574
    ],
    [
      -805.8723336566732,
      0.14218968495984155
    ],
    [
      -798.0945490686578,
      0.1380407458005184
    ],
    [
      -797.2425530104952,
      0.13803343528595427
    ],
    [
      -796.5990749411666,
      0.13802791540745837
    ],
    [
      -793.8179445259381,
      0.13800407275585852
    ],
    [
      -792.5433330748275,
      0.13598578544913545
    ],
    [
      -789.8634743348675,
      0.1359617536943482
    ],
    [
      -787.7209420778447,
      0.134089344371759
    ],
    [
      -787.5017423957589,
      0.1340873456853902
    ],
    [
      -786.7133584641131,
      0.13379859241584408
    ],
    [
      -786.6378339687301,
      0.13379790387951676
    ],
    [
      -786.0294838302568,
      0.13354955065796628
    ],
    [
      -784.4808767717689,
      0.13353544812841125
    ],
    [
      -781.7519375032965,
      0.13351442385780551
    ],
    [
      -781.7412733524151,
      0.13351053190860604
    ]
  ],
  "hall_of_fame": [
    [
      0.9596544981253211,
      0.7346086800504629
    ],
    [
      0.9596544981253211,
      0.5800116517784164
    ],
    [
      0.9596544981253211,
      0.5498336040676048
    ],
    [
      0.9574281604448089,
      0.7346086800504629
    ],
    [
      0.1000707661793645,
      0.7440730502813929
    ],
    [
      0.1000707661793645,
      0.7346086800504629
    ],
    [
      0.1000707661793645,
      0.5800116517784164
    ],
    [
      0.1000707661793645,
      0.5498336040676048
    ],
    [
      0.1000707661793645,
      0.20616004621536177
    ],
    [
      0.14073591374495253,
      0.7440730502813929
    ],
    [
      0.14073591374495253,
      0.7346086800504629
    ],
    [
      0.1429622514254647,
      0.7440730502813929
    ],
    [
      0.1429622514254647,
      0.7346086800504629
    ],
    [
      0.1429622514254647,
      0.5498336040676048
    ],
    [
      0.1429622514254647,
      0.20616004621536177
    ],
    [
      0.22580559698030656,
      0.7346086800504629
    ],
    [
      0.22580559698030656,
      0.6293414991976424
    ],
    [
      0.22580559698030656,
      0.5498336040676048
    ],
    [
      0.22580559698030656,
      0.20616004621536177
    ],
    [
      0.2896668913711167,
      0.7346086800504629
    ],
    [
      0.2896668913711167,
      0.4012077279290974
    ],
    [
      0.3958182272546237,
      0.7715148377814517
    ],
    [
      0.3958182272546237,
      0.7440730502813929
    ],
    [
      0.5724299709710658,
      0.7440730502813929
    ],
    [
      0.5724299709710658,
      0.7346086800504629
    ],
    [
      0.4834329621500043,
      0.7440730502813929
    ],
    [
      0.4834329621500043,
      0.5498336040676048
    ],
    [
      0.48120662446949214,
      0.20616004621536177
    ],
    [
      0.4834329621500043,
      0.20616004621536177
    ]
  ]
}