{
  "run_id": 10,
  "seed": 17510,
  "pop": 10,
  "ngen": 5,
  "steps": 150,
  "base_seed": 7000,
  "elapsed_s": 0.4344210624694824,
  "hof_fitness": [
    [
      -861.4699364167843,
      0.1500466765262909
    ],
    [
      -825.8966305742867,
      0.14696355638086542
    ],
    [
      -822.8859485308758,
      0.14531053476487993
    ],
    [
      -822.761250588057,
      0.14530983142167403
    ],
    [
      -821.287888164937,
      0.14489488884303348
    ],
    [
      -818.476695588302,
      0.1448783555122916
    ],
    [
      -814.754777866476,
      0.14303406531323443
    ],
    [
      -811.9654668290993,
      0.1430150034102367
    ],
    [
      -811.4306845037673,
      0.14301134958169842
    ],
    [
      -811.3080323024371,
      0.1430105116145319
    ],
    [
      -807.6418034763085,
      0.14298547020427488
    ],
    [
      -803.9624078996707,
      0.13946828180276588
    ],
    [
      -802.2784300045342,
      0.13945447529485577
    ],
    [
      -800.6814468456957,
      0.13944138829855207
    ],
    [
      -799.162530348749,
      0.13871275864601784
    ],
    [
      -796.4974350752544,
      0.13869036747562852
    ],
    [
      -794.9056688159258,
      0.1386770032349843
    ],
    [
      -793.5461507016906,
      0.1368816045673046
    ],
    [
      -793.083385034282,
      0.13553056968305113
    ],
    [
      -792.8628277909474,
      0.13540500207929923
    ],
    [
      -790.1124288742077,
      0.13438700666047426
    ],
    [
      -787.4058400226669,
      0.13436233818122387
    ],
    [
      -786.8869192850403,
      0.13435761277565922
    ],
    [
      -786.7679050088684,
      0.1343565291942717
    ],
    [
      -783.2104310313189,
      0.13432417217885492
    ]
  ],
  "hall_of_fame": [
    [
      0.029699169513238477,
      0.9744813146452334
    ],
    [
      0.9213041694780543,
      0.47210398292982736
    ],
    [
      0.09948100899674106,
      0.9744813146452334
    ],
    [
      0.09948100899674106,
      0.959495681205512
    ],
    [
      0.8951287447279935,
      0.9744813146452334
    ],
    [
      0.8951287447279935,
      0.6359740817347135
    ],
    [
      0.8692631224320785,
      0.9744813146452334
    ],
    [
      0.8692631224320785,
      0.6359740817347135
    ],
    [
      0.8692631224320785,
      0.5710668152822842
    ],
    [
      0.8692631224320785,
      0.556180042306004
    ],
    [
      0.8692631224320785,
      0.11114288740396938
    ],
    [
      0.19314281721754034,
      0.9744813146452334
    ],
    [
      0.19314281721754034,
      0.7674364443410141
    ],
    [
      0.19314281721754034,
      0.5710668152822842
    ],
    [
      0.7907017223663205,
      0.6359740817347135
    ],
    [
      0.7907017223663205,
      0.30740965354641525
    ],
    [
      0.7907017223663205,
      0.11114288740396938
    ],
    [
      0.7418150222452115,
      0.556180042306004
    ],
    [
      0.3090793834218104,
      0.959495681205512
    ],
    [
      0.3147791510434721,
      0.9744813146452334
    ],
    [
      0.6272580746620187,
      0.9744813146452334
    ],
    [
      0.6272580746620187,
      0.6359740817347135
    ],
    [
      0.6272580746620187,
      0.5710668152822842
    ],
    [
      0.6272580746620187,
      0.556180042306004
    ],
    [
      0.6272580746620187,
      0.11114288740396938
    ]
  ]
}