{
  "run_id": 0,
  "seed": 17500,
  "pop": 10,
  "ngen": 5,
  "steps": 150,
  "base_seed": 7000,
  "elapsed_s": 1.4134480953216553,
  "hof_fitness": [
    [
      -858.9237645652145,
      0.1500541672820835
    ],
    [
      -858.5780688110001,
      0.15005408964364245
    ],
    [
      -857.8505064138884,
      0.15005345199481124
    ],
    [
      -853.9411163534638,
      0.15005301836353885
    ],
    [
      -851.6461512041458,
      0.15005246765098232
    ],
    [
      -851.5675223911452,
      0.1500519076768813
    ],
    [
      -850.991305268936,
      0.15005176096878617
    ],
    [
      -844.6141430780532,
      0.14925807107411643
    ],
    [
      -829.4198507103396,
      0.14683771970192144
    ],
    [
      -828.4590601151582,
      0.14683326414187947
    ],
    [
      -825.6752342393045,
      0.14682035144866995
    ],
    [
      -824.967672671484,
      0.14582773461830728
    ],
    [
      -823.7225261648352,
      0.14582110652081576
    ],
    [
      -819.3840689640881,
      0.14437918908791042
    ],
    [
      -819.0538973903612,
      0.14437715349521235
    ],
    [
      -814.6252155762659,
      0.1443498537880961
    ],
    [
      -812.433356342864,
      0.14433634548038915
    ],
    [
      -811.8829803644828,
      0.1443329538550513
    ],
    [
      -809.5713423575864,
      0.14138912920147398
    ],
    [
      -805.8157347302565,
      0.1413608435344162
    ],
    [
      -802.7021295971701,
      0.14133741012907894
    ],
    [
      -802.1582085929701,
      0.1413333180884738
    ],
    [
      -799.74501840138,
      0.13795149467091594
    ],
    [
      -796.8365110178747,
      0.13688120772165147
    ],
    [
      -792.237269103696,
      0.135288801904958
    ],
    [
      -791.3596327155507,
      0.1352808506811085
    ],
    [
      -788.9162898426509,
      0.1339485853246982
    ],
    [
      -788.5981541033734,
      0.13394568174594546
    ],
    [
      -788.5809877101608,
      0.13390334837125356
    ],
    [
      -787.8831686804137,
      0.13389698108533632
    ],
    [
      -782.2190052329365,
      0.13388757213089766
    ]
  ],
  "hall_of_fame": [
    [
      0.9678965934609308,
      0.974363891074215
    ],
    [
      0.9678965934609308,
      0.9345193264078987
    ],
    [
      0.03218138985626773,
      0.8597866735427614
    ],
    [
      0.9678965934609308,
      0.39999439597101294
    ],
    [
      0.9678965934609308,
      0.13539117983479798
    ],
    [
      0.03218138985626773,
      0.13539117983479798
    ],
    [
      0.03218138985626773,
      0.06894367026654058
    ],
    [
      0.049866048485056824,
      0.974363891074215
    ],
    [
      0.9195400200435657,
      0.974363891074215
    ],
    [
      0.9195400200435657,
      0.8597866735427614
    ],
    [
      0.9195400200435657,
      0.5277693445209781
    ],
    [
      0.09292144624864485,
      0.974363891074215
    ],
    [
      0.09292144624864485,
      0.8250920180563502
    ],
    [
      0.8882680764524881,
      0.974363891074215
    ],
    [
      0.8882680764524881,
      0.9345193264078987
    ],
    [
      0.8882680764524881,
      0.39999439597101294
    ],
    [
      0.8882680764524881,
      0.13539117983479798
    ],
    [
      0.8882680764524881,
      0.06894367026654058
    ],
    [
      0.8431495877420079,
      0.974363891074215
    ],
    [
      0.8431495877420079,
      0.5157172840235198
    ],
    [
      0.8431495877420079,
      0.13539117983479798
    ],
    [
      0.8431495877420079,
      0.06894367026654058
    ],
    [
      0.22853920336460065,
      0.974363891074215
    ],
    [
      0.7408668651640219,
      0.974363891074215
    ],
    [
      0.3200841593158338,
      0.9345193264078987
    ],
    [
      0.3200841593158338,
      0.8250920180563502
    ],
    [
      0.5886201827742321,
      0.974363891074215
    ],
    [
      0.5886201827742321,
      0.9345193264078987
    ],
    [
      0.5837304855736061,
      0.9471995219767291
    ],
    [
      0.5837304855736061,
      0.8597866735427614
    ],
    [
      0.5886201827742321,
      0.13539117983479798
    ]
  ]
}