{
  "run_id": 18,
  "seed": 17518,
  "pop": 10,
  "ngen": 5,
  "steps": 150,
  "base_seed": 7000,
  "elapsed_s": 0.4222598075866699,
  "hof_fitness": [
    [
      -982.3499343388924,
      0.1231827976461927
    ],
    [
      -981.2940683934772,
      0.12318279764618938
    ],
    [
      -981.2598501366544,
      0.12318279764615798
    ],
    [
      -980.9932029912919,
      0.12318279764615267
    ]
  ],
  "hall_of_fame": [
    [
      1.0,
      0.7646168173732196
    ],
    [
      1.0,
      0.6563112903087942
    ],
    [
      1.0,
      0.6528013500962937
    ],
    [
      1.0,
      0.6254499995349947
    ]
  ]
}