{
  "run_id": 9,
  "seed": 17509,
  "pop": 10,
  "ngen": 5,
  "steps": 150,
  "base_seed": 7000,
  "elapsed_s": 0.4213073253631592,
  "hof_fitness": [
    [
      -839.7243002386934,
      0.1486691964500211
    ],
    [
      -838.2249590045474,
      0.14866465309437518
    ],
    [
      -836.1393059745124,
      0.1486583277890577
    ],
    [
      -833.9706938255565,
      0.1486517443911841
    ],
    [
      -832.136213165503,
      0.1486461701899254
    ],
    [
      -832.071545750124,
      0.14739431261492802
    ],
    [
      -830.5855401074612,
      0.14738805399490015
    ],
    [
      -828.5184399838006,
      0.14737934498629063
    ],
    [
      -826.3691217592698,
      0.1473702859154309
    ],
    [
      -820.3112654784996,
      0.14504093595336787
    ],
    [
      -818.2691583286593,
      0.14502910698891658
    ],
    [
      -817.407607675115,
      0.14502411661314454
    ],
    [
      -816.1458310136013,
      0.1450168081987618
    ],
    [
      -815.284392756186,
      0.14501181874609204
    ],
    [
      -814.4230000369623,
      0.1450068296698379
    ],
    [
      -810.9411879197831,
      0.14186735984880622
    ],
    [
      -810.0905738196532,
      0.14186111391804593
    ],
    [
      -809.492096139885,
      0.14185671998967903
    ],
    [
      -807.4763510187402,
      0.14184192437464715
    ],
    [
      -805.3804380244821,
      0.14182654633026617
    ],
    [
      -796.3889594526954,
      0.13871604453925548
    ],
    [
      -796.1323822028861,
      0.1366542485023829
    ],
    [
      -794.7092296398137,
      0.1366416156480881
    ],
    [
      -790.6711843972855,
      0.1366058121722628
    ],
    [
      -787.9701162000873,
      0.13363697732999455
    ],
    [
      -786.5612854516534,
      0.13362413049878946
    ],
    [
      -784.2218603224586,
      0.13360282162986867
    ],
    [
      -783.9378957465127,
      0.13360023713863575
    ]
  ],
  "hall_of_fame": [
    [
      0.057889474141943675,
      0.9627186055048383
    ],
    [
      0.057889474141943675,
      0.7860759773428034
    ],
    [
      0.057889474141943675,
      0.5403320049413469
    ],
    [
      0.057889474141943675,
      0.2847813831029309
    ],
    [
      0.057889474141943675,
      0.06857966139741012
    ],
    [
      0.0736909170827883,
      0.9627186055048383
    ],
    [
      0.0736909170827883,
      0.7860759773428034
    ],
    [
      0.0736909170827883,
      0.5403320049413469
    ],
    [
      0.0736909170827883,
      0.2847813831029309
    ],
    [
      0.8971539273083083,
      0.7860759773428034
    ],
    [
      0.8971539273083083,
      0.5403320049413469
    ],
    [
      0.8971539273083083,
      0.43664508622111164
    ],
    [
      0.8971539273083083,
      0.2847813831029309
    ],
    [
      0.8971539273083083,
      0.18109446438269558
    ],
    [
      0.8971539273083083,
      0.07740754566246028
    ],
    [
      0.14885739282448573,
      0.9627186055048383
    ],
    [
      0.14885739282448573,
      0.8590316867846031
    ],
    [
      0.14885739282448573,
      0.7860759773428034
    ],
    [
      0.14885739282448573,
      0.5403320049413469
    ],
    [
      0.14885739282448573,
      0.2847813831029309
    ],
    [
      0.7913299572852652,
      0.2847813831029309
    ],
    [
      0.7335682577309703,
      0.9627186055048383
    ],
    [
      0.7335682577309703,
      0.7860759773428034
    ],
    [
      0.7335682577309703,
      0.2847813831029309
    ],
    [
      0.5414206878934907,
      0.9627186055048383
    ],
    [
      0.5414206878934907,
      0.7860759773428034
    ],
    [
      0.5414206878934907,
      0.4927163784494496
    ],
    [
      0.5414206878934907,
      0.457104622630779
    ]
  ]
}