{
  "run_id": 19,
  "seed": 17519,
  "pop": 10,
  "ngen": 5,
  "steps": 150,
  "base_seed": 7000,
  "elapsed_s": 0.4214160442352295,
  "hof_fitness": [
    [
      -801.0420241949665,
      0.13891032151533506
    ],
    [
      -800.3113440635868,
      0.13890421557623897
    ],
    [
      -798.2893223520729,
      0.13808325232552948
    ],
    [
      -796.8232727883158,
      0.13754531700650466
    ],
    [
      -796.5755354854624,
      0.13754316281265758
    ],
    [
      -792.1868312031738,
      0.13750503413253054
    ],
    [
      -791.1667070291485,
      0.13749618038458913
    ],
    [
      -788.4539755445177,
      0.13452514284359393
    ],
    [
      -787.6142852815004,
      0.1345174993093359
    ],
    [
      -786.6739710346156,
      0.1337828942154517
    ],
    [
      -786.4726935865757,
      0.13354166528726052
    ],
    [
      -786.4690587661848,
      0.13354034669360862
    ],
    [
      -785.9994888611411,
      0.13353735357700297
    ],
    [
      -785.9958561885874,
      0.13353603502549613
    ],
    [
      -785.7550544409575,
      0.13353512684041954
    ],
    [
      -785.7514228778956,
      0.13353380831075157
    ],
    [
      -783.3367235622346,
      0.13351182876340797
    ],
    [
      -781.4248693909342,
      0.13349573435503598
    ],
    [
      -780.9712572512697,
      0.13349032841704578
    ],
    [
      -780.418349818897,
      0.13348659261389817
    ]
  ],
  "hall_of_fame": [
    [
      0.20504481420326814,
      0.8038883867132884
    ],
    [
      0.20504481420326814,
      0.7138775774041438
    ],
    [
      0.7752608050053029,
      0.7445365633511579
    ],
    [
      0.7609773757418895,
      0.7445365633511579
    ],
    [
      0.7609773757418895,
      0.7138775774041438
    ],
    [
      0.7609773757418895,
      0.17066691478463336
    ],
    [
      0.7609773757418895,
      0.044379116546634845
    ],
    [
      0.6382018777733698,
      0.7138775774041438
    ],
    [
      0.6382018777733698,
      0.6089069019441029
    ],
    [
      0.42974446774662634,
      0.7445365633511579
    ],
    [
      0.5051893210098959,
      0.8038883867132884
    ],
    [
      0.5004729145891563,
      0.8038883867132884
    ],
    [
      0.5051893210098959,
      0.7445365633511579
    ],
    [
      0.5004729145891563,
      0.7445365633511579
    ],
    [
      0.5051893210098959,
      0.7138775774041438
    ],
    [
      0.5004729145891563,
      0.7138775774041438
    ],
    [
      0.5004729145891563,
      0.4109777146017738
    ],
    [
      0.5051893210098959,
      0.17066691478463336
    ],
    [
      0.5004729145891563,
      0.11420627110494075
    ],
    [
      0.5051893210098959,
      0.044379116546634845
    ]
  ]
}