{
  "run_id": 7,
  "seed": 17507,
  "pop": 10,
  "ngen": 5,
  "steps": 150,
  "base_seed": 7000,
  "elapsed_s": 0.41971397399902344,
  "hof_fitness": [
    [
      -940.9652540459635,
      0.13147424202263247
    ]
  ],
  "hall_of_fame": [
    [
      0.002080400359068979,
      0.8206446275478789
    ]
  ]
}