{
  "run_id": 13,
  "seed": 17513,
  "pop": 10,
  "ngen": 5,
  "steps": 150,
  "base_seed": 7000,
  "elapsed_s": 0.48224687576293945,
  "hof_fitness": [
    [
      -848.1513905000086,
      0.14962533712861156
    ],
    [
      -847.0837249322764,
      0.14962351839528218
    ],
    [
      -846.0522035573692,
      0.14962175905673214
    ],
    [
      -844.0570923972649,
      0.14961835018924677
    ],
    [
      -842.7284291805132,
      0.14961607560597462
    ],
    [
      -840.6134259930656,
      0.14961244760121675
    ],
    [
      -819.7633892580992,
      0.14639810324885189
    ],
    [
      -818.4602874805175,
      0.14528754886758297
    ],
    [
      -817.1709639689285,
      0.14528027840508048
    ],
    [
      -815.8195973257771,
      0.14378109798532424
    ],
    [
      -812.9020758549041,
      0.14376222646037518
    ],
    [
      -812.8344425847089,
      0.14376178904951536
    ],
    [
      -809.5825834176923,
      0.14374076145621023
    ],
    [
      -805.8883444107163,
      0.1415811312933071
    ],
    [
      -804.9079010050068,
      0.14029845999981014
    ],
    [
      -801.9618483892568,
      0.14027512031110143
    ],
    [
      -801.4144786780296,
      0.1396346824676024
    ],
    [
      -800.1694968301407,
      0.1396245571789441
    ],
    [
      -800.102901185462,
      0.13962401566538143
    ],
    [
      -796.9009372022856,
      0.1395979914149606
    ],
    [
      -788.0758456079167,
      0.13415356613553509
    ],
    [
      -787.1146628309162,
      0.13414480359793926
    ],
    [
      -785.2556099719632,
      0.13412786908675592
    ],
    [
      -785.0048529261089,
      0.13412558623688997
    ],
    [
      -783.7886961122799,
      0.1341145191012257
    ],
    [
      -782.0468285038131,
      0.13409868109181342
    ]
  ],
  "hall_of_fame": [
    [
      0.044047233696675625,
      0.9191442827100291
    ],
    [
      0.044047233696675625,
      0.7946290333090994
    ],
    [
      0.044047233696675625,
      0.674321808153342
    ],
    [
      0.044047233696675625,
      0.44161008036557303
    ],
    [
      0.044047233696675625,
      0.2866187411361716
    ],
    [
      0.044047233696675625,
      0.039874900457852025
    ],
    [
      0.08536684263713756,
      0.039874900457852025
    ],
    [
      0.09945514693484503,
      0.44161008036557303
    ],
    [
      0.09945514693484503,
      0.2866187411361716
    ],
    [
      0.11983075366236784,
      0.7946290333090994
    ],
    [
      0.11983075366236784,
      0.44161008036557303
    ],
    [
      0.11983075366236784,
      0.4334257209390845
    ],
    [
      0.11983075366236784,
      0.039874900457852025
    ],
    [
      0.15305956214230731,
      0.44161008036557303
    ],
    [
      0.8237031982650762,
      0.7946290333090994
    ],
    [
      0.8237031982650762,
      0.4334257209390845
    ],
    [
      0.8108391323288568,
      0.594607321370316
    ],
    [
      0.8108391323288568,
      0.44161008036557303
    ],
    [
      0.8108391323288568,
      0.4334257209390845
    ],
    [
      0.8108391323288568,
      0.039874900457852025
    ],
    [
      0.6097599980488205,
      0.7946290333090994
    ],
    [
      0.6097599980488205,
      0.674321808153342
    ],
    [
      0.6097599980488205,
      0.44161008036557303
    ],
    [
      0.6097599980488205,
      0.41021871732813764
    ],
    [
      0.6097599980488205,
      0.2579650404670828
    ],
    [
      0.6097599980488205,
      0.039874900457852025
    ]
  ]
}