{
  "run_id": 14,
  "seed": 17514,
  "pop": 10,
  "ngen": 5,
  "steps": 150,
  "base_seed": 7000,
  "elapsed_s": 0.46248507499694824,
  "hof_fitness": [
    [
      -895.9039603420273,
      0.1455627242908858
    ],
    [
      -809.4162201834566,
      0.14304698632594634
    ],
    [
      -803.5562345321425,
      0.13944640258729762
    ],
    [
      -802.99601118219,
      0.13944180593591696
    ],
    [
      -802.7675311423359,
      0.13943993146564182
    ],
    [
      -799.4968354710188,
      0.1382650734716886
    ],
    [
      -796.4321379950685,
      0.13823894364992997
    ],
    [
      -795.2232488103987,
      0.1382286441379085
    ],
    [
      -794.5716255210342,
      0.13822309420266096
    ],
    [
      -793.2137391168052,
      0.13566161678851266
    ],
    [
      -792.4349916159742,
      0.13565459197856664
    ],
    [
      -789.3968499588744,
      0.1356272105046916
    ],
    [
      -788.1984372610829,
      0.13561642046692726
    ],
    [
      -788.1577611683535,
      0.1336088339571113
    ],
    [
      -787.6339260915671,
      0.13360405564607278
    ],
    [
      -786.8605564692211,
      0.1335970038747078
    ],
    [
      -783.8433980261235,
      0.13356952392314672
    ],
    [
      -782.6532633283188,
      0.13355869797409026
    ],
    [
      -782.0117497702221,
      0.13355286571250077
    ]
  ],
  "hall_of_fame": [
    [
      0.9900985085325641,
      0.834170296627908
    ],
    [
      0.12999134354126318,
      0.30650857604323245
    ],
    [
      0.8064573636482871,
      0.9311470359817681
    ],
    [
      0.8064573636482871,
      0.8622640638390459
    ],
    [
      0.8064573636482871,
      0.834170296627908
    ],
    [
      0.22033475766970523,
      0.834170296627908
    ],
    [
      0.22033475766970523,
      0.4557855112422883
    ],
    [
      0.22033475766970523,
      0.30650857604323245
    ],
    [
      0.22033475766970523,
      0.22603950812543616
    ],
    [
      0.6966717687468587,
      0.9311470359817681
    ],
    [
      0.6966717687468587,
      0.834170296627908
    ],
    [
      0.6966717687468587,
      0.4557855112422883
    ],
    [
      0.6966717687468587,
      0.30650857604323245
    ],
    [
      0.46683368508921386,
      0.9968305186093815
    ],
    [
      0.46683368508921386,
      0.9311470359817681
    ],
    [
      0.46683368508921386,
      0.834170296627908
    ],
    [
      0.46683368508921386,
      0.4557855112422883
    ],
    [
      0.46683368508921386,
      0.30650857604323245
    ],
    [
      0.46683368508921386,
      0.22603950812543616
    ]
  ]
}