{
  "run_id": 6,
  "seed": 17506,
  "pop": 10,
  "ngen": 5,
  "steps": 150,
  "base_seed": 7000,
  "elapsed_s": 0.42162394523620605,
  "hof_fitness": [
    [
      -870.014626077934,
      0.1495815868339239
    ],
    [
      -820.777190573743,
      0.1451593095402108
    ],
    [
      -816.8573061310751,
      0.1451368723670269
    ],
    [
      -815.6056289162177,
      0.1451297081730921
    ],
    [
      -812.3424957149565,
      0.14230844227963318
    ],
    [
      -810.8802099821589,
      0.14229797561475335
    ],
    [
      -808.9142125790131,
      0.14228390760654622
    ],
    [
      -807.006585976922,
      0.14227026177879412
    ],
    [
      -806.520823754341,
      0.14038487101766883
    ],
    [
      -806.1827791251667,
      0.14026854021725502
    ],
    [
      -804.7313537428143,
      0.14025701494548853
    ],
    [
      -801.7340509846772,
      0.13869860863509412
    ],
    [
      -800.2904751952435,
      0.13868645297285107
    ],
    [
      -795.7621627462755,
      0.13864835916468377
    ],
    [
      -795.245351116143,
      0.1386440151214406
    ],
    [
      -788.728897984588,
      0.1339053717628077
    ],
    [
      -787.3082991173983,
      0.13389241104134073
    ],
    [
      -787.100961819063,
      0.13381664088666625
    ],
    [
      -786.5722006835848,
      0.13362397296129097
    ],
    [
      -782.1200688889111,
      0.13358344564387378
    ]
  ],
  "hall_of_fame": [
    [
      0.02175499903451894,
      0.7875355434727895
    ],
    [
      0.10131386967866551,
      0.7875355434727895
    ],
    [
      0.10131386967866551,
      0.31605101532284796
    ],
    [
      0.10131386967866551,
      0.16547511069066134
    ],
    [
      0.1417970239204115,
      0.9654901181108362
    ],
    [
      0.1417970239204115,
      0.7875355434727895
    ],
    [
      0.1417970239204115,
      0.5482553095052894
    ],
    [
      0.1417970239204115,
      0.31605101532284796
    ],
    [
      0.17486617239105998,
      0.9654901181108362
    ],
    [
      0.17707949092525577,
      0.9654901181108362
    ],
    [
      0.17707949092525577,
      0.7875355434727895
    ],
    [
      0.21014863939590425,
      0.9654901181108362
    ],
    [
      0.21014863939590425,
      0.7875355434727895
    ],
    [
      0.21014863939590425,
      0.22920695855066076
    ],
    [
      0.21014863939590425,
      0.16547511069066134
    ],
    [
      0.41618902444437444,
      0.9654901181108362
    ],
    [
      0.41618902444437444,
      0.7875355434727895
    ],
    [
      0.42557409418987824,
      0.7875355434727895
    ],
    [
      0.4586432426605267,
      0.7875355434727895
    ],
    [
      0.4586432426605267,
      0.22920695855066076
    ]
  ]
}