{
  "run_id": 8,
  "seed": 17508,
  "pop": 10,
  "ngen": 5,
  "steps": 150,
  "base_seed": 7000,
  "elapsed_s": 0.42105913162231445,
  "hof_fitness": [
    [
      -860.2570488353333,
      0.14996953992733908
    ],
    [
      -847.5291582400972,
      0.14959193905581322
    ],
    [
      -843.6343757373622,
      0.1491266038018309
    ],
    [
      -840.9065712282758,
      0.14911982955952754
    ],
    [
      -838.8872983854328,
      0.14911480689837772
    ],
    [
      -836.5005205694843,
      0.14910886139497465
    ],
    [
      -836.2993761241572,
      0.1491083599102353
    ],
    [
      -835.5490478316902,
      0.14910648863458006
    ],
    [
      -833.287489386196,
      0.14772594209787865
    ],
    [
      -831.4729670987624,
      0.1477188004955046
    ],
    [
      -829.4757952556845,
      0.14771093636852317
    ],
    [
      -827.1151451482131,
      0.14770163609259213
    ],
    [
      -823.4305213275596,
      0.14590998630410665
    ],
    [
      -820.7538620414241,
      0.14469670322070158
    ],
    [
      -805.7442000949148,
      0.14031042390799747
    ],
    [
      -804.0405727118093,
      0.13971774690117245
    ],
    [
      -802.8105749727289,
      0.13970776094205647
    ],
    [
      -802.7802309976781,
      0.13970751463261544
    ],
    [
      -802.4266184202828,
      0.13914655344368684
    ],
    [
      -799.4871142004788,
      0.1380857007828433
    ],
    [
      -798.2639447019951,
      0.13807521132517558
    ],
    [
      -796.7316220171582,
      0.1367676641422069
    ],
    [
      -794.3041307520255,
      0.13586638597287573
    ],
    [
      -793.4620459476521,
      0.13585880863412095
    ],
    [
      -792.2479185282973,
      0.13584788869022282
    ],
    [
      -791.2283776673838,
      0.1350283824939847
    ],
    [
      -790.0624764767676,
      0.1345966592228621
    ],
    [
      -788.8534546625359,
      0.1345856494421356
    ],
    [
      -788.0969851604747,
      0.1335778754419143
    ],
    [
      -787.261360282362,
      0.13357025448032273
    ],
    [
      -786.0565474327351,
      0.13355927323618613
    ],
    [
      -785.5450390009379,
      0.13355461350854814
    ],
    [
      -781.4231056549087,
      0.13351711594589824
    ],
    [
      -781.2349335901051,
      0.13351540635087247
    ]
  ],
  "hall_of_fame": [
    [
      0.973254893203465,
      0.443010471292977
    ],
    [
      0.9553817307353921,
      0.895209158949168
    ],
    [
      0.9482437155267818,
      1.0
    ],
    [
      0.9482437155267818,
      0.6799569226841959
    ],
    [
      0.9482437155267818,
      0.443010471292977
    ],
    [
      0.9482437155267818,
      0.1629042284197154
    ],
    [
      0.9482437155267818,
      0.13929664949573572
    ],
    [
      0.9482437155267818,
      0.05123096643436986
    ],
    [
      0.9303705530587089,
      0.895209158949168
    ],
    [
      0.9303705530587089,
      0.6799569226841959
    ],
    [
      0.9303705530587089,
      0.443010471292977
    ],
    [
      0.9303705530587089,
      0.1629042284197154
    ],
    [
      0.09176496297891834,
      0.744110280968943
    ],
    [
      0.8924993724109628,
      1.0
    ],
    [
      0.823807241964088,
      0.895209158949168
    ],
    [
      0.18786841055338477,
      0.895209158949168
    ],
    [
      0.18786841055338477,
      0.744110280968943
    ],
    [
      0.18786841055338477,
      0.7403825290670738
    ],
    [
      0.8000682166265803,
      0.895209158949168
    ],
    [
      0.7750570389498971,
      0.895209158949168
    ],
    [
      0.7750570389498971,
      0.744110280968943
    ],
    [
      0.737185858302151,
      1.0
    ],
    [
      0.2951072563085142,
      1.0
    ],
    [
      0.2951072563085142,
      0.895209158949168
    ],
    [
      0.2951072563085142,
      0.744110280968943
    ],
    [
      0.3329784369562603,
      0.895209158949168
    ],
    [
      0.3579896146329436,
      0.895209158949168
    ],
    [
      0.3579896146329436,
      0.744110280968943
    ],
    [
      0.4782984565594395,
      1.0
    ],
    [
      0.4782984565594395,
      0.895209158949168
    ],
    [
      0.4782984565594395,
      0.744110280968943
    ],
    [
      0.4782984565594395,
      0.6799569226841959
    ],
    [
      0.4782984565594395,
      0.1629042284197154
    ],
    [
      0.4782984565594395,
      0.13929664949573572
    ]
  ]
}