{
  "run_id": 7,
  "seed": 6007,
  "steps": 300,
  "n_eval": 10,
  "elapsed_s": 22.297182321548462,
  "hof_fitness": [
    [
      -797.9252311422589,
      0.12284563984721772
    ],
    [
      -797.3159633903055,
      0.12284037461229294
    ],
    [
      -796.9007516235249,
      0.12283678712129217
    ],
    [
      -796.1483563320916,
      0.12142877729437103
    ],
    [
      -795.5404320885501,
      0.12142334403286068
    ],
    [
      -793.3810165442097,
      0.12140405534748808
    ],
    [
      -792.3146653815529,
      0.12139453656289567
    ],
    [
      -791.962682345107,
      0.11844250762286854
    ],
    [
      -791.8520540230786,
      0.11844145501130754
    ],
    [
      -790.9010036079153,
      0.11843240797744078
    ],
    [
      -789.954113816396,
      0.11842340419607875
    ],
    [
      -789.8128852795564,
      0.11842206159677618
    ],
    [
      -788.7512840979907,
      0.11841197201571
    ],
    [
      -787.6897211543476,
      0.11840188739728744
    ],
    [
      -786.6685373932722,
      0.1132111553816155
    ],
    [
      -786.0677840165889,
      0.11320492715576405
    ],
    [
      -785.6146663460805,
      0.11320023070738243
    ],
    [
      -785.0139348133092,
      0.11319400584965036
    ],
    [
      -784.6558208645089,
      0.11134941591164968
    ],
    [
      -784.3491542619374,
      0.11106321360171081
    ],
    [
      -783.750156386095,
      0.11105684070131941
    ],
    [
      -783.6406647937926,
      0.11105567599868602
    ],
    [
      -781.7622269101621,
      0.11103570436525032
    ],
    [
      -781.6224496138367,
      0.11103421900241947
    ],
    [
      -780.5717574602138,
      0.11102305702344925
    ],
    [
      -780.2566821164477,
      0.10720210270287997
    ],
    [
      -779.5518579730234,
      0.10719436816247138
    ],
    [
      -779.2113269038027,
      0.10719063236934454
    ],
    [
      -777.6831384237167,
      0.10717387619572358
    ],
    [
      -777.5440843034746,
      0.10717235221927932
    ],
    [
      -777.2586642127898,
      0.10436404730432505
    ],
    [
      -776.6650366682086,
      0.10435748787853469
    ],
    [
      -776.5565267353269,
      0.10435628913444353
    ],
    [
      -776.2604837519813,
      0.10435301906368499
    ],
    [
      -775.9606663328196,
      0.1043497079140793
    ],
    [
      -774.5564066290921,
      0.10433420763941156
    ],
    [
      -774.4256846559972,
      0.10172908444410575
    ],
    [
      -773.7260874279874,
      0.10172143599587982
    ],
    [
      -772.538835130092,
      0.10002978282857153
    ],
    [
      -772.025548664954,
      0.09957867562886201
    ],
    [
      -771.4358894511785,
      0.09957239870266597
    ],
    [
      -771.3281049009556,
      0.09957125164982972
    ],
    [
      -770.401502200872,
      0.09956139466803701
    ],
    [
      -769.4789538038156,
      0.09955158794322262
    ],
    [
      -769.3413558380545,
      0.09955012588079216
    ],
    [
      -768.3070457549649,
      0.09953914076374938
    ],
    [
      -764.9510087291402,
      0.09950355866270132
    ]
  ],
  "hall_of_fame": [
    [
      0.058519536731401645,
      0.9326526540582871
    ],
    [
      0.058519536731401645,
      0.8564166072620123
    ],
    [
      0.058519536731401645,
      0.8044613733752806
    ],
    [
      0.9346354234608786,
      0.9326526540582871
    ],
    [
      0.9346354234608786,
      0.8564166072620123
    ],
    [
      0.9346354234608786,
      0.5856049242685595
    ],
    [
      0.9346354234608786,
      0.4518668650233686
    ],
    [
      0.918044907241509,
      0.8564166072620123
    ],
    [
      0.918044907241509,
      0.8424811508807712
    ],
    [
      0.918044907241509,
      0.7226785480168214
    ],
    [
      0.918044907241509,
      0.6033962050798773
    ],
    [
      0.918044907241509,
      0.5856049242685595
    ],
    [
      0.918044907241509,
      0.4518668650233686
    ],
    [
      0.918044907241509,
      0.3181288057781777
    ],
    [
      0.8793755482525825,
      0.9326526540582871
    ],
    [
      0.8793755482525825,
      0.8564166072620123
    ],
    [
      0.8793755482525825,
      0.7989145948130962
    ],
    [
      0.8793755482525825,
      0.7226785480168214
    ],
    [
      0.13844092443484401,
      0.9326526540582871
    ],
    [
      0.14142850669402274,
      0.9326526540582871
    ],
    [
      0.14142850669402274,
      0.8564166072620123
    ],
    [
      0.14142850669402274,
      0.8424811508807712
    ],
    [
      0.14142850669402274,
      0.6033962050798773
    ],
    [
      0.14142850669402274,
      0.5856049242685595
    ],
    [
      0.14142850669402274,
      0.4518668650233686
    ],
    [
      0.19043179906439178,
      0.9326526540582871
    ],
    [
      0.19043179906439178,
      0.8424811508807712
    ],
    [
      0.19043179906439178,
      0.7989145948130962
    ],
    [
      0.19043179906439178,
      0.6033962050798773
    ],
    [
      0.19043179906439178,
      0.5856049242685595
    ],
    [
      0.7575429896746334,
      0.9326526540582871
    ],
    [
      0.7575429896746334,
      0.8564166072620123
    ],
    [
      0.7575429896746334,
      0.8424811508807712
    ],
    [
      0.7575429896746334,
      0.8044613733752806
    ],
    [
      0.7575429896746334,
      0.765956453723072
    ],
    [
      0.7575429896746334,
      0.5856049242685595
    ],
    [
      0.3177052376893065,
      0.9326526540582871
    ],
    [
      0.3177052376893065,
      0.8424811508807712
    ],
    [
      0.4110653150411041,
      0.9326526540582871
    ],
    [
      0.47724323940590585,
      0.9326526540582871
    ],
    [
      0.47724323940590585,
      0.8564166072620123
    ],
    [
      0.47724323940590585,
      0.8424811508807712
    ],
    [
      0.47724323940590585,
      0.7226785480168214
    ],
    [
      0.47724323940590585,
      0.6033962050798773
    ],
    [
      0.47724323940590585,
      0.5856049242685595
    ],
    [
      0.47724323940590585,
      0.4518668650233686
    ],
    [
      0.47724323940590585,
      0.017891694451106055
    ]
  ]
}