{
  "run_id": 8,
  "seed": 6008,
  "steps": 300,
  "n_eval": 10,
  "elapsed_s": 18.259784936904907,
  "hof_fitness": [
    [
      -857.505330840316,
      0.14647697420657876
    ],
    [
      -856.920195571666,
      0.1464766625395571
    ],
    [
      -855.9032432011261,
      0.14647612032334267
    ],
    [
      -855.5155453403938,
      0.14647591342935498
    ],
    [
      -854.2151641040225,
      0.14647521875102812
    ],
    [
      -853.5482530294594,
      0.14647486204204352
    ],
    [
      -853.3532443693191,
      0.14647475768229046
    ],
    [
      -797.9877321475168,
      0.12342665386507148
    ],
    [
      -797.4428114673357,
      0.12342201456897692
    ],
    [
      -796.1347013664735,
      0.12341088175570587
    ],
    [
      -794.3026254825528,
      0.1233952992901001
    ],
    [
      -794.0015561891303,
      0.12022647816511693
    ],
    [
      -793.4593310802771,
      0.12022150356877814
    ],
    [
      -793.2573120924507,
      0.12021965045037755
    ],
    [
      -790.9526789693789,
      0.12019852108781517
    ],
    [
      -790.6780313899843,
      0.11740154269839789
    ],
    [
      -790.1380543288252,
      0.11739630451436137
    ],
    [
      -787.8795424959848,
      0.1173744086859303
    ],
    [
      -787.0263582838135,
      0.11736614287092437
    ],
    [
      -785.3103807653857,
      0.11154147717211924
    ],
    [
      -785.1108264213045,
      0.11153936441695553
    ],
    [
      -784.1789659513596,
      0.11152950124835
    ],
    [
      -783.6433868939388,
      0.1115238345459553
    ],
    [
      -783.5555361531041,
      0.1109473130495954
    ],
    [
      -783.0203791496649,
      0.11094161463828398
    ],
    [
      -782.137327877779,
      0.11093221517905053
    ],
    [
      -781.7774264614294,
      0.1109283854845727
    ],
    [
      -781.7357079039501,
      0.11092794160435523
    ],
    [
      -781.5887668292318,
      0.10909650692593884
    ],
    [
      -781.0549415369986,
      0.10909072374141296
    ],
    [
      -780.1339988317352,
      0.10908075058220135
    ],
    [
      -779.9351158105419,
      0.10907859745977813
    ],
    [
      -779.7734672144306,
      0.10907684760749933
    ],
    [
      -778.5871226741203,
      0.10906400997581145
    ],
    [
      -777.9786978448311,
      0.10905742924453043
    ],
    [
      -777.800791106317,
      0.10905550540421757
    ],
    [
      -777.6019242200083,
      0.10905335512086892
    ],
    [
      -777.4030587071976,
      0.10905120507927321
    ],
    [
      -777.204194567609,
      0.10904905527931277
    ],
    [
      -776.7344284874216,
      0.10449531266387538
    ],
    [
      -776.203891864013,
      0.10448945239414212
    ],
    [
      -775.6327001732415,
      0.10448314519984059
    ],
    [
      -775.4350400342538,
      0.10448096312213795
    ],
    [
      -774.9716707097156,
      0.1044758487813092
    ],
    [
      -773.7512768029738,
      0.10446238594871135
    ],
    [
      -773.5720896311477,
      0.10155287566802043
    ],
    [
      -773.0436970546625,
      0.1015471094431463
    ],
    [
      -772.3618452432208,
      0.1004587367943984
    ],
    [
      -771.8342736212783,
      0.10045304717691092
    ],
    [
      -770.5678119072562,
      0.10043939810343197
    ],
    [
      -769.3953659725961,
      0.10042677375531853
    ],
    [
      -768.7940693059307,
      0.1004203035555267
    ],
    [
      -766.2117838769484,
      0.10039255005867417
    ]
  ],
  "hall_of_fame": [
    [
      0.9983363473897453,
      0.8464347314064886
    ],
    [
      0.9983363473897453,
      0.7783123440961985
    ],
    [
      0.9983363473897453,
      0.6599143560473715
    ],
    [
      0.9983363473897453,
      0.6147759741138588
    ],
    [
      0.9983363473897453,
      0.4633731655609372
    ],
    [
      0.9983363473897453,
      0.385722787399562
    ],
    [
      0.9983363473897453,
      0.36301708311774705
    ],
    [
      0.9441423763817078,
      0.8464347314064886
    ],
    [
      0.9441423763817078,
      0.7783123440961985
    ],
    [
      0.9441423763817078,
      0.6147759741138588
    ],
    [
      0.9441423763817078,
      0.385722787399562
    ],
    [
      0.9283591560468267,
      0.8464347314064886
    ],
    [
      0.9283591560468267,
      0.7783123440961985
    ],
    [
      0.9283591560468267,
      0.7529313928277799
    ],
    [
      0.9283591560468267,
      0.4633731655609372
    ],
    [
      0.08855219445179818,
      0.8464347314064886
    ],
    [
      0.08855219445179818,
      0.7783123440961985
    ],
    [
      0.08855219445179818,
      0.49336957788499014
    ],
    [
      0.08855219445179818,
      0.385722787399562
    ],
    [
      0.8634753332171669,
      0.9903396329606958
    ],
    [
      0.8634753332171669,
      0.9649586816922772
    ],
    [
      0.8634753332171669,
      0.8464347314064886
    ],
    [
      0.8634753332171669,
      0.7783123440961985
    ],
    [
      0.857417822400917,
      0.8464347314064886
    ],
    [
      0.857417822400917,
      0.7783123440961985
    ],
    [
      0.857417822400917,
      0.6659022665810971
    ],
    [
      0.857417822400917,
      0.620086786844904
    ],
    [
      0.857417822400917,
      0.6147759741138588
    ],
    [
      0.8359711126241496,
      0.8464347314064886
    ],
    [
      0.8359711126241496,
      0.7783123440961985
    ],
    [
      0.8359711126241496,
      0.6607862423545163
    ],
    [
      0.8359711126241496,
      0.6354052910860977
    ],
    [
      0.8359711126241496,
      0.6147759741138588
    ],
    [
      0.8359711126241496,
      0.4633731655609372
    ],
    [
      0.8359711126241496,
      0.385722787399562
    ],
    [
      0.8359711126241496,
      0.36301708311774705
    ],
    [
      0.8359711126241496,
      0.3376361318493284
    ],
    [
      0.8359711126241496,
      0.31225518058090973
    ],
    [
      0.8359711126241496,
      0.28687422931249107
    ],
    [
      0.23941957899142852,
      0.8464347314064886
    ],
    [
      0.23941957899142852,
      0.7783123440961985
    ],
    [
      0.23941957899142852,
      0.7049683088780503
    ],
    [
      0.23941957899142852,
      0.6795873576096316
    ],
    [
      0.23941957899142852,
      0.620086786844904
    ],
    [
      0.23941957899142852,
      0.4633731655609372
    ],
    [
      0.3242906674337491,
      0.8464347314064886
    ],
    [
      0.3242906674337491,
      0.7783123440961985
    ],
    [
      0.6215290704429841,
      0.8464347314064886
    ],
    [
      0.6215290704429841,
      0.7783123440961985
    ],
    [
      0.6215290704429841,
      0.6147759741138588
    ],
    [
      0.6215290704429841,
      0.4633731655609372
    ],
    [
      0.6215290704429841,
      0.385722787399562
    ],
    [
      0.6215290704429841,
      0.05223223982064751
    ]
  ]
}