{
  "run_id": 6,
  "seed": 6006,
  "steps": 300,
  "n_eval": 10,
  "elapsed_s": 19.288135528564453,
  "hof_fitness": [
    [
      -819.3236143832967,
      0.1372931602639771
    ],
    [
      -811.1705242556081,
      0.1317120348684809
    ],
    [
      -811.0397921646054,
      0.13171118174537969
    ],
    [
      -809.5171150781653,
      0.13170124791062793
    ],
    [
      -807.5437367000249,
      0.131688381272824
    ],
    [
      -807.0440885024183,
      0.13168512486218537
    ],
    [
      -806.5221945400697,
      0.13168172404847864
    ],
    [
      -804.6618080642681,
      0.13166960605747582
    ],
    [
      -797.0548422211051,
      0.12175631041693749
    ],
    [
      -796.9263624622826,
      0.121755170312085
    ],
    [
      -795.7250240043478,
      0.12174451273539802
    ],
    [
      -795.4299196540758,
      0.12174189553447443
    ],
    [
      -795.3179621001392,
      0.12174090269494928
    ],
    [
      -793.4905425397371,
      0.1217247034997819
    ],
    [
      -792.9995035965196,
      0.121720352717585
    ],
    [
      -792.4866023383273,
      0.12171580915017133
    ],
    [
      -791.8705051845856,
      0.11741853551225664
    ],
    [
      -791.742853092899,
      0.11741729655748215
    ],
    [
      -790.2560506151729,
      0.11740287118622025
    ],
    [
      -790.2321971808523,
      0.11609209511669254
    ],
    [
      -789.0408539872705,
      0.1160802659366513
    ],
    [
      -788.7482049926565,
      0.11607736111356284
    ],
    [
      -788.4158774440649,
      0.11435273364316476
    ],
    [
      -788.2887770762351,
      0.11435143632909153
    ],
    [
      -787.1003367494537,
      0.11433930963852931
    ],
    [
      -786.8084008490824,
      0.11433633179197009
    ],
    [
      -785.9173032790957,
      0.1120635337267872
    ],
    [
      -785.7906020719056,
      0.11206220036770939
    ],
    [
      -784.6058941326952,
      0.11204973693798129
    ],
    [
      -782.4023469111436,
      0.11202657436457317
    ],
    [
      -781.4123059668382,
      0.11201617572059355
    ],
    [
      -780.7424138588325,
      0.10719805211195907
    ],
    [
      -780.6165397811635,
      0.10719667012865722
    ],
    [
      -779.4395659848032,
      0.10718375275810385
    ],
    [
      -779.2634607358993,
      0.10579624871449902
    ],
    [
      -779.137823169728,
      0.10579486190367873
    ],
    [
      -777.9630608917524,
      0.10578189962994275
    ],
    [
      -777.6744850234303,
      0.1057787168702953
    ],
    [
      -776.7459120873194,
      0.10576847913136225
    ],
    [
      -776.4943163280011,
      0.10576570619256306
    ],
    [
      -775.7780134035174,
      0.10575781377914764
    ],
    [
      -775.3276301772393,
      0.10211041229075155
    ],
    [
      -775.2026223504155,
      0.10210904108575267
    ],
    [
      -774.0337484921455,
      0.10209622544673039
    ],
    [
      -773.7466191195408,
      0.10209307890464922
    ],
    [
      -773.605307393659,
      0.10054679613387643
    ],
    [
      -773.4805753150141,
      0.10054544828002385
    ],
    [
      -772.6162221395579,
      0.09967141340929718
    ],
    [
      -772.4214246942477,
      0.09960867268504646
    ]
  ],
  "hall_of_fame": [
    [
      0.9854679126124246,
      0.7140014003057535
    ],
    [
      0.027024954871384677,
      0.9960741216994926
    ],
    [
      0.027024954871384677,
      0.9799706909466711
    ],
    [
      0.027024954871384677,
      0.7924039976566396
    ],
    [
      0.027024954871384677,
      0.5493050932773839
    ],
    [
      0.027024954871384677,
      0.4877513554424081
    ],
    [
      0.027024954871384677,
      0.4234560020820678
    ],
    [
      0.027024954871384677,
      0.19425459127887246
    ],
    [
      0.9362503167004004,
      0.9960741216994926
    ],
    [
      0.9362503167004004,
      0.9799706909466711
    ],
    [
      0.9362503167004004,
      0.8293936292136552
    ],
    [
      0.9362503167004004,
      0.7924039976566396
    ],
    [
      0.9362503167004004,
      0.7783706664988566
    ],
    [
      0.9362503167004004,
      0.5493050932773839
    ],
    [
      0.9362503167004004,
      0.4877513554424081
    ],
    [
      0.9362503167004004,
      0.4234560020820678
    ],
    [
      0.9114838027349139,
      0.9960741216994926
    ],
    [
      0.9114838027349139,
      0.9799706909466711
    ],
    [
      0.9114838027349139,
      0.7924039976566396
    ],
    [
      0.902376159583315,
      0.9799706909466711
    ],
    [
      0.902376159583315,
      0.8293936292136552
    ],
    [
      0.902376159583315,
      0.7924039976566396
    ],
    [
      0.11095429210521113,
      0.9960741216994926
    ],
    [
      0.11095429210521113,
      0.9799706909466711
    ],
    [
      0.11095429210521113,
      0.8293936292136552
    ],
    [
      0.11095429210521113,
      0.7924039976566396
    ],
    [
      0.8686593899602902,
      0.9960741216994926
    ],
    [
      0.8686593899602902,
      0.9799706909466711
    ],
    [
      0.8686593899602902,
      0.8293936292136552
    ],
    [
      0.8686593899602902,
      0.5493050932773839
    ],
    [
      0.8686593899602902,
      0.4234560020820678
    ],
    [
      0.8094226923237049,
      0.9960741216994926
    ],
    [
      0.8094226923237049,
      0.9799706909466711
    ],
    [
      0.8094226923237049,
      0.8293936292136552
    ],
    [
      0.7860736688364918,
      0.9960741216994926
    ],
    [
      0.7860736688364918,
      0.9799706909466711
    ],
    [
      0.7860736688364918,
      0.8293936292136552
    ],
    [
      0.7860736688364918,
      0.7924039976566396
    ],
    [
      0.7860736688364918,
      0.6733770494452851
    ],
    [
      0.7860736688364918,
      0.6411261679103445
    ],
    [
      0.7860736688364918,
      0.5493050932773839
    ],
    [
      0.3041287853011846,
      0.9960741216994926
    ],
    [
      0.3041287853011846,
      0.9799706909466711
    ],
    [
      0.3041287853011846,
      0.8293936292136552
    ],
    [
      0.3041287853011846,
      0.7924039976566396
    ],
    [
      0.6262161650894159,
      0.9960741216994926
    ],
    [
      0.6262161650894159,
      0.9799706909466711
    ],
    [
      0.5444568909758574,
      0.9960741216994926
    ],
    [
      0.4691106867742483,
      0.9799706909466711
    ]
  ]
}