{
  "run_id": 5,
  "seed": 6005,
  "steps": 300,
  "n_eval": 10,
  "elapsed_s": 19.55107808113098,
  "hof_fitness": [
    [
      -845.1073647204005,
      0.14485499376695551
    ],
    [
      -844.9289665029048,
      0.14485464854686228
    ],
    [
      -844.4983494924329,
      0.14485381525374375
    ],
    [
      -843.8671918686816,
      0.14485259388646446
    ],
    [
      -843.6669166062784,
      0.14485220632804177
    ],
    [
      -843.4868874634069,
      0.14485185794797056
    ],
    [
      -843.2944513585019,
      0.1448514855582375
    ],
    [
      -841.7954587731203,
      0.1448485847877546
    ],
    [
      -840.7830726868881,
      0.14484662565438364
    ],
    [
      -840.5828159648279,
      0.144846238123097
    ],
    [
      -840.4028034851153,
      0.1448458897674472
    ],
    [
      -839.7301296099688,
      0.14484458802206543
    ],
    [
      -839.0574692872626,
      0.14484328629711254
    ],
    [
      -838.3848225083568,
      0.14484198459275838
    ],
    [
      -812.4206002036811,
      0.13249268840591852
    ],
    [
      -812.2490325942329,
      0.13249160480267747
    ],
    [
      -812.1393441970503,
      0.13249091205418553
    ],
    [
      -811.9467317626,
      0.13248969565081056
    ],
    [
      -811.7735908409139,
      0.13248860228149334
    ],
    [
      -811.227912512565,
      0.13248515677945027
    ],
    [
      -811.0353057828182,
      0.13248394077679884
    ],
    [
      -810.8621699882414,
      0.1324828477676327
    ],
    [
      -810.6771023370849,
      0.13248167950127596
    ],
    [
      -810.0914387369619,
      0.13247798288346282
    ],
    [
      -808.2841600507802,
      0.13246658010661938
    ],
    [
      -807.8961818445697,
      0.13246413309422375
    ],
    [
      -807.2492674474713,
      0.13246005364217214
    ],
    [
      -806.6023665953304,
      0.1324559751421344
    ],
    [
      -790.8260395036941,
      0.11655493747867166
    ],
    [
      -789.8262994347813,
      0.11566994792820735
    ],
    [
      -789.6594567987669,
      0.11566827931850845
    ],
    [
      -789.1971088438232,
      0.11566365599168942
    ],
    [
      -788.3107893028056,
      0.11565479580314864
    ],
    [
      -788.2848894123179,
      0.11420631758516227
    ],
    [
      -788.1969060145902,
      0.11420541759069798
    ],
    [
      -788.0304044017431,
      0.11420371452399783
    ],
    [
      -786.684493619073,
      0.11418995271160129
    ],
    [
      -785.9365215628616,
      0.11418230851626558
    ],
    [
      -779.2297902366334,
      0.10581711088095766
    ],
    [
      -778.7268688173855,
      0.1053412021618425
    ],
    [
      -778.5623506224387,
      0.10533938455013339
    ],
    [
      -777.2324730825528,
      0.10532469852206464
    ],
    [
      -776.7568682366597,
      0.10487455326626058
    ],
    [
      -774.4526417057706,
      0.10136085902553116
    ],
    [
      -774.0680726359657,
      0.10115857364239508
    ],
    [
      -772.9531260590785,
      0.10015896203591465
    ],
    [
      -772.5215821157783,
      0.09956250593153922
    ],
    [
      -772.4368432061747,
      0.09956160368028766
    ],
    [
      -772.4353440934535,
      0.09956158771913325
    ],
    [
      -772.2721454766717,
      0.09955985024556513
    ],
    [
      -770.9529349074462,
      0.09954581362524993
    ],
    [
      -770.7768951737119,
      0.09954394163492433
    ],
    [
      -769.4056260837125,
      0.09952936856014176
    ],
    [
      -769.222427317781,
      0.09952742281750383
    ],
    [
      -769.0577484618797,
      0.099525674013044
    ],
    [
      -768.5006889540258,
      0.09951976000824526
    ],
    [
      -768.4795045754273,
      0.09951953515612368
    ],
    [
      -768.2963118471796,
      0.09951759089508151
    ],
    [
      -768.1316384176464,
      0.0995158434222461
    ],
    [
      -767.9197633480455,
      0.09951359539063241
    ],
    [
      -767.5162844534818,
      0.09950931544522922
    ],
    [
      -767.3627263847882,
      0.09950768691860093
    ],
    [
      -766.8057004475457,
      0.09950178115281241
    ],
    [
      -766.2486855299084,
      0.09949587809191987
    ]
  ],