{
  "run_id": 1,
  "seed": 6001,
  "steps": 300,
  "n_eval": 10,
  "elapsed_s": 21.165032625198364,
  "hof_fitness": [
    [
      -997.3223374532888,
      0.08693058577597408
    ],
    [
      -997.2619657720809,
      0.08693058577593825
    ],
    [
      -994.4334410695212,
      0.08693058577589152
    ]
  ],
  "hall_of_fame": [
    [
      1.0,
      1.0
    ],
    [
      1.0,
      0.9938860892076308
    ],
    [
      1.0,
      0.7074380831517273
    ]
  ]
}