{
  "run_id": 3,
  "seed": 6003,
  "steps": 300,
  "n_eval": 10,
  "elapsed_s": 21.994032621383667,
  "hof_fitness": [
    [
      -793.6992241106975,
      0.11896089324499884
    ],
    [
      -793.4159280265943,
      0.1189582232234894
    ],
    [
      -793.2765027030083,
      0.11895690927987548
    ],
    [
      -792.8979375736296,
      0.11895334207753121
    ],
    [
      -791.1495436907209,
      0.11893687450179627
    ],
    [
      -790.8570580332599,
      0.1189341208677219
    ],
    [
      -790.631593113255,
      0.11893199844079147
    ],
    [
      -790.1119553995505,
      0.11892710757706168
    ],
    [
      -789.1140015986313,
      0.11891771780400043
    ],
    [
      -788.5838147014781,
      0.11891273088319373
    ],
    [
      -788.1035983451671,
      0.11890821495415685
    ],
    [
      -787.5857012199143,
      0.11890334571062736
    ],
    [
      -787.2954467694274,
      0.11330476552774812
    ],
    [
      -786.8761043124101,
      0.11330042189640824
    ],
    [
      -786.5005652145109,
      0.11329653272777981
    ],
    [
      -784.7661474306354,
      0.1132785797533836
    ],
    [
      -784.4759998810767,
      0.11327557788549994
    ],
    [
      -784.2523373243222,
      0.11327326415554687
    ],
    [
      -783.7385363100454,
      0.11326794995581116
    ],
    [
      -783.7368536331816,
      0.11326793255417364
    ],
    [
      -783.2408938994806,
      0.1132628041257531
    ],
    [
      -782.7468777303628,
      0.1132576970014916
    ],
    [
      -782.7347035659528,
      0.11325757116054733
    ],
    [
      -782.2209293797893,
      0.11325226108655524
    ],
    [
      -782.1041589676578,
      0.10872042167341281
    ],
    [
      -781.9667035148459,
      0.1087189271875075
    ],
    [
      -781.593486983793,
      0.10871486994324889
    ],
    [
      -779.8697962430443,
      0.10869614221520643
    ],
    [
      -779.581443253196,
      0.10869301098073689
    ],
    [
      -779.3591640573878,
      0.108690597574546
    ],
    [
      -778.8485409546392,
      0.1086850545520476
    ],
    [
      -778.8468686853812,
      0.10868503640137181
    ],
    [
      -778.3736216025908,
      0.108679900471681
    ],
    [
      -777.8630160172182,
      0.10867436057023619
    ],
    [
      -777.8242314030821,
      0.1046671038878286
    ],
    [
      -777.6875220549434,
      0.10466559276046172
    ],
    [
      -777.3163313479009,
      0.10466149041553927
    ],
    [
      -775.6019970921162,
      0.10464255598163788
    ],
    [
      -775.4486333108163,
      0.10244646015971928
    ],
    [
      -774.9422728023799,
      0.10244089588703151
    ],
    [
      -773.2331351883947,
      0.10242212861645264
    ],
    [
      -772.9472168297788,
      0.10241899118744777
    ],
    [
      -772.7268144017145,
      0.10241657308835792
    ],
    [
      -772.6797297653095,
      0.09970074831812603
    ],
    [
      -772.4038740251907,
      0.09969780439012167
    ],
    [
      -772.2681105185532,
      0.09969635575683958
    ],
    [
      -771.8994879595056,
      0.09969242322847029
    ],
    [
      -770.1970149393943,
      0.09967427562399186
    ],
    [
      -769.9122115154931,
      0.09967124209931502
    ],
    [
      -769.692668549059,
      0.09966890414294113
    ],
    [
      -769.3212172830073,
      0.09966494939703877
    ],
    [
      -769.1883312135507,
      0.09966353487163801
    ],
    [
      -768.214938318567,
      0.09965317791780894
    ],
    [
      -767.6986777797937,
      0.09964768806872414
    ],
    [
      -766.7267821786376,
      0.09963735905221481
    ]
  ],
  "hall_of_fame": [
    [
      0.9211022526291404,
      1.0
    ],
    [
      0.9211022526291404,
      0.9643420494692717
    ],
    [
      0.9211022526291404,
      0.9467927174707556
    ],
    [
      0.9211022526291404,
      0.8991426673928864
    ],
    [
      0.9211022526291404,
      0.6790641117468322
    ],
    [
      0.9211022526291404,
      0.6422462916364934
    ],
    [
      0.9211022526291404,
      0.6138647296704469
    ],
    [
      0.9211022526291404,
      0.5484518204459727
    ],
    [
      0.9211022526291404,
      0.4228244093489202
    ],
    [
      0.9211022526291404,
      0.356080105707856
    ],
    [
      0.9211022526291404,
      0.2956254721987602
    ],
    [
      0.9211022526291404,
      0.23042609012237492
    ],
    [
      0.11984451247536787,
      1.0
    ],
    [
      0.11984451247536787,
      0.9467927174707556
    ],
    [
      0.11984451247536787,
      0.8991426673928864
    ],
    [
      0.11984451247536787,
      0.6790641117468322
    ],
    [
      0.11984451247536787,
      0.6422462916364934
    ],
    [
      0.11984451247536787,
      0.6138647296704469
    ],
    [
      0.11984451247536787,
      0.5486653475940616
    ],
    [
      0.11984451247536787,
      0.5484518204459727
    ],
    [
      0.11984451247536787,
      0.48551533113363343
    ],
    [
      0.11984451247536787,
      0.4228244093489202
    ],
    [
      0.11984451247536787,
      0.42127948778424124
    ],
    [
      0.11984451247536787,
      0.356080105707856
    ],
    [
      0.8310134479277093,
      0.9643420494692717
    ],
    [
      0.8310134479277093,
      0.9467927174707556
    ],
    [
      0.8310134479277093,
      0.8991426673928864
    ],
    [
      0.8310134479277093,
      0.6790641117468322
    ],
    [
      0.8310134479277093,
      0.6422462916364934
    ],
    [
      0.8310134479277093,
      0.6138647296704469
    ],
    [
      0.8310134479277093,
      0.5486653475940616
    ],
    [
      0.8310134479277093,
      0.5484518204459727
    ],
    [
      0.8310134479277093,
      0.48802379142530544
    ],
    [
      0.8310134479277093,
      0.4228244093489202
    ],
    [
      0.23595892401148022,
      0.9643420494692717
    ],
    [
      0.23595892401148022,
      0.9467927174707556
    ],
    [
      0.23595892401148022,
      0.8991426673928864
    ],
    [
      0.23595892401148022,
      0.6790641117468322
    ],
    [
      0.29296408121471906,
      0.9643420494692717
    ],
    [
      0.29296408121471906,
      0.8991426673928864
    ],
    [
      0.29296408121471906,
      0.6790641117468322
    ],
    [
      0.29296408121471906,
      0.6422462916364934
    ],
    [
      0.29296408121471906,
      0.6138647296704469
    ],
    [
      0.5495705366993723,
      1.0
    ],
    [
      0.5495705366993723,
      0.9643420494692717
    ],
    [
      0.5495705366993723,
      0.9467927174707556
    ],
    [
      0.5495705366993723,
      0.8991426673928864
    ],
    [
      0.5495705366993723,
      0.6790641117468322
    ],
    [
      0.5495705366993723,
      0.6422462916364934
    ],
    [
      0.5495705366993723,
      0.6138647296704469
    ],
    [
      0.5495705366993723,
      0.5658446168486293
    ],
    [
      0.5495705366993723,
      0.5486653475940616
    ],
    [
      0.5495705366993723,
      0.4228244093489202
    ],
    [
      0.5495705366993723,
      0.356080105707856
    ],
    [
      0.5495705366993723,
      0.23042609012237492
    ]
  ]
}