{
  "run_id": 0,
  "seed": 6000,
  "steps": 300,
  "n_eval": 10,
  "elapsed_s": 21.810079336166382,
  "hof_fitness": [
    [
      -849.3751892571338,
      0.14559951999329798
    ],
    [
      -848.9897821993861,
      0.14559896192683183
    ],
    [
      -848.7926606558437,
      0.14559867648243707
    ],
    [
      -848.5193132072457,
      0.14559828064258734
    ],
    [
      -847.1159649952913,
      0.14559624814220165
    ],
    [
      -845.466315555853,
      0.14559385831243707
    ],
    [
      -841.3316667132779,
      0.14558786563588158
    ],
    [
      -793.8233935135996,
      0.11979117408865639
    ],
    [
      -793.5675747272472,
      0.11978880476687401
    ],
    [
      -793.460550218742,
      0.11914013601424298
    ],
    [
      -792.0499735770437,
      0.11912689602703594
    ],
    [
      -791.6864406393194,
      0.1175124682956227
    ],
    [
      -791.3269540488492,
      0.11750898599371803
    ],
    [
      -791.1430899828536,
      0.11750720513725774
    ],
    [
      -790.3268362127076,
      0.11632233623978797
    ],
    [
      -789.7844099229804,
      0.11631697088669671
    ],
    [
      -789.5298804336018,
      0.11631445368443741
    ],
    [
      -789.4119644538933,
      0.11551005105945303
    ],
    [
      -789.053500998043,
      0.11550645747628055
    ],
    [
      -788.8701602317826,
      0.11550461971863032
    ],
    [
      -787.676028037259,
      0.11394531364667564
    ],
    [
      -787.3183456155624,
      0.11394164208764215
    ],
    [
      -787.135404322553,
      0.11393976446049955
    ],
    [
      -786.8817206881611,
      0.11393716103355289
    ],
    [
      -786.2272050598856,
      0.11261811793265727
    ],
    [
      -785.6875667737276,
      0.11261247920427189
    ],
    [
      -785.4343455497527,
      0.11260983378242342
    ],
    [
      -784.83068735739,
      0.11132309462238792
    ],
    [
      -784.2919990840902,
      0.11131737874331879
    ],
    [
      -783.3087375518709,
      0.11130694959049817
    ],
    [
      -782.7414933669222,
      0.11130093534107374
    ],
    [
      -781.2160042133062,
      0.11128476969603704
    ],
    [
      -779.8194993387307,
      0.11126998171529465
    ],
    [
      -777.3925737931903,
      0.11124430687787465
    ],
    [
      -776.5114128830436,
      0.1034742877702606
    ],
    [
      -776.3859482338294,
      0.10347290302224235
    ],
    [
      -775.9783880843796,
      0.10346840557094247
    ],
    [
      -775.3350286281927,
      0.10238086703475233
    ],
    [
      -774.5530636390631,
      0.10237227849359617
    ],
    [
      -773.3123051143612,
      0.10053991161141262
    ],
    [
      -772.9610926908175,
      0.10053611772764984
    ],
    [
      -772.7814605862287,
      0.10053417767963188
    ],
    [
      -772.5323658115369,
      0.1005314878549475
    ],
    [
      -772.3805089437818,
      0.10001964193179488
    ],
    [
      -772.1975888612504,
      0.0995545339981835
    ],
    [
      -772.0728163229477,
      0.09955320595308596
    ],
    [
      -771.8468793353713,
      0.09955080147291905
    ],
    [
      -771.4187663517544,
      0.09954624655594271
    ],
    [
      -768.6406413127462,
      0.09951672590774309
    ],
    [
      -764.8782867113786,
      0.09947684950753846
    ]
  ],
  "hall_of_fame": [
    [
      0.0028229478499490757,
      0.9587894020779294
    ],
    [
      0.0028229478499490757,
      0.9134455213742412
    ],
    [
      0.0028229478499490757,
      0.8902535920570663
    ],
    [
      0.0028229478499490757,
      0.8580932357240528
    ],
    [
      0.0028229478499490757,
      0.6929799191331943
    ],
    [
      0.0028229478499490757,
      0.4988788105369407
    ],
    [
      0.0028229478499490757,
      0.012345900996747927
    ],
    [
      0.07406521609586669,
      0.8902535920570663
    ],
    [
      0.07406521609586669,
      0.8580932357240528
    ],
    [
      0.9221828547215315,
      0.9426573957924137
    ],
    [
      0.9221828547215315,
      0.765152661993081
    ],
    [
      0.0878827615390606,
      0.9587894020779294
    ],
    [
      0.0878827615390606,
      0.9134455213742412
    ],
    [
      0.0878827615390606,
      0.8902535920570663
    ],
    [
      0.9040307545563218,
      0.9587894020779294
    ],
    [
      0.9040307545563218,
      0.8902535920570663
    ],
    [
      0.9040307545563218,
      0.8580932357240528
    ],
    [
      0.8981150806875551,
      0.9587894020779294
    ],
    [
      0.8981150806875551,
      0.9134455213742412
    ],
    [
      0.8981150806875551,
      0.8902535920570663
    ],
    [
      0.11430109285739576,
      0.9587894020779294
    ],
    [
      0.11430109285739576,
      0.9134455213742412
    ],
    [
      0.11430109285739576,
      0.8902535920570663
    ],
    [
      0.11430109285739576,
      0.8580932357240528
    ],
    [
      0.8739650743857549,
      0.9587894020779294
    ],
    [
      0.8739650743857549,
      0.8902535920570663
    ],
    [
      0.8739650743857549,
      0.8580932357240528
    ],
    [
      0.8612647784639434,
      0.9587894020779294
    ],
    [
      0.8612647784639434,
      0.8902535920570663
    ],
    [
      0.8612647784639434,
      0.765152661993081
    ],
    [
      0.8612647784639434,
      0.6929799191331943
    ],
    [
      0.8612647784639434,
      0.4988788105369407
    ],
    [
      0.8612647784639434,
      0.3211805030274002
    ],
    [
      0.8612647784639434,
      0.012345900996747927
    ],
    [
      0.7362918431110909,
      0.9587894020779294
    ],
    [
      0.7362918431110909,
      0.9426573957924137
    ],
    [
      0.7362918431110909,
      0.8902535920570663
    ],
    [
      0.2950408290989708,
      0.9587894020779294
    ],
    [
      0.2950408290989708,
      0.8580932357240528
    ],
    [
      0.6259875018058757,
      0.9587894020779294
    ],
    [
      0.6259875018058757,
      0.9134455213742412
    ],
    [
      0.6259875018058757,
      0.8902535920570663
    ],
    [
      0.6259875018058757,
      0.8580932357240528
    ],
    [
      0.5881601735168942,
      0.9134455213742412
    ],
    [
      0.49121295380457763,
      0.9587894020779294
    ],
    [
      0.49121295380457763,
      0.9426573957924137
    ],
    [
      0.49121295380457763,
      0.9134455213742412
    ],
    [
      0.49121295380457763,
      0.8580932357240528
    ],
    [
      0.49121295380457763,
      0.4988788105369407
    ],
    [
      0.49121295380457763,
      0.012345900996747927
    ]
  ]
}