{
  "run_id": 4,
  "seed": 6004,
  "steps": 300,
  "n_eval": 10,
  "elapsed_s": 20.017985343933105,
  "hof_fitness": [
    [
      -835.5400816359022,
      0.14258149591753802
    ],
    [
      -835.4966324344807,
      0.1425813638021502
    ],
    [
      -834.8104134002085,
      0.14257927734943768
    ],
    [
      -833.5176175595841,
      0.14257534723136828
    ],
    [
      -832.7525428992783,
      0.14257302178393888
    ],
    [
      -830.1815040225467,
      0.1425652092295471
    ],
    [
      -829.7923180550708,
      0.14070921311293086
    ],
    [
      -829.7491646864698,
      0.1407090503143497
    ],
    [
      -829.4756369365184,
      0.14070801845129915
    ],
    [
      -829.0676179674685,
      0.14070647934644406
    ],
    [
      -828.9161335291121,
      0.1407059079613082
    ],
    [
      -827.0237596416712,
      0.14069877172052145
    ],
    [
      -824.4702283684089,
      0.14068914696334237
    ],
    [
      -823.8730560381503,
      0.14068689688994399
    ],
    [
      -821.9419019740765,
      0.14067962257132252
    ],
    [
      -801.9487890493095,
      0.12561733399482095
    ],
    [
      -801.9070691372564,
      0.12561699891328276
    ],
    [
      -800.0068219473941,
      0.12560174231735163
    ],
    [
      -799.2721996270283,
      0.12559584716252478
    ],
    [
      -796.204585886255,
      0.1255712480343299
    ],
    [
      -794.555052105152,
      0.12555803223698803
    ],
    [
      -794.3591766426588,
      0.12555646346095192
    ],
    [
      -791.2455199266343,
      0.11698218195513468
    ],
    [
      -791.2043514489786,
      0.1169817792742451
    ],
    [
      -790.8918722006565,
      0.11670798111297695
    ],
    [
      -790.2419287585074,
      0.11670159425746054
    ],
    [
      -789.0174759691371,
      0.11668956683552742
    ],
    [
      -788.2928478509285,
      0.11668245212060077
    ],
    [
      -785.8577365371312,
      0.11665855991324034
    ],
    [
      -783.639880298767,
      0.11663682178241477
    ],
    [
      -783.4466700528073,
      0.11663492906136888
    ],
    [
      -778.6865079801247,
      0.10540384699984104
    ],
    [
      -778.0465077948886,
      0.10539677843875037
    ],
    [
      -777.9042578355478,
      0.10539520770890218
    ],
    [
      -776.8407879813759,
      0.10538346906295279
    ],
    [
      -776.1272463002394,
      0.10537559712796696
    ],
    [
      -774.5262766507054,
      0.10152437496736136
    ],
    [
      -774.3478469360982,
      0.10136193885197387
    ],
    [
      -774.1268702638782,
      0.10116141553437166
    ],
    [
      -773.8715092767309,
      0.1011586371163414
    ],
    [
      -772.922597811238,
      0.10008270134637656
    ],
    [
      -772.3782751941446,
      0.09956936636839235
    ],
    [
      -772.338080374081,
      0.09956893837724766
    ],
    [
      -769.7995334249882,
      0.09954193553182931
    ],
    [
      -767.4210892511234,
      0.09951668459471588
    ],
    [
      -767.4086816938267,
      0.09950579860849658
    ],
    [
      -765.0661340465421,
      0.09949172952526544
    ]
  ],
  "hall_of_fame": [
    [
      0.9936124066090264,
      0.9802142085485974
    ],
    [
      0.9936124066090264,
      0.9750175058707571
    ],
    [
      0.9936124066090264,
      0.8929419739310482
    ],
    [
      0.9936124066090264,
      0.7383118497323921
    ],
    [
      0.9936124066090264,
      0.6467990790278219
    ],
    [
      0.9936124066090264,
      0.3392540198774029
    ],
    [
      0.9910617862129729,
      0.9802142085485974
    ],
    [
      0.9910617862129729,
      0.9750175058707571
    ],
    [
      0.9910617862129729,
      0.9420780284522536
    ],
    [
      0.9910617862129729,
      0.8929419739310482
    ],
    [
      0.9910617862129729,
      0.8746991639088919
    ],
    [
      0.9910617862129729,
      0.6467990790278219
    ],
    [
      0.9910617862129729,
      0.3392540198774029
    ],
    [
      0.9910617862129729,
      0.2673275905452932
    ],
    [
      0.9910617862129729,
      0.03472059376614656
    ],
    [
      0.04677125193787102,
      0.9802142085485974
    ],
    [
      0.04677125193787102,
      0.9750175058707571
    ],
    [
      0.04677125193787102,
      0.7383118497323921
    ],
    [
      0.04677125193787102,
      0.6467990790278219
    ],
    [
      0.04677125193787102,
      0.2646386653007189
    ],
    [
      0.04677125193787102,
      0.05912522877665782
    ],
    [
      0.04677125193787102,
      0.03472059376614656
    ],
    [
      0.091415694140212,
      0.9802142085485974
    ],
    [
      0.091415694140212,
      0.9750175058707571
    ],
    [
      0.09328486559564364,
      0.9750175058707571
    ],
    [
      0.09328486559564364,
      0.8929419739310482
    ],
    [
      0.09328486559564364,
      0.7383118497323921
    ],
    [
      0.09328486559564364,
      0.6467990790278219
    ],
    [
      0.09328486559564364,
      0.3392540198774029
    ],
    [
      0.09328486559564364,
      0.05912522877665782
    ],
    [
      0.09328486559564364,
      0.03472059376614656
    ],
    [
      0.7788136905522077,
      0.9750175058707571
    ],
    [
      0.7788136905522077,
      0.8929419739310482
    ],
    [
      0.7788136905522077,
      0.8746991639088919
    ],
    [
      0.7788136905522077,
      0.7383118497323921
    ],
    [
      0.7788136905522077,
      0.6467990790278219
    ],
    [
      0.32587558757963897,
      0.9750175058707571
    ],
    [
      0.6673735279245084,
      0.9750175058707571
    ],
    [
      0.3414916993634888,
      0.9750175058707571
    ],
    [
      0.3414916993634888,
      0.9420780284522536
    ],
    [
      0.5932739853321455,
      0.9750175058707571
    ],
    [
      0.48278508496825334,
      0.9802142085485974
    ],
    [
      0.48278508496825334,
      0.9750175058707571
    ],
    [
      0.48278508496825334,
      0.6467990790278219
    ],
    [
      0.48278508496825334,
      0.3392540198774029
    ],
    [
      0.48933964681176845,
      0.3392540198774029
    ],
    [
      0.48278508496825334,
      0.03472059376614656
    ]
  ]
}