{
  "run_id": 2,
  "seed": 6002,
  "steps": 300,
  "n_eval": 10,
  "elapsed_s": 20.215696096420288,
  "hof_fitness": [
    [
      -799.7695523222355,
      0.1244607906217439
    ],
    [
      -799.6139989911378,
      0.12445950113746981
    ],
    [
      -798.6420569684431,
      0.12445144582210374
    ],
    [
      -798.2027984806454,
      0.12444780630274285
    ],
    [
      -797.6986044925551,
      0.12444362951450302
    ],
    [
      -796.0438917638674,
      0.12442992743365425
    ],
    [
      -795.9504635363303,
      0.12442915404891722
    ],
    [
      -795.0432939177847,
      0.12442164608436465
    ],
    [
      -793.6592857851786,
      0.12441019674056572
    ],
    [
      -793.4539619536218,
      0.12440849869892467
    ],
    [
      -793.4373783841955,
      0.11939642690619864
    ],
    [
      -793.283044667325,
      0.11939498570809678
    ],
    [
      -792.3187232780231,
      0.11938598281635412
    ],
    [
      -791.3826682777942,
      0.11937724732624488
    ],
    [
      -790.9468677537315,
      0.11937318150896961
    ],
    [
      -790.2259496223203,
      0.11936645731831394
    ],
    [
      -790.1767131609075,
      0.11936599815168873
    ],
    [
      -789.7409304328186,
      0.11936193456953151
    ],
    [
      -789.5561207647894,
      0.11604019240076921
    ],
    [
      -788.4428862302501,
      0.11602913329815925
    ],
    [
      -787.5113671333477,
      0.11601988365604747
    ],
    [
      -787.0776784405015,
      0.11601557861059567
    ],
    [
      -786.3602538434386,
      0.11600845888341398
    ],
    [
      -786.3112559823156,
      0.11600797271216098
    ],
    [
      -785.7853386657333,
      0.11600275508023247
    ],
    [
      -784.8896444299354,
      0.11599387172931022
    ],
    [
      -784.8537940689856,
      0.11176250957911568
    ],
    [
      -783.7471295441719,
      0.11175083026136853
    ],
    [
      -783.3159866845672,
      0.11174628187569854
    ],
    [
      -783.2279857554857,
      0.11024269935739286
    ],
    [
      -783.0756197832535,
      0.11024106476230108
    ],
    [
      -782.1235936310585,
      0.11023085424817322
    ],
    [
      -781.6933360903976,
      0.11022624136237993
    ],
    [
      -781.1994738026461,
      0.11022094781509476
    ],
    [
      -780.7692300669294,
      0.11021633727051874
    ],
    [
      -780.589407065291,
      0.1077495968004569
    ],
    [
      -780.4375500426166,
      0.10774793540256769
    ],
    [
      -780.1605702644149,
      0.10774490545328921
    ],
    [
      -779.4887040026451,
      0.10773755767166379
    ],
    [
      -778.9637102599125,
      0.10620690407240982
    ],
    [
      -778.8121669202557,
      0.10620523409201518
    ],
    [
      -777.8652808912764,
      0.10619480290757369
    ],
    [
      -776.5182299632835,
      0.10617997327002479
    ],
    [
      -775.6129013739611,
      0.10617001305611126
    ],
    [
      -775.3340980734473,
      0.10616694678170316
    ],
    [
      -774.3592976398476,
      0.10615622984231529
    ],
    [
      -773.0109732384392,
      0.10614141637828092
    ],
    [
      -771.9195428047677,
      0.09969732635470914
    ],
    [
      -771.7693598376982,
      0.0996957243549768
    ],
    [
      -771.7587800235776,
      0.0995566670808965
    ],
    [
      -771.6086281298391,
      0.09955506928864324
    ],
    [
      -770.6704363744003,
      0.09954509010159605
    ],
    [
      -769.7597457529408,
      0.09953541047697524
    ],
    [
      -769.3357543829203,
      0.09953090628783144
    ],
    [
      -768.5864694865078,
      0.09952295007991327
    ],
    [
      -768.0723121307648,
      0.09951749326366413
    ],
    [
      -767.6483462167378,
      0.09951299532081126
    ],
    [
      -765.6625111594931,
      0.09949194714377453
    ]
  ],
  "hall_of_fame": [
    [
      0.051413192663653295,
      0.9010350822316372
    ],
    [
      0.051413192663653295,
      0.8816216243592483
    ],
    [
      0.051413192663653295,
      0.7603184610224856
    ],
    [
      0.051413192663653295,
      0.7054955403673662
    ],
    [
      0.051413192663653295,
      0.6425671662675583
    ],
    [
      0.051413192663653295,
      0.43603528620217213
    ],
    [
      0.051413192663653295,
      0.4243737636080167
    ],
    [
      0.051413192663653295,
      0.311140797327226
    ],
    [
      0.051413192663653295,
      0.13838223040120412
    ],
    [
      0.051413192663653295,
      0.1127520424220233
    ],
    [
      0.923688031829141,
      0.9010350822316372
    ],
    [
      0.923688031829141,
      0.8816216243592483
    ],
    [
      0.923688031829141,
      0.7603184610224856
    ],
    [
      0.923688031829141,
      0.6425671662675583
    ],
    [
      0.923688031829141,
      0.5877442456124389
    ],
    [
      0.923688031829141,
      0.49705226708026606
    ],
    [
      0.923688031829141,
      0.49085820685729153
    ],
    [
      0.923688031829141,
      0.43603528620217213
    ],
    [
      0.902046939171969,
      0.9010350822316372
    ],
    [
      0.902046939171969,
      0.7603184610224856
    ],
    [
      0.902046939171969,
      0.6425671662675583
    ],
    [
      0.902046939171969,
      0.5877442456124389
    ],
    [
      0.902046939171969,
      0.49705226708026606
    ],
    [
      0.902046939171969,
      0.49085820685729153
    ],
    [
      0.902046939171969,
      0.4243737636080167
    ],
    [
      0.902046939171969,
      0.311140797327226
    ],
    [
      0.8657732276332935,
      0.9010350822316372
    ],
    [
      0.8657732276332935,
      0.7603184610224856
    ],
    [
      0.8657732276332935,
      0.7054955403673662
    ],
    [
      0.15038190819555763,
      0.9010350822316372
    ],
    [
      0.15038190819555763,
      0.8816216243592483
    ],
    [
      0.15038190819555763,
      0.7603184610224856
    ],
    [
      0.15038190819555763,
      0.7054955403673662
    ],
    [
      0.15038190819555763,
      0.6425671662675583
    ],
    [
      0.15038190819555763,
      0.5877442456124389
    ],
    [
      0.1822506360812729,
      0.9010350822316372
    ],
    [
      0.1822506360812729,
      0.8816216243592483
    ],
    [
      0.1822506360812729,
      0.8462121615765178
    ],
    [
      0.1822506360812729,
      0.7603184610224856
    ],
    [
      0.7934659033068473,
      0.9010350822316372
    ],
    [
      0.7934659033068473,
      0.8816216243592483
    ],
    [
      0.7934659033068473,
      0.7603184610224856
    ],
    [
      0.7934659033068473,
      0.5877442456124389
    ],
    [
      0.7934659033068473,
      0.4717556560304027
    ],
    [
      0.7934659033068473,
      0.43603528620217213
    ],
    [
      0.7934659033068473,
      0.311140797327226
    ],
    [
      0.7934659033068473,
      0.13838223040120412
    ],
    [
      0.5503567191934142,
      0.9010350822316372
    ],
    [
      0.5503567191934142,
      0.8816216243592483
    ],
    [
      0.48611664476812133,
      0.9010350822316372
    ],
    [
      0.48611664476812133,
      0.8816216243592483
    ],
    [
      0.48611664476812133,
      0.7603184610224856
    ],
    [
      0.48611664476812133,
      0.6425671662675583
    ],
    [
      0.48611664476812133,
      0.5877442456124389
    ],
    [
      0.48611664476812133,
      0.49085820685729153
    ],
    [
      0.48611664476812133,
      0.4243737636080167
    ],
    [
      0.48611664476812133,
      0.3695508429528973
    ],
    [
      0.48611664476812133,
      0.1127520424220233
    ]
  ]
}