{
  "run_id": 9,
  "seed": 6009,
  "steps": 300,
  "n_eval": 10,
  "elapsed_s": 20.057222843170166,
  "hof_fitness": [
    [
      -797.4322245709601,
      0.1220997103500436
    ],
    [
      -797.0756428914618,
      0.12209657174852254
    ],
    [
      -795.1880265510907,
      0.12207996461502343
    ],
    [
      -795.0256587873474,
      0.12207853670258843
    ],
    [
      -794.4130475828223,
      0.12207315004970824
    ],
    [
      -793.2946251660176,
      0.12206331925284705
    ],
    [
      -791.7495064814077,
      0.12204974511782211
    ],
    [
      -790.0811449042732,
      0.11589178238232785
    ],
    [
      -789.7278190452145,
      0.11588826163448565
    ],
    [
      -787.8574384465048,
      0.11586963342210824
    ],
    [
      -787.6965533018629,
      0.11586803180846303
    ],
    [
      -785.9813266192174,
      0.11585096393942787
    ],
    [
      -785.0280314930407,
      0.1158414836093957
    ],
    [
      -784.4710729509615,
      0.11583594665544814
    ],
    [
      -784.4503178914212,
      0.11583574034775931
    ],
    [
      -784.2404087701726,
      0.11054818746040143
    ],
    [
      -783.8980152195952,
      0.11022706215532438
    ],
    [
      -783.547429652731,
      0.1102232990532401
    ],
    [
      -780.1547707997452,
      0.10668869557261504
    ],
    [
      -779.8058452880745,
      0.10668485600012342
    ],
    [
      -778.7072978222706,
      0.10531768362963814
    ],
    [
      -778.3590145119342,
      0.10531383582017026
    ],
    [
      -776.5153282066657,
      0.10529348028855604
    ],
    [
      -776.1136913276104,
      0.10320282334773931
    ],
    [
      -774.8920701076553,
      0.10175680521555042
    ],
    [
      -774.545480385348,
      0.10175301374580567
    ],
    [
      -773.7269326661808,
      0.10070056442016365
    ],
    [
      -772.677710080982,
      0.10006999807828296
    ],
    [
      -772.0939112405392,
      0.09955687082948164
    ],
    [
      -770.2649581850629,
      0.09953741745192281
    ],
    [
      -770.1076366251953,
      0.09953574543289859
    ],
    [
      -766.984946122369,
      0.09952978820475333
    ],
    [
      -766.9819823127269,
      0.0995271849061076
    ],
    [
      -766.9536035124746,
      0.09950226789981352
    ],
    [
      -766.9333082159927,
      0.09950205275047999
    ]
  ],
  "hall_of_fame": [
    [
      0.06206640216956116,
      0.9895385873619624
    ],
    [
      0.06206640216956116,
      0.9448688441811115
    ],
    [
      0.06206640216956116,
      0.7083942043906104
    ],
    [
      0.06206640216956116,
      0.6880525797259236
    ],
    [
      0.06206640216956116,
      0.6113029263897221
    ],
    [
      0.06206640216956116,
      0.47117974670026297
    ],
    [
      0.06206640216956116,
      0.2775886479558196
    ],
    [
      0.09908036552845456,
      0.9895385873619624
    ],
    [
      0.09908036552845456,
      0.9448688441811115
    ],
    [
      0.09908036552845456,
      0.7083942043906104
    ],
    [
      0.09908036552845456,
      0.6880525797259236
    ],
    [
      0.09908036552845456,
      0.47117974670026297
    ],
    [
      0.09908036552845456,
      0.3506398521018702
    ],
    [
      0.09908036552845456,
      0.2802131257202961
    ],
    [
      0.09908036552845456,
      0.2775886479558196
    ],
    [
      0.1470449401601427,
      0.9895385873619624
    ],
    [
      0.8493558609512486,
      0.9895385873619624
    ],
    [
      0.8493558609512486,
      0.9448688441811115
    ],
    [
      0.8013912863195605,
      0.9895385873619624
    ],
    [
      0.8013912863195605,
      0.9448688441811115
    ],
    [
      0.222863203987136,
      0.9895385873619624
    ],
    [
      0.222863203987136,
      0.9448688441811115
    ],
    [
      0.222863203987136,
      0.7083942043906104
    ],
    [
      0.2708277786188241,
      0.9448688441811115
    ],
    [
      0.3168376443649845,
      0.9895385873619624
    ],
    [
      0.3168376443649845,
      0.9448688441811115
    ],
    [
      0.36480221899667264,
      0.9895385873619624
    ],
    [
      0.5923964638834557,
      0.9448688441811115
    ],
    [
      0.5116466838832019,
      0.9448688441811115
    ],
    [
      0.5116466838832019,
      0.7083942043906104
    ],
    [
      0.5116466838832019,
      0.6880525797259236
    ],
    [
      0.475563162392893,
      0.2802131257202961
    ],
    [
      0.5235277370245811,
      0.2802131257202961
    ],
    [
      0.5116466838832019,
      0.2802131257202961
    ],
    [
      0.5116466838832019,
      0.2775886479558196
    ]
  ]
}