{
  "config": {
    "noise_sigmas": [
      0.0,
      0.01,
      0.1,
      0.5
    ],
    "n_repeats": 30,
    "base_episodes": 50
  },
  "results_by_sigma": {
    "0.0": {
      "tau_per_run": [
        1.0,
        1.0,
        1.0,
        1.0,
        1.0,
        1.0,
        1.0,
        1.0,
        1.0,
        1.0,
        1.0,
        1.0,
        1.0,
        1.0,
        1.0,
        1.0,
        1.0,
        1.0,
        1.0,
        1.0,
        1.0,
        1.0,
        1.0,
        1.0,
        1.0,
        1.0,
        1.0,
        1.0,
        1.0,
        1.0
      ],
      "mean": 1.0,
      "ci_lower": 1.0,
      "ci_upper": 1.0
    },
    "0.01": {
      "tau_per_run": [
        -0.08333333333333333,
        -0.5,
        0.08333333333333331,
        0.16666666666666666,
        0.16666666666666666,
        -0.08333333333333333,
        -0.08333333333333334,
        -0.08333333333333333,
        2.7755575615628914e-17,
        -0.25,
        -0.25,
        0.08333333333333334,
        0.08333333333333334,
        -0.08333333333333334,
        0.0,
        0.16666666666666669,
        -0.08333333333333334,
        0.16666666666666669,
        -0.41666666666666663,
        -0.25,
        1.3877787807814457e-17,
        0.5,
        0.16666666666666669,
        -0.16666666666666666,
        0.4166666666666667,
        0.16666666666666669,
        0.0,
        -0.08333333333333331,
        0.0,
        -0.16666666666666663
      ],
      "mean": -0.013888888888888878,
      "ci_lower": -0.08888888888888888,
      "ci_upper": 0.06111111111111112
    },
    "0.1": {
      "tau_per_run": [
        -0.08333333333333333,
        -0.5,
        0.08333333333333331,
        0.16666666666666666,
        0.16666666666666666,
        -0.08333333333333333,
        -0.08333333333333334,
        -0.08333333333333333,
        2.7755575615628914e-17,
        -0.25,
        -0.25,
        0.08333333333333334,
        0.08333333333333334,
        -0.08333333333333334,
        0.0,
        0.16666666666666669,
        -0.08333333333333334,
        0.16666666666666669,
        -0.41666666666666663,
        -0.25,
        1.3877787807814457e-17,
        0.5,
        0.16666666666666669,
        -0.16666666666666666,
        0.4166666666666667,
        0.16666666666666669,
        0.0,
        -0.08333333333333331,
        0.0,
        -0.16666666666666663
      ],
      "mean": -0.013888888888888878,
      "ci_lower": -0.08888888888888888,
      "ci_upper": 0.06111111111111112
    },
    "0.5": {
      "tau_per_run": [
        -0.08333333333333333,
        -0.5,
        0.08333333333333331,
        0.16666666666666666,
        0.16666666666666666,
        -0.08333333333333333,
        -0.08333333333333334,
        -0.08333333333333333,
        2.7755575615628914e-17,
        -0.25,
        -0.25,
        0.08333333333333334,
        0.08333333333333334,
        -0.08333333333333334,
        0.0,
        0.16666666666666669,
        -0.08333333333333334,
        0.16666666666666669,
        -0.41666666666666663,
        -0.25,
        1.3877787807814457e-17,
        0.5,
        0.16666666666666669,
        -0.16666666666666666,
        0.4166666666666667,
        0.16666666666666669,
        0.0,
        -0.08333333333333331,
        0.0,
        -0.16666666666666663
      ],
      "mean": -0.013888888888888878,
      "ci_lower": -0.08888888888888888,
      "ci_upper": 0.06111111111111112
    }
  }
}