{
  "config": {
    "noise_sigmas": [
      0.0,
      1.0,
      10.0,
      50.0,
      100.0,
      200.0
    ],
    "n_repeats": 30,
    "base_episodes": 50
  },
  "results_by_sigma": {
    "0.0": {
      "tau_per_run": [
        1.0,
        1.0,
        1.0,
        1.0,
        1.0,
        1.0,
        1.0,
        1.0,
        1.0,
        1.0,
        1.0,
        1.0,
        1.0,
        1.0,
        1.0,
        1.0,
        1.0,
        1.0,
        1.0,
        1.0,
        1.0,
        1.0,
        1.0,
        1.0,
        1.0,
        1.0,
        1.0,
        1.0,
        1.0,
        1.0
      ],
      "mean": 1.0,
      "ci_lower": 1.0,
      "ci_upper": 1.0
    },
    "1.0": {
      "tau_per_run": [
        1.0,
        1.0,
        1.0,
        1.0,
        1.0,
        1.0,
        1.0,
        1.0,
        1.0,
        1.0,
        1.0,
        1.0,
        1.0,
        1.0,
        1.0,
        1.0,
        1.0,
        1.0,
        1.0,
        1.0,
        1.0,
        1.0,
        1.0,
        1.0,
        1.0,
        1.0,
        1.0,
        1.0,
        1.0,
        1.0
      ],
      "mean": 1.0,
      "ci_lower": 1.0,
      "ci_upper": 1.0
    },
    "10.0": {
      "tau_per_run": [
        1.0,
        1.0,
        0.9166666666666667,
        1.0,
        0.9166666666666667,
        0.9166666666666667,
        1.0,
        1.0,
        1.0,
        1.0,
        0.9166666666666667,
        0.9166666666666667,
        1.0,
        0.8333333333333334,
        0.8333333333333334,
        1.0,
        0.9166666666666667,
        1.0,
        1.0,
        1.0,
        0.9166666666666667,
        0.8333333333333334,
        0.8333333333333334,
        0.9166666666666667,
        0.8333333333333334,
        1.0,
        1.0,
        1.0,
        0.9166666666666667,
        0.9166666666666667
      ],
      "mean": 0.9444444444444445,
      "ci_lower": 0.9222222222222223,
      "ci_upper": 0.9666666666666667
    },
    "50.0": {
      "tau_per_run": [
        0.8333333333333334,
        0.8333333333333334,
        0.6666666666666667,
        0.6666666666666667,
        0.4166666666666667,
        0.9166666666666667,
        0.9166666666666667,
        0.6666666666666667,
        0.8333333333333334,
        0.8333333333333334,
        0.9166666666666667,
        0.5,
        0.8333333333333334,
        0.5833333333333334,
        0.75,
        0.75,
        0.6666666666666667,
        0.5833333333333334,
        0.75,
        0.6666666666666667,
        0.8333333333333334,
        0.5833333333333334,
        0.8333333333333334,
        0.75,
        0.75,
        0.8333333333333334,
        0.9166666666666667,
        0.75,
        0.6666666666666667,
        0.8333333333333334
      ],
      "mean": 0.7444444444444446,
      "ci_lower": 0.7,
      "ci_upper": 0.7888888888888889
    },
    "100.0": {
      "tau_per_run": [
        0.6666666666666667,
        0.5833333333333334,
        0.5833333333333333,
        0.5,
        0.4166666666666667,
        0.8333333333333334,
        0.5833333333333334,
        0.5833333333333333,
        0.8333333333333334,
        0.75,
        0.9166666666666667,
        0.3333333333333333,
        0.75,
        0.5,
        0.4166666666666667,
        0.75,
        0.5,
        0.33333333333333337,
        0.6666666666666667,
        0.5833333333333333,
        0.6666666666666667,
        0.4166666666666667,
        0.8333333333333334,
        0.75,
        0.5833333333333334,
        0.5833333333333334,
        0.8333333333333334,
        0.6666666666666667,
        0.5,
        0.6666666666666667
      ],
      "mean": 0.6194444444444446,
      "ci_lower": 0.5666666666666667,
      "ci_upper": 0.675
    },
    "200.0": {
      "tau_per_run": [
        0.5833333333333334,
        0.5833333333333334,
        0.33333333333333337,
        0.5,
        0.3333333333333333,
        0.75,
        0.5,
        0.5,
        0.8333333333333334,
        0.6666666666666667,
        0.8333333333333334,
        0.25,
        0.6666666666666667,
        0.33333333333333337,
        0.33333333333333337,
        0.5833333333333334,
        0.33333333333333337,
        0.25,
        0.33333333333333337,
        0.5,
        0.5833333333333334,
        0.4166666666666667,
        0.5,
        0.6666666666666667,
        0.33333333333333337,
        0.4166666666666667,
        0.6666666666666667,
        0.5833333333333334,
        0.5,
        0.5833333333333333
      ],
      "mean": 0.5083333333333334,
      "ci_lower": 0.4527777777777778,
      "ci_upper": 0.5666666666666667
    }
  }
}