noise_sigma,mean_tau,ci_lower,ci_upper
0.0,1.0,1.0,1.0
0.01,-0.013888888888888878,-0.08888888888888888,0.06111111111111112
0.1,-0.013888888888888878,-0.08888888888888888,0.06111111111111112
0.5,-0.013888888888888878,-0.08888888888888888,0.06111111111111112
