{
  "run_id": 13,
  "seed": 4013,
  "n_eval_seeds": 5,
  "pop_size": 50,
  "n_generations": 25,
  "elapsed_s": 21.120216131210327,
  "hof_fitness": [
    [
      -990.9835061799334,
      0.10657448958852686
    ],
    [
      -990.9835061799334,
      0.10657448958852686
    ],
    [
      -990.8428707860127,
      0.10657448958849358
    ],
    [
      -990.7422233132618,
      0.10657448958848312
    ],
    [
      -990.7422233132618,
      0.10657448958848312
    ],
    [
      -990.4575730016052,
      0.10657448958846813
    ],
    [
      -990.4575730016052,
      0.10657448958846813
    ],
    [
      -989.8899842899925,
      0.10651500083101406
    ],
    [
      -989.7494268778521,
      0.10651499812580065
    ],
    [
      -989.6488352273273,
      0.10651499618990903
    ],
    [
      -989.6304735105384,
      0.10651499583654903
    ],
    [
      -989.5814387573004,
      0.1065149948929162
    ],
    [
      -989.3643428529682,
      0.10651499071542705
    ],
    [
      -989.1010502535977,
      0.1065149856496935
    ],
    [
      -988.7607878390605,
      0.10651497910418775
    ],
    [
      -988.6783742840173,
      0.1065149775190096
    ],
    [
      -988.5732372079787,
      0.1065149754968664
    ],
    [
      -988.4963916289078,
      0.1065149740189509
    ],
    [
      -988.1603184157506,
      0.10651496755622362
    ],
    [
      -987.9329736293746,
      0.1065149631850582
    ],
    [
      -987.2978616420089,
      0.10651495097673917
    ],
    [
      -987.1080763544429,
      0.106514947329481
    ],
    [
      -986.5874970154822,
      0.10651493732710489
    ],
    [
      -985.0409943223397,
      0.10651490763011975
    ],
    [
      -984.8857957801562,
      0.1065149046513445
    ],
    [
      -984.8148701782833,
      0.10651490329011619
    ],
    [
      -984.7726773116883,
      0.10651490248037447
    ],
    [
      -984.6631709871851,
      0.10651490037887376
    ],
    [
      -984.4282936905726,
      0.10651489587185141
    ],
    [
      -984.3890758510028,
      0.10651489511936918
    ],
    [
      -984.2472356532213,
      0.10651489239797518
    ],
    [
      -983.9375803698255,
      0.10651488645757237
    ],
    [
      -983.1435426417677,
      0.10651487122962051
    ],
    [
      -982.6895322170624,
      0.10651486252576474
    ],
    [
      -982.0903440277091,
      0.10651485104213314
    ],
    [
      -982.0665405952417,
      0.10651485058601226
    ],
    [
      -981.8389567127746,
      0.10651484622537435
    ],
    [
      -981.5504572308288,
      0.10651484069838571
    ],
    [
      -981.5387746674802,
      0.10651484047458723
    ],
    [
      -981.1951132654151,
      0.10651483389203356
    ],
    [
      -981.189246027048,
      0.10651483377966844
    ],
    [
      -980.8250390164919,
      0.10651482680501909
    ],
    [
      -980.6082944364805,
      0.10651482265499065
    ],
    [
      -980.0837600559113,
      0.10651481261381421
    ]
  ],
  "hall_of_fame": [
    [
      0.0,
      1.0
    ],
    [
      1.0,
      1.0
    ],
    [
      0.0,
      0.985666588093742
    ],
    [
      0.0,
      0.9754087031902374
    ],
    [
      1.0,
      0.9754087031902374
    ],
    [
      1.0,
      0.9463974418541958
    ],
    [
      0.0,
      0.9463974418541958
    ],
    [
      0.9999966125989785,
      1.0
    ],
    [
      0.9999966125989785,
      0.985666588093742
    ],
    [
      0.9999966125989785,
      0.9754087031902374
    ],
    [
      0.9999966125989785,
      0.9735362576242823
    ],
    [
      0.9999966125989785,
      0.9685359131138046
    ],
    [
      0.9999966125989785,
      0.9463974418541958
    ],
    [
      0.9999966125989785,
      0.9195480306207868
    ],
    [
      0.9999966125989785,
      0.8848495673686045
    ],
    [
      0.9999966125989785,
      0.8764453938071506
    ],
    [
      0.9999966125989785,
      0.8657239739250642
    ],
    [
      0.9999966125989785,
      0.8578875965563599
    ],
    [
      0.9999966125989785,
      0.8236163064862688
    ],
    [
      0.9999966125989785,
      0.8004326629416676
    ],
    [
      0.9999966125989785,
      0.7356666426882444
    ],
    [
      0.9999966125989785,
      0.7163131370041047
    ],
    [
      0.9999966125989785,
      0.6632266236420017
    ],
    [
      0.9999966125989785,
      0.5055205358445429
    ],
    [
      0.9999966125989785,
      0.48969400133157215
    ],
    [
      0.9999966125989785,
      0.48246128759413487
    ],
    [
      0.9999966125989785,
      0.47815862484451654
    ],
    [
      0.9999966125989785,
      0.4669915991991702
    ],
    [
      0.9999966125989785,
      0.443039728724037
    ],
    [
      0.9999966125989785,
      0.4390404458158094
    ],
    [
      0.9999966125989785,
      0.42457613206362166
    ],
    [
      0.9999966125989785,
      0.3929986781633853
    ],
    [
      0.9999966125989785,
      0.31202571695059733
    ],
    [
      0.9999966125989785,
      0.2657274204001421
    ],
    [
      0.9999966125989785,
      0.20462439867722193
    ],
    [
      0.9999966125989785,
      0.20219701078066418
    ],
    [
      0.9999966125989785,
      0.17898882682297618
    ],
    [
      0.9999966125989785,
      0.14956868111120702
    ],
    [
      0.9999966125989785,
      0.14837733486861918
    ],
    [
      0.9999966125989785,
      0.11333196089482184
    ],
    [
      0.9999966125989785,
      0.11273364056627866
    ],
    [
      0.9999966125989785,
      0.07559308315781624
    ],
    [
      0.9999966125989785,
      0.05349022159113814
    ],
    [
      0.9999966125989785,
      0.0
    ]
  ],
  "logbook": [
    {
      "gen": 0,
      "nevals": 50,
      "avg": [
        -795.5961781013441,
        0.12605304775556492
      ],
      "min": [
        -981.189246027048,
        0.10651483377966844
      ],
      "max": [
        -773.1008975140616,
        0.14743702239438886
      ]
    },
    {
      "gen": 1,
      "nevals": 50,
      "avg": [
        -809.754438886868,
        0.1322900223845734
      ],
      "min": [
        -981.189246027048,
        0.10651483377966844
      ],
      "max": [
        -772.9487969320633,
        0.14743702239438886
      ]
    },
    {
      "gen": 2,
      "nevals": 50,
      "avg": [
        -815.3619786072386,
        0.13055517147244994
      ],
      "min": [
        -981.189246027048,
        0.10651483377966844
      ],
      "max": [
        -772.9487969320633,
        0.14738059358395605
      ]
    },
    {
      "gen": 3,
      "nevals": 50,
      "avg": [
        -846.7774817600933,
        0.12725047062435774
      ],
      "min": [
        -990.6747894359603,
        0.10651482265499065
      ],
      "max": [
        -772.9487969320633,
        0.14734135630933823
      ]
    },
    {
      "gen": 4,
      "nevals": 50,
      "avg": [
        -888.7600558301285,
        0.12076985866011664
      ],
      "min": [
        -990.6747894359603,
        0.10651482265499065
      ],
      "max": [
        -772.9487969320633,
        0.14734135630933823
      ]
    },
    {
      "gen": 5,
      "nevals": 50,
      "avg": [
        -975.9107801623246,
        0.10741606765817202
      ],
      "min": [
        -990.6747894359603,
        0.10651482265499065
      ],
      "max": [
        -772.9487969320633,
        0.12718844220710546
      ]
    },
    {
      "gen": 6,
      "nevals": 50,
      "avg": [
        -984.1926445611382,
        0.1065172703361441
      ],
      "min": [
        -990.9835061799334,
        0.10651482265499065
      ],
      "max": [
        -980.6082944364805,
        0.10657448958852686
      ]
    },
    {
      "gen": 7,
      "nevals": 50,
      "avg": [
        -984.7377434832247,
        0.10651728079752396
      ],
      "min": [
        -990.9835061799334,
        0.10651482265499065
      ],