{
  "run_id": 0,
  "seed": 4000,
  "n_eval_seeds": 5,
  "pop_size": 5,
  "n_generations": 2,
  "elapsed_s": 0.3132143020629883,
  "hof_fitness": [
    [
      -822.3450809077156,
      0.1409418386891512
    ],
    [
      -819.2846325028626,
      0.14092466963445655
    ],
    [
      -816.0019617376191,
      0.14090626143653526
    ],
    [
      -779.147941537162,
      0.11875181813421334
    ],
    [
      -776.2641981463952,
      0.11873192416202624
    ],
    [
      -776.2460714322282,
      0.11872157871247482
    ],
    [
      -774.0325058433584,
      0.11870870711268107
    ],
    [
      -773.249305818454,
      0.11870056769759027
    ],
    [
      -773.1515711647243,
      0.1186995522980967
    ]
  ],
  "hall_of_fame": [
    [
      0.9521119251569192,
      0.7791584971023509
    ],
    [
      0.9521119251569192,
      0.40992078615227334
    ],
    [
      0.9521119251569192,
      0.013813721708522575
    ],
    [
      0.5701566947197156,
      0.7791584971023509
    ],
    [
      0.4286112568017638,
      0.40992078615227334
    ],
    [
      0.5701566947197156,
      0.40992078615227334
    ],
    [
      0.4286112568017638,
      0.12592626472895785
    ],
    [
      0.4286112568017638,
      0.026252216728630318
    ],
    [
      0.4286112568017638,
      0.013813721708522575
    ]
  ],
  "logbook": [
    {
      "gen": 0,
      "nevals": 5,
      "avg": [
        -784.7680631023621,
        0.12374061433711539
      ],
      "min": [
        -819.2846325028626,
        0.1186995522980967
      ],
      "max": [
        -773.1515711647243,
        0.14092466963445655
      ]
    },
    {
      "gen": 1,
      "nevals": 5,
      "avg": [
        -784.3761698389005,
        0.1231633342682948
      ],
      "min": [
        -819.2846325028626,
        0.1186995522980967
      ],
      "max": [
        -773.1515711647243,
        0.14092466963445655
      ]
    },
    {
      "gen": 2,
      "nevals": 5,
      "avg": [
        -792.759625302389,
        0.12759980457121864
      ],
      "min": [
        -822.3450809077156,
        0.1186995522980967
      ],
      "max": [
        -773.1515711647243,
        0.1409418386891512
      ]
    }
  ]
}