{
  "run_id": 27,
  "seed": 4027,
  "n_eval_seeds": 5,
  "pop_size": 50,
  "n_generations": 25,
  "elapsed_s": 19.560103178024292,
  "hof_fitness": [
    [
      -990.9835061799334,
      0.10657448958852686
    ],
    [
      -990.826623304303,
      0.10657448958852518
    ],
    [
      -990.6562000408085,
      0.10657448958848208
    ],
    [
      -988.9133880928468,
      0.10649725953223246
    ],
    [
      -988.8572658840042,
      0.1064972594427575
    ],
    [
      -988.7566727485716,
      0.10649725928267958
    ],
    [
      -988.6541801465999,
      0.10649725911995192
    ],
    [
      -988.6032386527675,
      0.10649725903921572
    ],
    [
      -988.5864315344112,
      0.10649725901259066
    ],
    [
      -987.9817453432286,
      0.10649725806145358
    ],
    [
      -986.0853462933635,
      0.1064972551619449
    ],
    [
      -984.2759980366975,
      0.10649725251343481
    ],
    [
      -983.1573716521664,
      0.10649725093357025
    ],
    [
      -982.917813091681,
      0.10649725060095379
    ],
    [
      -982.4845122350547,
      0.10649725000445043
    ],
    [
      -980.895189361202,
      0.1064972478730372
    ]
  ],
  "hall_of_fame": [
    [
      1.0,
      1.0
    ],
    [
      1.0,
      0.9840106617924007
    ],
    [
      1.0,
      0.9666413014486188
    ],
    [
      0.9999934712628997,
      1.0
    ],
    [
      0.9999934712628997,
      0.9942739692315012
    ],
    [
      0.9999934712628997,
      0.9840106617924007
    ],
    [
      0.9999934712628997,
      0.973553553517284
    ],
    [
      0.9999934712628997,
      0.9683560973846512
    ],
    [
      0.9999934712628997,
      0.9666413014486188
    ],
    [
      0.9999934712628997,
      0.9049463648745187
    ],
    [
      0.9999934712628997,
      0.7114600101996893
    ],
    [
      0.9999934712628997,
      0.526854579792628
    ],
    [
      0.9999934712628997,
      0.4127222450006377
    ],
    [
      0.9999934712628997,
      0.3882802889980086
    ],
    [
      0.9999934712628997,
      0.3440709401656586
    ],
    [
      0.9999934712628997,
      0.18191322068665342
    ]
  ],
  "logbook": [
    {
      "gen": 0,
      "nevals": 50,
      "avg": [
        -792.8656191013895,
        0.1267407473199382
      ],
      "min": [
        -887.7386224866952,
        0.11841058076486802
      ],
      "max": [
        -773.0029097308848,
        0.14532371621650922
      ]
    },
    {
      "gen": 1,
      "nevals": 50,
      "avg": [
        -802.7672727834403,
        0.12856777532637875
      ],
      "min": [
        -986.2122811859186,
        0.10657448958850405
      ],
      "max": [
        -773.0029097308848,
        0.1434227975595169
      ]
    },
    {
      "gen": 2,
      "nevals": 50,
      "avg": [
        -810.110103644649,
        0.12740056876728878
      ],
      "min": [
        -990.6562000408085,
        0.10657448958848208
      ],
      "max": [
        -773.0029097308848,
        0.14339883335765674
      ]
    },
    {
      "gen": 3,
      "nevals": 50,
      "avg": [
        -820.5844318441864,
        0.1271238223051529
      ],
      "min": [
        -990.6562000408085,
        0.10657448958848208
      ],
      "max": [
        -773.0029097308848,
        0.14339883335765674
      ]
    },
    {
      "gen": 4,
      "nevals": 50,
      "avg": [
        -828.4247070589288,
        0.12621597607916393
      ],
      "min": [
        -990.6562000408085,
        0.10657448958848208
      ],
      "max": [
        -773.0029097308848,
        0.14339883335765674
      ]
    },
    {
      "gen": 5,
      "nevals": 50,
      "avg": [
        -851.3123492249507,
        0.12429825028905311
      ],
      "min": [
        -990.6730251347566,
        0.10657448958848208
      ],
      "max": [
        -773.0029097308848,
        0.14339805779062392
      ]
    },
    {
      "gen": 6,
      "nevals": 50,
      "avg": [
        -896.6880473289067,
        0.1188477370749827
      ],
      "min": [
        -990.6730251347566,
        0.10657448958846483
      ],
      "max": [
        -773.0029097308848,
        0.14339805779062392
      ]
    },
    {
      "gen": 7,
      "nevals": 50,
      "avg": [
        -984.5736583144738,
        0.10681121141205382
      ],
      "min": [
        -990.6730251347566,
        0.10657448958846483
      ],
      "max": [
        -773.0029097308848,
        0.11841058076486802
      ]
    },
    {
      "gen": 8,
      "nevals": 50,
      "avg": [
        -989.6496044661678,
        0.10657294480875339
      ],
      "min": [
        -990.6730251347566,
        0.10649725060095379
      ],
      "max": [
        -982.917813091681,
        0.10657448958857882
      ]
    },
    {
      "gen": 9,
      "nevals": 50,
      "avg": [
        -990.3122200664797,
        0.10657140012020663
      ],
      "min": [
        -990.6730251347566,
        0.10649725060095379
      ],
      "max": [
        -982.917813091681,
        0.1065744895885253
      ]
    },
    {
      "gen": 10,
      "nevals": 50,
      "avg": [
        -990.3743403886916,
        0.10656985550869756
      ],
      "min": [
        -990.6730251347566,
        0.10649725060095379
      ],
      "max": [
        -982.917813091681,
        0.1065744895885253
      ]
    },
    {
      "gen": 11,
      "nevals": 50,
      "avg": [
        -990.3003076620164,
        0.10656676628782828
      ],
      "min": [
        -990.6730251347566,
        0.10649725060095379
      ],
      "max": [
        -982.917813091681,
        0.1065744895885253
      ]
    },
    {
      "gen": 12,
      "nevals": 50,
      "avg": [
        -990.0699675902946,
        0.10656213228610797
      ],
      "min": [
        -990.9835061799334,
        0.10649725060095379
      ],
      "max": [
        -982.917813091681,
        0.10657448958852686
      ]
    },
    {
      "gen": 13,
      "nevals": 50,
      "avg": [
        -989.7900022161235,
        0.10655595365492151
      ],
      "min": [
        -990.9835061799334,
        0.10649725060095379
      ],
      "max": [
        -982.917813091681,
        0.10657448958852686
      ]
    },
    {
      "gen": 14,
      "nevals": 50,
      "avg": [
        -989.6065128230822,
        0.10654823062025665
      ],
      "min": [
        -990.9835061799334,
        0.10649725060095379
      ],
      "max": [
        -982.917813091681,
        0.10657448958852686
      ]
    },
    {
      "gen": 15,
      "nevals": 50,
      "avg": [
        -989.3518296486734,
        0.10654668565995042
      ],
      "min": [
        -990.9835061799334,
        0.10649725000445043
      ],
      "max": [
        -982.4845122350547,
        0.10657448958852686
      ]
    },
    {
      "gen": 16,
      "nevals": 50,
      "avg": [
        -989.6301601817131,
        0.10654514141608731
      ],
      "min": [
        -990.9835061799334,
        0.10649725000445043
      ],
      "max": [
        -982.4845122350547,
        0.10657448958852686
      ]
    },
    {
      "gen": 17,
      "nevals": 50,
      "avg": [
        -989.8699026043337,
        0.10655286442172134
      ],
      "min": [
        -990.9835061799334,
        0.10649725000445043
      ],
      "max": [
        -982.4845122350547,
        0.10657448958852686
      ]
    },
    {
      "gen": 18,
      "nevals": 50,
      "avg": [
        -989.8895635915038,
        0.1065528644217214
      ],
      "min": [
        -990.9835061799334,
        0.10649725000445043
      ],
      "max": [
        -982.4845122350547,
        0.10657448958852686
      ]
    },
    {
      "gen": 19,
      "nevals": 50,
      "avg": [
        -989.8450269228765,
        0.10655131981560448
      ],
      "min": [
        -990.9835061799334,
        0.10649725000445043
      ],
      "max": [
        -982.4845122350547,
        0.10657448958852686
      ]
    },
    {
      "gen": 20,
      "nevals": 50,