{
  "run_id": 21,
  "seed": 4021,
  "n_eval_seeds": 5,
  "pop_size": 50,
  "n_generations": 25,
  "elapsed_s": 19.715699195861816,
  "hof_fitness": [
    [
      -990.9835061799334,
      0.10657448958852686
    ],
    [
      -990.9835061799334,
      0.10657448958852686
    ],
    [
      -990.9702214293123,
      0.1065744895885213
    ],
    [
      -990.9702214293123,
      0.1065744895885213
    ],
    [
      -990.9643444004411,
      0.10657448958850486
    ],
    [
      -990.9643444004411,
      0.10657448958850486
    ],
    [
      -990.6566039359989,
      0.10657448958848251
    ],
    [
      -990.6566039359989,
      0.10657448958848251
    ],
    [
      -990.3856625354294,
      0.10657448958847413
    ],
    [
      -990.3856625354294,
      0.10657448958847413
    ],
    [
      -985.026048637711,
      0.1065744895884676
    ],
    [
      -985.026048637711,
      0.1065744895884676
    ]
  ],
  "hall_of_fame": [
    [
      1.0,
      1.0
    ],
    [
      0.0,
      1.0
    ],
    [
      1.0,
      0.998646032144537
    ],
    [
      0.0,
      0.998646032144537
    ],
    [
      0.0,
      0.9980470515231733
    ],
    [
      1.0,
      0.9980470515231733
    ],
    [
      0.0,
      0.9666824660231075
    ],
    [
      1.0,
      0.9666824660231075
    ],
    [
      0.0,
      0.9390684025326658
    ],
    [
      1.0,
      0.9390684025326658
    ],
    [
      0.0,
      0.3928221731113365
    ],
    [
      1.0,
      0.3928221731113365
    ]
  ],
  "logbook": [
    {
      "gen": 0,
      "nevals": 50,
      "avg": [
        -792.9220106828391,
        0.126516258343376
      ],
      "min": [
        -849.4735083049829,
        0.11846703190984105
      ],
      "max": [
        -774.7766976754679,
        0.1472762609104179
      ]
    },
    {
      "gen": 1,
      "nevals": 50,
      "avg": [
        -801.6190241122766,
        0.1295371976916602
      ],
      "min": [
        -860.164596962238,
        0.11846499574166322
      ],
      "max": [
        -774.7766976754679,
        0.14752252379569739
      ]
    },
    {
      "gen": 2,
      "nevals": 50,
      "avg": [
        -809.275630778598,
        0.1330057124617331
      ],
      "min": [
        -861.1562912480586,
        0.11846499574166322
      ],
      "max": [
        -776.9788739065588,
        0.1475223104283055
      ]
    },
    {
      "gen": 3,
      "nevals": 50,
      "avg": [
        -809.5450365117684,
        0.13330321726267164
      ],
      "min": [
        -861.1562912480586,
        0.11846499574166322
      ],
      "max": [
        -776.9788739065588,
        0.1475223104283055
      ]
    },
    {
      "gen": 4,
      "nevals": 50,
      "avg": [
        -810.1912026117107,
        0.13351336355345036
      ],
      "min": [
        -863.5532297232064,
        0.11846499574166322
      ],
      "max": [
        -776.9788739065588,
        0.14752178675722477
      ]
    },
    {
      "gen": 5,
      "nevals": 50,
      "avg": [
        -812.9069848687683,
        0.13234065330637793
      ],
      "min": [
        -990.5486816121171,
        0.10657448958853924
      ],
      "max": [
        -776.9788739065588,
        0.14752178675722477
      ]
    },
    {
      "gen": 6,
      "nevals": 50,
      "avg": [
        -832.0233259655449,
        0.13022281291018076
      ],
      "min": [
        -990.9643444004411,
        0.10657448958849455
      ],
      "max": [
        -776.9788739065588,
        0.14752169969264775
      ]
    },
    {
      "gen": 7,
      "nevals": 50,
      "avg": [
        -865.0378321758337,
        0.12583220583122762
      ],
      "min": [
        -990.9643444004411,
        0.1065744895884676
      ],
      "max": [
        -776.9788739065588,
        0.14752169969264775
      ]
    },
    {
      "gen": 8,
      "nevals": 50,
      "avg": [
        -899.0660399232745,
        0.12195936975001878
      ],
      "min": [
        -990.9835061799334,
        0.1065744895884676
      ],
      "max": [
        -773.2595691471678,
        0.14752169969264775
      ]
    },
    {
      "gen": 9,
      "nevals": 50,
      "avg": [
        -968.1949392373156,
        0.10980244446051404
      ],
      "min": [
        -990.9835061799334,
        0.1065744895884676
      ],
      "max": [
        -773.2595691471678,
        0.14752152484620987
      ]
    },
    {
      "gen": 10,
      "nevals": 50,
      "avg": [
        -989.2562351036372,
        0.10657448958852056
      ],
      "min": [
        -990.9835061799334,
        0.1065744895884676
      ],
      "max": [
        -982.0536738987576,
        0.10657448958853924
      ]
    },
    {
      "gen": 11,
      "nevals": 50,
      "avg": [
        -988.1876238992394,
        0.10657448958850388
      ],
      "min": [
        -990.9835061799334,
        0.1065744895884676
      ],
      "max": [
        -982.0536738987576,
        0.10657448958853924
      ]
    },
    {
      "gen": 12,
      "nevals": 50,
      "avg": [
        -988.7026970358645,
        0.1065744895884887
      ],
      "min": [
        -990.9835061799334,
        0.1065744895884676
      ],
      "max": [
        -985.026048637711,
        0.10657448958852686
      ]
    },
    {
      "gen": 13,
      "nevals": 50,
      "avg": [
        -986.9074891392495,
        0.10657448958848359
      ],
      "min": [
        -990.9835061799334,
        0.1065744895884676
      ],
      "max": [
        -985.026048637711,
        0.10657448958852686
      ]
    },
    {
      "gen": 14,
      "nevals": 50,
      "avg": [
        -985.9540302374814,
        0.10657448958847397
      ],
      "min": [
        -990.9835061799334,
        0.1065744895884676
      ],
      "max": [
        -985.026048637711,
        0.10657448958852686
      ]
    },
    {
      "gen": 15,
      "nevals": 50,
      "avg": [
        -985.9540302374814,
        0.10657448958847397
      ],
      "min": [
        -990.9835061799334,
        0.1065744895884676
      ],
      "max": [
        -985.026048637711,
        0.10657448958852686
      ]
    },
    {
      "gen": 16,
      "nevals": 50,
      "avg": [
        -985.9540302374814,
        0.10657448958847397
      ],
      "min": [
        -990.9835061799334,
        0.1065744895884676
      ],
      "max": [
        -985.026048637711,
        0.10657448958852686
      ]
    },
    {
      "gen": 17,
      "nevals": 50,
      "avg": [
        -985.9540302374814,
        0.10657448958847397
      ],
      "min": [
        -990.9835061799334,
        0.1065744895884676
      ],
      "max": [
        -985.026048637711,
        0.10657448958852686
      ]
    },
    {
      "gen": 18,
      "nevals": 50,
      "avg": [
        -985.9540302374814,
        0.10657448958847397
      ],
      "min": [
        -990.9835061799334,
        0.1065744895884676
      ],
      "max": [
        -985.026048637711,
        0.10657448958852686
      ]
    },
    {
      "gen": 19,
      "nevals": 50,
      "avg": [
        -985.9540302374814,
        0.10657448958847397
      ],
      "min": [
        -990.9835061799334,
        0.1065744895884676
      ],
      "max": [
        -985.026048637711,
        0.10657448958852686
      ]
    },
    {
      "gen": 20,
      "nevals": 50,
      "avg": [
        -985.9540302374814,
        0.10657448958847397
      ],
      "min": [
        -990.9835061799334,
        0.1065744895884676
      ],
      "max": [
        -985.026048637711,
        0.10657448958852686
      ]
    },
    {
      "gen": 21,
      "nevals": 50,
      "avg": [
        -985.9540302374814,
        0.10657448958847397
      ],
      "min": [
        -990.9835061799334,
        0.1065744895884676
      ],
      "max": [
        -985.026048637711,
        0.10657448958852686
      ]
    },
    {
      "gen": 22,
      "nevals": 50,
      "avg": [
        -985.9540302374814,
        0.10657448958847397
      ],