{
  "run_id": 1,
  "seed": 4001,
  "n_eval_seeds": 5,
  "pop_size": 5,
  "n_generations": 2,
  "elapsed_s": 0.3267979621887207,
  "hof_fitness": [
    [
      -805.3597282035582,
      0.1341226470460373
    ],
    [
      -801.4498002421839,
      0.13211072191456702
    ],
    [
      -801.4284508378258,
      0.1321105348227587
    ],
    [
      -798.1830038610017,
      0.1320821089053196
    ],
    [
      -785.4084816540422,
      0.1226947178505255
    ],
    [
      -784.9678054514142,
      0.12269010119032198
    ],
    [
      -781.7881183821637,
      0.12265682189213871
    ],
    [
      -780.0123639784509,
      0.1195142255789784
    ],
    [
      -778.2045222608715,
      0.11847987254743816
    ],
    [
      -777.7885655348119,
      0.11847554869905233
    ],
    [
      -777.7678381747121,
      0.11847533327240531
    ],
    [
      -774.6169582620149,
      0.11844262169283386
    ]
  ],
  "hall_of_fame": [
    [
      0.9061463628364897,
      0.6634245049898773
    ],
    [
      0.8884433653104413,
      0.6660633823217308
    ],
    [
      0.8884433653104413,
      0.6634245049898773
    ],
    [
      0.8884433653104413,
      0.26224133821488826
    ],
    [
      0.25170390909788776,
      0.719019781686795
    ],
    [
      0.25170390909788776,
      0.6634245049898773
    ],
    [
      0.25170390909788776,
      0.26224133821488826
    ],
    [
      0.36802467950954876,
      0.719019781686795
    ],
    [
      0.48094655560990407,
      0.719019781686795
    ],
    [
      0.48094655560990407,
      0.6660633823217308
    ],
    [
      0.48094655560990407,
      0.6634245049898773
    ],
    [
      0.48094655560990407,
      0.26224133821488826
    ]
  ],
  "logbook": [
    {
      "gen": 0,
      "nevals": 5,
      "avg": [
        -783.8155680843945,
        0.12256316768333393
      ],
      "min": [
        -801.4498002421839,
        0.11847533327240531
      ],
      "max": [
        -777.0493289257931,
        0.13211072191456702
      ]
    },
    {
      "gen": 1,
      "nevals": 5,
      "avg": [
        -788.5832109949035,
        0.12497456437193269
      ],
      "min": [
        -801.4498002421839,
        0.11844262169283386
      ],
      "max": [
        -774.6169582620149,
        0.13211072191456702
      ]
    },
    {
      "gen": 2,
      "nevals": 5,
      "avg": [
        -787.6370260485264,
        0.12515694343751002
      ],
      "min": [
        -805.3597282035582,
        0.11844262169283386
      ],
      "max": [
        -774.6169582620149,
        0.1341226470460373
      ]
    }
  ]
}