{
  "run_id": 14,
  "seed": 4014,
  "n_eval_seeds": 5,
  "pop_size": 50,
  "n_generations": 25,
  "elapsed_s": 27.092879056930542,
  "hof_fitness": [
    [
      -990.9835061799334,
      0.10657448958852686
    ],
    [
      -990.9835061799334,
      0.10657448958852686
    ],
    [
      -990.4615963425873,
      0.1065744895885021
    ],
    [
      -990.4615963425873,
      0.1065744895885021
    ],
    [
      -990.3397076622266,
      0.10657448958848595
    ],
    [
      -990.3397076622266,
      0.10657448958848595
    ],
    [
      -988.2125212454027,
      0.10657448958847929
    ],
    [
      -985.4082510988783,
      0.10657448958846749
    ],
    [
      -985.4082510988783,
      0.10657448958846749
    ],
    [
      -985.3593457543977,
      0.10657448958845972
    ],
    [
      -985.3593457543977,
      0.10657448958845972
    ]
  ],
  "hall_of_fame": [
    [
      1.0,
      1.0
    ],
    [
      0.0,
      1.0
    ],
    [
      1.0,
      0.946807496549294
    ],
    [
      0.0,
      0.946807496549294
    ],
    [
      1.0,
      0.9343847300352501
    ],
    [
      0.0,
      0.9343847300352501
    ],
    [
      0.0,
      0.7175841205805629
    ],
    [
      0.0,
      0.4317758472513078
    ],
    [
      1.0,
      0.4317758472513078
    ],
    [
      0.0,
      0.4267914658143346
    ],
    [
      1.0,
      0.4267914658143346
    ]
  ],
  "logbook": [
    {
      "gen": 0,
      "nevals": 50,
      "avg": [
        -796.0949764056428,
        0.12738149324679898
      ],
      "min": [
        -904.8678254226868,
        0.1184274123965858
      ],
      "max": [
        -773.7396767820884,
        0.1451466275026377
      ]
    },
    {
      "gen": 1,
      "nevals": 50,
      "avg": [
        -796.0710745208884,
        0.1271560682244242
      ],
      "min": [
        -904.8678254226868,
        0.1184274123965858
      ],
      "max": [
        -773.7396767820884,
        0.1437342789485136
      ]
    },
    {
      "gen": 2,
      "nevals": 50,
      "avg": [
        -793.9153271629433,
        0.12619628241124364
      ],
      "min": [
        -904.8678254226868,
        0.1184274123965858
      ],
      "max": [
        -774.9707035871136,
        0.13858107987705268
      ]
    },
    {
      "gen": 3,
      "nevals": 50,
      "avg": [
        -795.1033562229536,
        0.12686270066175392
      ],
      "min": [
        -910.2498666072055,
        0.1184274123965858
      ],
      "max": [
        -774.9707035871136,
        0.1385548170828768
      ]
    },
    {
      "gen": 4,
      "nevals": 50,
      "avg": [
        -802.7471341270902,
        0.12733394814500984
      ],
      "min": [
        -988.0405996722391,
        0.10657448958850597
      ],
      "max": [
        -774.9707035871136,
        0.1385548170828768
      ]
    },
    {
      "gen": 5,
      "nevals": 50,
      "avg": [
        -813.4829413927862,
        0.12551580872684875
      ],
      "min": [
        -988.6837087882981,
        0.10657448958850597
      ],
      "max": [
        -774.9707035871136,
        0.1385548170828768
      ]
    },
    {
      "gen": 6,
      "nevals": 50,
      "avg": [
        -833.9920680116251,
        0.12410145703210228
      ],
      "min": [
        -989.9326901061295,
        0.10657448958846749
      ],
      "max": [
        -774.9707035871136,
        0.1385548170828768
      ]
    },
    {
      "gen": 7,
      "nevals": 50,
      "avg": [
        -865.1677333172863,
        0.12094994616285591
      ],
      "min": [
        -990.3397076622266,
        0.10657448958846749
      ],
      "max": [
        -774.9707035871136,
        0.13855412049893356
      ]
    },
    {
      "gen": 8,
      "nevals": 50,
      "avg": [
        -943.0810500745024,
        0.11276394391915932
      ],
      "min": [
        -990.3397076622266,
        0.10657448958846749
      ],
      "max": [
        -774.9707035871136,
        0.13855412049893356
      ]
    },
    {
      "gen": 9,
      "nevals": 50,
      "avg": [
        -989.2155770976268,
        0.1065744895885069
      ],
      "min": [
        -990.9835061799334,
        0.10657448958846749
      ],
      "max": [
        -984.2291397964229,
        0.1065744895885619
      ]
    },
    {
      "gen": 10,
      "nevals": 50,
      "avg": [
        -989.8285657823905,
        0.1065744895884969
      ],
      "min": [
        -990.9835061799334,
        0.10657448958846749
      ],
      "max": [
        -985.4082510988783,
        0.1065744895885619
      ]
    },
    {
      "gen": 11,
      "nevals": 50,
      "avg": [
        -989.9709430778677,
        0.1065744895884862
      ],
      "min": [
        -990.9835061799334,
        0.10657448958846749
      ],
      "max": [
        -985.4082510988783,
        0.10657448958852686
      ]
    },
    {
      "gen": 12,
      "nevals": 50,
      "avg": [
        -989.589302523154,
        0.10657448958848555
      ],
      "min": [
        -990.9835061799334,
        0.10657448958846749
      ],
      "max": [
        -985.4082510988783,
        0.10657448958852686
      ]
    },
    {
      "gen": 13,
      "nevals": 50,
      "avg": [
        -988.6955807765702,
        0.1065744895884879
      ],
      "min": [
        -990.9835061799334,
        0.10657448958846749
      ],
      "max": [
        -985.4082510988783,
        0.10657448958852686
      ]
    },
    {
      "gen": 14,
      "nevals": 50,
      "avg": [
        -987.2572094922344,
        0.10657448958848521
      ],
      "min": [
        -990.9835061799334,
        0.10657448958846749
      ],
      "max": [
        -985.4082510988783,
        0.10657448958852686
      ]
    },
    {
      "gen": 15,
      "nevals": 50,
      "avg": [
        -986.0306533744033,
        0.10657448958847211
      ],
      "min": [
        -990.9835061799334,
        0.10657448958846749
      ],
      "max": [
        -985.4082510988783,
        0.10657448958852686
      ]
    },
    {
      "gen": 16,
      "nevals": 50,
      "avg": [
        -986.0645949655772,
        0.10657448958847242
      ],
      "min": [
        -990.9835061799334,
        0.10657448958846749
      ],
      "max": [
        -985.4082510988783,
        0.10657448958852686
      ]
    },
    {
      "gen": 17,
      "nevals": 50,
      "avg": [
        -986.0867387773338,
        0.10657448958847236
      ],
      "min": [
        -990.9835061799334,
        0.10657448958846749
      ],
      "max": [
        -985.4082510988783,
        0.10657448958852686
      ]
    },
    {
      "gen": 18,
      "nevals": 50,
      "avg": [
        -986.0867387773338,
        0.10657448958847236
      ],
      "min": [
        -990.9835061799334,
        0.10657448958846749
      ],
      "max": [
        -985.4082510988783,
        0.10657448958852686
      ]
    },
    {
      "gen": 19,
      "nevals": 50,
      "avg": [
        -986.0867387773338,
        0.10657448958847236
      ],
      "min": [
        -990.9835061799334,
        0.10657448958846749
      ],
      "max": [
        -985.4082510988783,
        0.10657448958852686
      ]
    },
    {
      "gen": 20,
      "nevals": 50,
      "avg": [
        -986.1418460733746,
        0.10657448958847243
      ],
      "min": [
        -990.9835061799334,
        0.10657448958845972
      ],
      "max": [
        -985.3593457543977,
        0.10657448958852686
      ]
    },
    {
      "gen": 21,
      "nevals": 50,
      "avg": [
        -986.3510021993732,
        0.10657448958847385
      ],
      "min": [
        -990.9835061799334,
        0.10657448958845972
      ],
      "max": [
        -985.3593457543977,
        0.10657448958852686
      ]
    },
    {
      "gen": 22,
      "nevals": 50,
      "avg": [
        -987.091931892769,
        0.10657448958847952
      ],
      "min": [
        -990.9835061799334,
        0.10657448958845972
      ],