{
  "run_id": 1,
  "seed": 57501,
  "pop": 50,
  "ngen": 5,
  "steps": 150,
  "base_seed": 7000,
  "elapsed_s": 2.19563889503479,
  "hof_fitness": [
    [
      -984.5460737414717,
      0.12318279764617326
    ],
    [
      -983.987988042631,
      0.12318279764614873
    ],
    [
      -983.987988042631,
      0.12318279764614873
    ],
    [
      -980.1216730413953,
      0.12318279764614784
    ],
    [
      -980.1216730413953,
      0.12318279764614784
    ]
  ],
  "hall_of_fame": [
    [
      0.0,
      0.9898859782322003
    ],
    [
      0.0,
      0.9326402965973477
    ],
    [
      1.0,
      0.9326402965973477
    ],
    [
      1.0,
      0.5360527507784326
    ],
    [
      0.0,
      0.5360527507784326
    ]
  ]
}