{
  "run_id": 6,
  "seed": 57506,
  "pop": 50,
  "ngen": 5,
  "steps": 150,
  "base_seed": 7000,
  "elapsed_s": 2.0466949939727783,
  "hof_fitness": [
    [
      -980.3784623655662,
      0.12318279764614612
    ]
  ],
  "hall_of_fame": [
    [
      1.0,
      0.5623929346053811
    ]
  ]
}