{
  "run_id": 12,
  "seed": 57512,
  "pop": 50,
  "ngen": 5,
  "steps": 150,
  "base_seed": 7000,
  "elapsed_s": 2.1121459007263184,
  "hof_fitness": [
    [
      -980.3264715171792,
      0.12318279764614144
    ]
  ],
  "hall_of_fame": [
    [
      1.0,
      0.5570599695054576
    ]
  ]
}