{
  "run_id": 19,
  "seed": 57519,
  "pop": 50,
  "ngen": 5,
  "steps": 150,
  "base_seed": 7000,
  "elapsed_s": 2.055797815322876,
  "hof_fitness": [
    [
      -884.1807941482788,
      0.1481088400895008
    ],
    [
      -834.0707165952242,
      0.1477112718603215
    ],
    [
      -834.0416530895882,
      0.14771115707069843
    ],
    [
      -833.0659771500556,
      0.1477073030579323
    ],
    [
      -832.9951651759582,
      0.1477070233084346
    ],
    [
      -832.6561873191698,
      0.1477056840775289
    ],
    [
      -832.4176435694404,
      0.14770474157506389
    ],
    [
      -832.3799003543878,
      0.1477045924440946
    ],
    [
      -831.7191183366622,
      0.1477019813424893
    ],
    [
      -831.1795370746374,
      0.14769984886112694
    ],
    [
      -830.7934018996527,
      0.1476983226447078
    ],
    [
      -828.1846422864422,
      0.14768800770410032
    ],
    [
      -827.7615157728335,
      0.14768633407135726
    ],
    [
      -827.2108239429056,
      0.14768415561494222
    ],
    [
      -827.1806988904136,
      0.14768403643640726
    ],
    [
      -820.2070446530103,
      0.14454832807268322
    ],
    [
      -820.130263038636,
      0.14454786164019115
    ],
    [
      -820.0258813643775,
      0.14454722754618707
    ],
    [
      -819.1489663667952,
      0.14454190063917632
    ],
    [
      -818.543697573189,
      0.14453822402490255
    ],
    [
      -817.8936515684226,
      0.14453427555607734
    ],
    [
      -817.8542502337209,
      0.14453403623155564
    ],
    [
      -815.4225646897777,
      0.1445192671470936
    ],
    [
      -815.3231853652441,
      0.14451866359993024
    ],
    [
      -815.273578145437,
      0.14312891612059891
    ],
    [
      -815.0934810515363,
      0.143127692936506
    ],
    [
      -814.9477720222561,
      0.14312670333050764
    ],
    [
      -814.8956782147162,
      0.1431263495317283
    ],
    [
      -814.2217271194725,
      0.14312177256301625
    ],
    [
      -813.6569322581965,
      0.14311793721297916
    ],
    [
      -813.6200208015663,
      0.14311768656841187
    ],
    [
      -813.1676978711148,
      0.1431146152010778
    ],
    [
      -812.9346315711622,
      0.14311303270342998
    ],
    [
      -812.0572475111876,
      0.14212978938678703
    ],
    [
      -811.8778459292913,
      0.14212849129160712
    ],
    [
      -811.7326996157979,
      0.14212744108736278
    ],
    [
      -810.2098887886091,
      0.14153181165635265
    ],
    [
      -810.1340231986802,
      0.1415312442123607
    ],
    [
      -810.1300727727752,
      0.14153121466500332
    ],
    [
      -810.0308868321947,
      0.14153047280803005
    ],
    [
      -809.886063842416,
      0.14152938963766123
    ],
    [
      -808.0727082356385,
      0.14092629497364895
    ],
    [
      -803.2231992094861,
      0.14000800796345741
    ],
    [
      -802.6341177060859,
      0.13892363073405262
    ],
    [
      -802.4567556618764,
      0.13892214773331482
    ],
    [
      -802.3132594702057,
      0.13892094796019058
    ],
    [
      -801.6664408791247,
      0.13891554057589686
    ],
    [
      -801.2717679945522,
      0.13891224166309882
    ],
    [
      -801.0420241949665,
      0.13891032151533506
    ],
    [
      -800.8015665403441,
      0.13890831197233178
    ],
    [
      -800.560220428053,
      0.13890629515737488
    ],
    [
      -800.3574525904114,
      0.1381009864775011
    ],
    [
      -800.2824910538751,
      0.1381003434600202
    ],
    [
      -800.2785877033962,
      0.1381003099776748
    ],
    [
      -800.037486539325,
      0.1380982419375801
    ],
    [
      -799.1153769937541,
      0.13809033417536887
    ],
    [
      -798.7963004144973,
      0.13752970342017543
    ],
    [
      -798.6197698184733,
      0.13752816590178946
    ],
    [
      -797.8331600324949,
      0.13752131605358844
    ],
    [
      -796.7321258536715,
      0.13751173158448937
    ],
    [
      -796.503675637251,
      0.1375097434301602
    ],
    [
      -795.6795711258227,
      0.13638752311034244
    ],
    [
      -795.6289101870915,
      0.1363870709704958
    ],
    [
      -795.3891828734509,
      0.13638493158095186
    ],
    [
      -794.7335139255867,
      0.13602599159435802
    ],
    [
      -793.7751787374281,
      0.13601738882872294
    ],
    [
      -793.4488452078991,
      0.1355768468348664
    ],
    [
      -793.2433418449342,
      0.13547214097169225
    ],
    [
      -792.9261656415788,
      0.1354692719250334
    ],
    [
      -791.8966263813538,
      0.13545996214178918
    ],
    [
      -791.6755893344084,
      0.13489061222333307
    ],
    [
      -791.5006026883126,
      0.13488902048173154
    ],
    [
      -791.3590283505735,
      0.13488773277521549
    ],
    [
      -791.3084127846407,
      0.13488727241792994
    ],
    [
      -790.3205361674466,
      0.1343903579938429
    ],
    [
      -790.24224771008,
      0.1343896438677048
    ],
    [
      -790.0045070616693,
      0.13438747544848959
    ],
    [
      -789.6850011219394,
      0.1341568830605909
    ],
    [
      -789.3764436946784,
      0.1340438548054706
    ],
    [
      -789.2019559352486,
      0.13404226206032435
    ],
    [
      -788.5137223754481,
      0.13372913233884812
    ],
    [
      -788.5036913585838,
      0.13372548528985714
    ],
    [
      -788.0363738318908,
      0.13355592186240386
    ],
    [
      -788.0327319145151,
      0.13355460313078704
    ],
    [
      -787.8621769402669,
      0.1335543329880239
    ],
    [
      -787.858535813475,
      0.13355301427168606
    ],
    [
      -787.0153463611279,
      0.1335453258195645
    ],
    [
      -785.9958561885874,
      0.13353603502549613
    ],
    [
      -785.7740590983997,
      0.13353529995632835
    ],
    [
      -785.1584134506659,
      0.13352840753613188
    ],
    [
      -784.9362946111873,
      0.13352767053464198
    ],
    [
      -783.3502063865488,
      0.13351673826932775
    ],
    [
      -783.3367235622346,
      0.13351182876340797
    ],
    [
      -782.4686413427661,
      0.13350522031773573
    ],
    [
      -781.5475021770952,
      0.13349684855079497
    ],
    [
      -781.5153944719677,
      0.13349527150176882
    ],
    [
      -780.9346154087021,
      0.1334912809151708
    ],
    [
      -780.5943796179341,
      0.1334881910079527
    ],
    [
      -780.418349818897,
      0.13348659261389817
    ]
  ],