{
  "run_id": 4,
  "seed": 57504,
  "pop": 50,
  "ngen": 5,
  "steps": 150,
  "base_seed": 7000,
  "elapsed_s": 2.0503432750701904,
  "hof_fitness": [
    [
      -905.4460840608748,
      0.14331952113171176
    ],
    [
      -810.296874997733,
      0.1416537565165882
    ],
    [
      -809.5809829689751,
      0.14132693604893706
    ],
    [
      -809.153323629904,
      0.14132370329079827
    ],
    [
      -808.8228583346087,
      0.14132120544240923
    ],
    [
      -808.2058948937578,
      0.1413165425451468
    ],
    [
      -808.1084415267682,
      0.14131580606638813
    ],
    [
      -808.0587445238805,
      0.14131543049994974
    ],
    [
      -806.9680001449605,
      0.14044642347458572
    ],
    [
      -806.8936743881317,
      0.14044583762306057
    ],
    [
      -806.2122723364661,
      0.14044046717401842
    ],
    [
      -805.8189302042525,
      0.14043736747723526
    ],
    [
      -805.1216881165487,
      0.14043187367481094
    ],
    [
      -804.2396317115141,
      0.14042492503370957
    ],
    [
      -803.8916107902082,
      0.1395208451743657
    ],
    [
      -803.4669742888577,
      0.1395173703556605
    ],
    [
      -802.2347337868382,
      0.13888179451972082
    ],
    [
      -802.0925702597604,
      0.13888060435877755
    ],
    [
      -801.868348915,
      0.13887872733712245
    ],
    [
      -801.764930526667,
      0.13887786163679622
    ],
    [
      -801.4868892915431,
      0.13874163197398146
    ],
    [
      -800.8482194936921,
      0.13828213598687636
    ],
    [
      -800.4298754186804,
      0.13813003823874034
    ],
    [
      -799.9880120133361,
      0.13796894316417904
    ],
    [
      -799.2386911728833,
      0.13796249245751496
    ],
    [
      -798.5924518974314,
      0.13795693053697372
    ],
    [
      -798.1700823222674,
      0.13795329606521414
    ],
    [
      -798.1573533339432,
      0.1379531865413306
    ],
    [
      -796.9334680436156,
      0.1369462649280233
    ],
    [
      -795.714037701509,
      0.13693550403821483
    ],
    [
      -792.5616925332266,
      0.13537351799874686
    ],
    [
      -792.2642135690949,
      0.1351378076954019
    ],
    [
      -792.2202082688292,
      0.13509507956487418
    ],
    [
      -791.9419159371615,
      0.1350925524348238
    ],
    [
      -791.8015415743189,
      0.13509127785053132
    ],
    [
      -791.4780253303855,
      0.13508834069912373
    ],
    [
      -791.0917332988586,
      0.1350848342407925
    ],
    [
      -790.8740358278931,
      0.13508285845197338
    ],
    [
      -790.8379422831147,
      0.1350825308933486
    ],
    [
      -790.4195964322121,
      0.13507873472513013
    ],
    [
      -790.1561364744146,
      0.1345987816015128
    ],
    [
      -790.0204395407937,
      0.13428266978310685
    ],
    [
      -789.2117648161221,
      0.13398627356956735
    ],
    [
      -788.9345099364538,
      0.1339837427844609
    ],
    [
      -788.7946588848234,
      0.13398246637502792
    ],
    [
      -788.472348716109,
      0.13397952506451039
    ],
    [
      -788.0539825343596,
      0.13356491721140604
    ],
    [
      -788.0305471016677,
      0.13355643005500903
    ],
    [
      -788.0264980266644,
      0.1335549638612159
    ],
    [
      -787.3938043292791,
      0.13355062305726137
    ],
    [
      -787.3897584672478,
      0.13354915692562208
    ],
    [
      -787.2881723889503,
      0.1335482306874043
    ],
    [
      -786.9079314868023,
      0.13354619346972796
    ],
    [
      -786.9038880765432,
      0.13354472738576137
    ],
    [
      -786.691721619225,
      0.13354422275281638
    ],
    [
      -786.6554582789391,
      0.13354389224367458
    ],
    [
      -786.6514161427168,
      0.1335424261845758
    ],
    [
      -786.2392847292929,
      0.13354009969738587
    ],
    [
      -786.2267424735765,
      0.13353998541588652
    ],
    [
      -785.9206167815975,
      0.13353719635301953
    ],
    [
      -785.8706796481189,
      0.1335367414325409
    ],
    [
      -785.3649952222851,
      0.1335321354883641
    ],
    [
      -785.3609595983346,
      0.13353066955723755
    ],
    [
      -784.3109056186563,
      0.13352110985705237
    ],
    [
      -783.736807420948,
      0.13351588582419352
    ],
    [
      -783.1213357470122,
      0.13351171642854073
    ],
    [
      -782.9284615170586,
      0.13350996241269933
    ],
    [
      -781.6277625120983,
      0.1334981390720243
    ],
    [
      -781.6237457507594,
      0.1334966735200872
    ],
    [
      -780.369127193542,
      0.13349498909250046
    ],
    [
      -780.3690985727612,
      0.1334949786315888
    ],
    [
      -780.3458876184818,
      0.133486495931671
    ],
    [
      -780.3418773280008,
      0.13348503051273294
    ]
  ],