{
  "run_id": 14,
  "seed": 57514,
  "pop": 50,
  "ngen": 5,
  "steps": 150,
  "base_seed": 7000,
  "elapsed_s": 2.0864760875701904,
  "hof_fitness": [
    [
      -896.7812620831916,
      0.14555914718596055
    ],
    [
      -822.450102686869,
      0.14527570087745342
    ],
    [
      -822.3958348898683,
      0.1452753937217812
    ],
    [
      -822.2200060512056,
      0.14527439853174162
    ],
    [
      -821.8170405446565,
      0.14527211775554075
    ],
    [
      -821.5056007121057,
      0.145270355018344
    ],
    [
      -821.4486738170083,
      0.14527003281489537
    ],
    [
      -821.437458026234,
      0.14502711578815006
    ],
    [
      -821.0222015350521,
      0.14502470531222422
    ],
    [
      -819.5953350243377,
      0.1450164228498807
    ],
    [
      -819.0534986866522,
      0.14423808114031778
    ],
    [
      -818.5152599250873,
      0.14423472212402802
    ],
    [
      -818.2779803997167,
      0.14423324136263246
    ],
    [
      -817.9391368000744,
      0.14423112682734282
    ],
    [
      -817.9363699282633,
      0.14423110956104657
    ],
    [
      -817.3889524844018,
      0.14422769354367776
    ],
    [
      -817.2125031116683,
      0.14390683281618172
    ],
    [
      -816.7841851407555,
      0.14390408751863792
    ],
    [
      -815.5290943844623,
      0.14389604365228476
    ],
    [
      -815.1772229561502,
      0.14389378867714342
    ],
    [
      -815.099490585097,
      0.14308568576993252
    ],
    [
      -813.8573172525739,
      0.14307722485255228
    ],
    [
      -813.681854944697,
      0.14307602982459833
    ],
    [
      -813.2297904304244,
      0.14307295106011758
    ],
    [
      -812.890149633898,
      0.1430706380744083
    ],
    [
      -812.7367538098747,
      0.1430695934688498
    ],
    [
      -810.5396306376123,
      0.14168783205040109
    ],
    [
      -809.9774077864513,
      0.141683662334569
    ],
    [
      -809.8909850444328,
      0.14168302142281014
    ],
    [
      -809.7162241136086,
      0.14168172542770283
    ],
    [
      -809.552801931451,
      0.14168051355910066
    ],
    [
      -809.4231752542162,
      0.14167955233121615
    ],
    [
      -809.1925532679929,
      0.14167784224797667
    ],
    [
      -805.0057712488739,
      0.14164681042092453
    ],
    [
      -803.9666941374345,
      0.13944977089992344
    ],
    [
      -803.5562345321425,
      0.13944640258729762
    ],
    [
      -803.4089379123805,
      0.13944519394065272
    ],
    [
      -803.3232017773747,
      0.13944449045428592
    ],
    [
      -802.99601118219,
      0.13944180593591696
    ],
    [
      -802.9904228307454,
      0.13944176008709522
    ],
    [
      -802.9877054812034,
      0.13944173779302144
    ],
    [
      -802.8591086850452,
      0.13944068276079105
    ],
    [
      -802.6859689508601,
      0.13943926235260665
    ],
    [
      -802.2398884822726,
      0.13943560311755804
    ],
    [
      -801.1039049556047,
      0.13838130511037267
    ],
    [
      -801.0983102939224,
      0.13838125751295127
    ],
    [
      -800.3394446446216,
      0.13837480218348588
    ],
    [
      -800.007877265552,
      0.138371982208751
    ],
    [
      -799.7045318509298,
      0.1383694025384364
    ],
    [
      -799.6490845211152,
      0.13836893103912948
    ],
    [
      -798.7842121497362,
      0.13753645134053585
    ],
    [
      -798.3117302960602,
      0.13753233719029434
    ],
    [
      -797.6941678284937,
      0.13752696084841906
    ],
    [
      -797.1600230548046,
      0.13752231172714052
    ],
    [
      -796.7586868423476,
      0.1373743541018717
    ],
    [
      -795.2343245013485,
      0.13655889776778943
    ],
    [
      -795.1279862207981,
      0.1361838465718802
    ],
    [
      -794.5606816887602,
      0.13597300582164024
    ],
    [
      -793.4762910340283,
      0.1359632640992255
    ],
    [
      -793.1230560889496,
      0.13596009181367197
    ],
    [
      -792.9449168154888,
      0.13595849219662365
    ],
    [
      -792.7371610507848,
      0.13595662679876072
    ],
    [
      -792.4160284513198,
      0.13517620338066133
    ],
    [
      -792.2995639358188,
      0.13517514654908616
    ],
    [
      -791.947242112026,
      0.13517194985457393
    ],
    [
      -791.8949466529111,
      0.13517147541389551
    ],
    [
      -791.7497466319992,
      0.13517015817873237
    ],
    [
      -791.4943261706034,
      0.13516784126906517
    ],
    [
      -791.4283162041502,
      0.13497944508340098
    ],
    [
      -791.3760543765908,
      0.13497897014231772
    ],
    [
      -791.1464863182322,
      0.13497688404044064
    ],
    [
      -790.9756915395074,
      0.13497533217356036
    ],
    [
      -790.4639055190953,
      0.1349706828157541
    ],
    [
      -790.3032294961966,
      0.1343930851832224
    ],
    [
      -789.5488813705481,
      0.13438620565763673
    ],
    [
      -789.2190284291381,
      0.1343831983436142
    ],
    [
      -788.8676536495615,
      0.1343799954065567
    ],
    [
      -788.5730672182525,
      0.13402773539195473
    ],
    [
      -788.402817836752,
      0.13402618201317135
    ],
    [
      -788.2462829305412,
      0.134024753899868
    ],
    [
      -788.1060659826985,
      0.1335920394021171
    ],
    [
      -788.0922597367719,
      0.13358509083937922
    ],
    [
      -788.043721859303,
      0.1335694495230129
    ],
    [
      -787.9278882374405,
      0.13356839293419995
    ],
    [
      -787.5254628191902,
      0.13356472273997758
    ],
    [
      -787.3810493787079,
      0.13356340587942245
    ],
    [
      -787.2969914519069,
      0.1335626394344452
    ],
    [
      -787.1270126026949,
      0.13356108967607505
    ],
    [
      -786.9680622797723,
      0.1335596406122304
    ],
    [
      -786.4409666791777,
      0.13355483635990478
    ],
    [
      -785.9062996675657,
      0.13354996465500757
    ],
    [
      -785.7578975663671,
      0.13354861274338878
    ],
    [
      -785.6508183640307,
      0.13354763734965655
    ],
    [
      -783.6237540794533,
      0.13354438171037075
    ],
    [
      -783.5478047288275,
      0.13354369073905908
    ],
    [
      -783.5050157631597,
      0.13352810430806777
    ],
    [
      -780.9801602485376,
      0.13352717107306758
    ],
    [
      -780.9654308307075,
      0.133509597632318
    ],
    [
      -780.9183698078127,
      0.1335045918773958
    ],
    [
      -780.7842014366346,
      0.13350337329698322
    ]
  ],