{
  "run_id": 2,
  "seed": 57502,
  "pop": 50,
  "ngen": 5,
  "steps": 150,
  "base_seed": 7000,
  "elapsed_s": 2.0489370822906494,
  "hof_fitness": [
    [
      -906.5835298538375,
      0.1432380213081678
    ],
    [
      -811.1837434021837,
      0.14190017517767353
    ],
    [
      -810.9046417993711,
      0.14180990147925487
    ],
    [
      -810.870038236098,
      0.14180964653765218
    ],
    [
      -810.681751424424,
      0.1418082593650162
    ],
    [
      -810.5929047964398,
      0.1418076048192441
    ],
    [
      -810.1492595862488,
      0.141548570384228
    ],
    [
      -810.1021499738544,
      0.141548218358154
    ],
    [
      -810.0675799436061,
      0.14154796003612322
    ],
    [
      -809.8794755950125,
      0.1415465544718668
    ],
    [
      -809.7907150664058,
      0.1415458912489486
    ],
    [
      -809.2752662919014,
      0.1415420400274457
    ],
    [
      -809.2325952569244,
      0.1415417212250914
    ],
    [
      -808.8643102427769,
      0.14153896982181677
    ],
    [
      -808.2131786329344,
      0.14153410581750014
    ],
    [
      -807.3311540131771,
      0.14152751805225136
    ],
    [
      -806.9399984113159,
      0.14152459692382435
    ],
    [
      -806.5848407072909,
      0.14031230520848423
    ],
    [
      -806.4241330197069,
      0.14031103105436532
    ],
    [
      -806.2024489199441,
      0.14030927354111675
    ],
    [
      -806.1140831317882,
      0.14030857300426866
    ],
    [
      -805.3874947136145,
      0.1399520367951185
    ],
    [
      -804.8635371501679,
      0.1398747812487866
    ],
    [
      -804.3505332089151,
      0.1395727736016883
    ],
    [
      -801.1992121512804,
      0.13857198255635597
    ],
    [
      -801.0950020499166,
      0.13842547116105097
    ],
    [
      -800.8747537032145,
      0.13842360009332227
    ],
    [
      -799.8923233329094,
      0.13798815560953867
    ],
    [
      -799.6723991602626,
      0.1379862633399795
    ],
    [
      -799.5847349058484,
      0.1379855091012437
    ],
    [
      -799.0756525203069,
      0.13798112956345712
    ],
    [
      -798.7552015029938,
      0.13757170914030112
    ],
    [
      -797.8975838434426,
      0.13756424911089218
    ],
    [
      -795.6284647090787,
      0.13754452262239092
    ],
    [
      -794.9194009313248,
      0.13615254246631125
    ],
    [
      -794.7008177935224,
      0.13615058407079422
    ],
    [
      -794.6136880958107,
      0.1361498034852101
    ],
    [
      -794.0658230410311,
      0.13614489591199747
    ],
    [
      -793.908634064005,
      0.13577677383906098
    ],
    [
      -793.6033026243517,
      0.13577402283455592
    ],
    [
      -792.8972338097464,
      0.13534359550941433
    ],
    [
      -792.739200549272,
      0.13534216389273457
    ],
    [
      -792.7053570025048,
      0.13534185731979456
    ],
    [
      -792.6467469759853,
      0.1352506099321429
    ],
    [
      -792.2708354088347,
      0.13524720145082422
    ],
    [
      -792.1839671374191,
      0.13524641388490086
    ],
    [
      -791.6377459436352,
      0.13524146250125807
    ],
    [
      -791.2773126625447,
      0.1352381959766408
    ],
    [
      -790.6400634343929,
      0.1352324221514597
    ],
    [
      -789.6387882828137,
      0.1346303975417078
    ],
    [
      -789.3887034058793,
      0.1340483413049954
    ],
    [
      -789.2772758722133,
      0.13404732416587553
    ],
    [
      -789.231356586009,
      0.13404690502156044
    ],
    [
      -789.1976600444924,
      0.13404659745157105
    ],
    [
      -789.0270837997485,
      0.13397218528224736
    ],
    [
      -788.9933958214457,
      0.13397187778277228
    ],
    [
      -788.8100909751486,
      0.13397020470401613
    ],
    [
      -788.7235952000204,
      0.13396941529191989
    ],
    [
      -788.6145780928832,
      0.13376581770790202
    ],
    [
      -788.134888444052,
      0.13364716381774902
    ],
    [
      -787.0491872259088,
      0.1335525934826115
    ],
    [
      -780.9139809229619,
      0.13353509929952428
    ]
  ],