{
  "run_id": 17,
  "seed": 57517,
  "pop": 50,
  "ngen": 5,
  "steps": 150,
  "base_seed": 7000,
  "elapsed_s": 2.108210325241089,
  "hof_fitness": [
    [
      -980.4804113951277,
      0.12318279764617326
    ],
    [
      -978.664349016243,
      0.12318279764613574
    ]
  ],
  "hall_of_fame": [
    [
      1.0,
      0.5728503638165445
    ],
    [
      0.0,
      0.38656763163685137
    ]
  ]
}