{
  "run_id": 3,
  "seed": 57503,
  "pop": 50,
  "ngen": 5,
  "steps": 150,
  "base_seed": 7000,
  "elapsed_s": 2.1467018127441406,
  "hof_fitness": [
    [
      -984.5623545013821,
      0.12318279764616129
    ],
    [
      -984.3170975093686,
      0.12318279764615618
    ],
    [
      -984.1167159301076,
      0.12318279764615533
    ],
    [
      -984.0944086390112,
      0.12318279764615166
    ],
    [
      -981.8105131720491,
      0.12318279764611866
    ]
  ],
  "hall_of_fame": [
    [
      1.0,
      0.9915559783780198
    ],
    [
      1.0,
      0.9663987243709286
    ],
    [
      1.0,
      0.9458445691297331
    ],
    [
      1.0,
      0.9435563971037705
    ],
    [
      1.0,
      0.7092856514813586
    ]
  ]
}