{
  "run_id": 8,
  "seed": 57508,
  "pop": 50,
  "ngen": 5,
  "steps": 150,
  "base_seed": 7000,
  "elapsed_s": 2.138397216796875,
  "hof_fitness": [
    [
      -984.5934155587622,
      0.12318279764614301
    ],
    [
      -984.2881768806732,
      0.12318279764614257
    ]
  ],
  "hall_of_fame": [
    [
      1.0,
      0.9947420686249467
    ],
    [
      1.0,
      0.9634321887537777
    ]
  ]
}