{
  "run_id": 5,
  "seed": 57505,
  "pop": 50,
  "ngen": 5,
  "steps": 150,
  "base_seed": 7000,
  "elapsed_s": 2.1570539474487305,
  "hof_fitness": [
    [
      -984.3331421972055,
      0.12318279764613868
    ]
  ],
  "hall_of_fame": [
    [
      1.0,
      0.9680445094065919
    ]
  ]
}