{
  "run_id": 7,
  "seed": 57507,
  "pop": 50,
  "ngen": 5,
  "steps": 150,
  "base_seed": 7000,
  "elapsed_s": 2.0751428604125977,
  "hof_fitness": [
    [
      -941.7189131965773,
      0.13147085366790098
    ]
  ],
  "hall_of_fame": [
    [
      0.002080400359068979,
      0.9003359503227906
    ]
  ]
}