{
  "run_id": 15,
  "seed": 57515,
  "pop": 50,
  "ngen": 5,
  "steps": 150,
  "base_seed": 7000,
  "elapsed_s": 2.1398990154266357,
  "hof_fitness": [
    [
      -945.4549641823836,
      0.1304153158895121
    ]
  ],
  "hall_of_fame": [
    [
      0.0018303489774188497,
      0.9676509363245263
    ]
  ]
}