{
  "run_id": 11,
  "seed": 57511,
  "pop": 50,
  "ngen": 5,
  "steps": 150,
  "base_seed": 7000,
  "elapsed_s": 2.072366237640381,
  "hof_fitness": [
    [
      -984.5000943714631,
      0.12318279764614329
    ],
    [
      -982.415801978088,
      0.12318279764611897
    ]
  ],
  "hall_of_fame": [
    [
      1.0,
      0.9851696409692002
    ],
    [
      1.0,
      0.7713731953110642
    ]
  ]
}