{
  "run_id": 9,
  "seed": 57509,
  "pop": 50,
  "ngen": 5,
  "steps": 150,
  "base_seed": 7000,
  "elapsed_s": 2.2629623413085938,
  "hof_fitness": [
    [
      -907.5797818046482,
      0.1429487058755702
    ],
    [
      -813.4565491523826,
      0.14258752946696196
    ],
    [
      -811.7502784683843,
      0.14257552230996448
    ],
    [
      -811.2006177273893,
      0.14186926500272176
    ],
    [
      -810.9411879197831,
      0.14186735984880622
    ],
    [
      -810.9216462847057,
      0.14186721634625252
    ],
    [
      -809.475216536007,
      0.14130172370406924
    ],
    [
      -809.4668620223724,
      0.14130166046793968
    ],
    [
      -806.5447272269308,
      0.14031122256455866
    ],
    [
      -806.5364023398369,
      0.14031115655869036
    ],
    [
      -806.2590019938001,
      0.14030895720362757
    ],
    [
      -805.7828905214282,
      0.14030518274113912
    ],
    [
      -805.5301142040455,
      0.1403031789967016
    ],
    [
      -805.5042191383615,
      0.1403029737352079
    ],
    [
      -804.8375031615154,
      0.14029768937035558
    ],
    [
      -804.8227087230421,
      0.13971272645245547
    ],
    [
      -804.8144012509136,
      0.1397126589491362
    ],
    [
      -804.5569721391149,
      0.13971056725752062
    ],
    [
      -804.4040971249052,
      0.1395655700435192
    ],
    [
      -804.39579388689,
      0.13956550219231445
    ],
    [
      -804.3889524890126,
      0.13956544628687995
    ],
    [
      -804.1191149340841,
      0.1395632413595074
    ],
    [
      -803.6745040052413,
      0.1395596086769791
    ],
    [
      -803.0995628235053,
      0.13955491182268429
    ],
    [
      -801.8333666521931,
      0.139544570652337
    ],
    [
      -801.493493165434,
      0.1386198167667529
    ],
    [
      -801.2082894427178,
      0.13861740872349088
    ],
    [
      -801.1397557677226,
      0.13861683011081968
    ],
    [
      -800.7495261432156,
      0.1386135357474298
    ],
    [
      -800.4579094723254,
      0.1386110741610674
    ],
    [
      -799.5820216708865,
      0.137831262745231
    ],
    [
      -799.5737672249902,
      0.13783119140984443
    ],
    [
      -798.8266314156438,
      0.13782473550442417
    ],
    [
      -798.4195295234252,
      0.137821218525106
    ],
    [
      -798.2851534872032,
      0.13782005775594078
    ],
    [
      -798.060402511413,
      0.13727525444292374
    ],
    [
      -797.3446821017104,
      0.13726898319959124
    ],
    [
      -797.3146534171825,
      0.13726872012210664
    ],
    [
      -796.7741805348113,
      0.13726398563236578
    ],
    [
      -796.4327633550793,
      0.13665691584704023
    ],
    [
      -796.3891806756933,
      0.13664075829171976
    ],
    [
      -795.5994125747252,
      0.1366337437746812
    ],
    [
      -794.9369894638357,
      0.13611811966094536
    ],
    [
      -794.6826584227605,
      0.13611583958479384
    ],
    [
      -794.1941033916946,
      0.13611146041623895
    ],
    [
      -793.7962139636177,
      0.1356940697146323
    ],
    [
      -793.5231104351036,
      0.13569160616132245
    ],
    [
      -793.0543739066253,
      0.13568737861753902
    ],
    [
      -792.8055131708821,
      0.1356851345144231
    ],
    [
      -792.7800192310692,
      0.1356849046374237
    ],
    [
      -792.3395186270175,
      0.1351500803964893
    ],
    [
      -792.3313375303464,
      0.13515000613887196
    ],
    [
      -792.3245967700661,
      0.13514994495502453
    ],
    [
      -792.0778245302184,
      0.13514770521945416
    ],
    [
      -792.0587285844583,
      0.1351475319137488
    ],
    [
      -791.6206581234906,
      0.13514355664784422
    ],
    [
      -791.3424309074785,
      0.13514103232840458
    ],
    [
      -791.0541749040962,
      0.13513841738825463
    ],
    [
      -790.7215146833015,
      0.13453807772785206
    ],
    [
      -789.0607047956232,
      0.1339416259730187
    ],
    [
      -789.0525569331626,
      0.13394155159501986
    ],
    [
      -788.9712215033619,
      0.1339118527077078
    ],
    [
      -788.8176378563437,
      0.13385582163556345
    ],
    [
      -788.3171337401856,
      0.13367080807202605
    ],
    [
      -788.045306938009,
      0.13355915670690707
    ],
    [
      -788.0001832720867,
      0.13355874510649945
    ],
    [
      -787.7290373359397,
      0.13355627205512882
    ],
    [
      -787.2636607621372,
      0.13355202841864067
    ],
    [
      -787.0165839257512,
      0.1335497758790053
    ],
    [
      -786.9912727347229,
      0.1335495451419493
    ],
    [
      -786.7298749974764,
      0.13354716244368478
    ],
    [
      -786.7262167947075,
      0.13354712910102307
    ],
    [
      -786.6507421197847,
      0.133546441204015
    ],
    [
      -786.0182144695963,
      0.1335406774028662
    ],
    [
      -785.2020214212155,
      0.1335396305126204
    ],
    [
      -785.1839926787841,
      0.13353307905924255
    ],
    [
      -784.3984086302089,
      0.13353231438790422
    ],
    [
      -784.3803980098343,
      0.13352576329162108
    ],
    [
      -782.6522913962283,
      0.1335164298790117
    ],
    [
      -781.9523677560911,
      0.13350368052786876
    ]
  ],