{
  "run_id": 18,
  "seed": 57518,
  "pop": 50,
  "ngen": 5,
  "steps": 150,
  "base_seed": 7000,
  "elapsed_s": 2.053668975830078,
  "hof_fitness": [
    [
      -883.3922388938956,
      0.14824032707904694
    ],
    [
      -832.983194907017,
      0.14757783915962808
    ],
    [
      -832.9065173454225,
      0.1475775277625157
    ],
    [
      -832.7513039372441,
      0.14757689740538193
    ],
    [
      -832.7150120322751,
      0.14757675001253967
    ],
    [
      -831.5950207995154,
      0.14757220079474487
    ],
    [
      -830.4293470394556,
      0.14756746482957067
    ],
    [
      -830.4033657648212,
      0.14756735925756265
    ],
    [
      -830.1990198729052,
      0.14756652889980754
    ],
    [
      -829.3964513835797,
      0.146792287825819
    ],
    [
      -829.0483845971048,
      0.14679066206842528
    ],
    [
      -828.7814389620747,
      0.146789415167247
    ],
    [
      -828.4160031335053,
      0.14678770815427172
    ],
    [
      -827.931613028824,
      0.14678544537039023
    ],
    [
      -827.6666149778405,
      0.14678420740084958
    ],
    [
      -827.4844822987576,
      0.14678335652389857
    ],
    [
      -826.2770553006688,
      0.14677771526907066
    ],
    [
      -825.6347544095481,
      0.14677471402669767
    ],
    [
      -825.5834777998501,
      0.1460107231509516
    ],
    [
      -824.158999582762,
      0.1457023511252303
    ],
    [
      -823.6773032018084,
      0.14569974952907894
    ],
    [
      -822.5014606586104,
      0.14569339880088358
    ],
    [
      -822.0208616937977,
      0.1450716310836318
    ],
    [
      -821.951731269933,
      0.14507123146678155
    ],
    [
      -821.5405835009817,
      0.1450688547897456
    ],
    [
      -821.3855092989055,
      0.1449420277977902
    ],
    [
      -821.2391136519334,
      0.1449411707302379
    ],
    [
      -820.6099747527772,
      0.14471550424789795
    ],
    [
      -820.4637267705332,
      0.14471462938290341
    ],
    [
      -820.1994833496913,
      0.14471304867610513
    ],
    [
      -818.9156561237861,
      0.14470536907776285
    ],
    [
      -818.5126471896358,
      0.1441372343875108
    ],
    [
      -818.3667648316216,
      0.14413631635541815
    ],
    [
      -818.2914024939059,
      0.14413584210724575
    ],
    [
      -818.103182036344,
      0.14413465766571504
    ],
    [
      -817.2640621743269,
      0.14412937743119134
    ],
    [
      -817.0024026864596,
      0.14412773098773815
    ],
    [
      -814.9405089575724,
      0.14307207410436307
    ],
    [
      -814.8719610986328,
      0.14307160676039365
    ],
    [
      -814.4997922851667,
      0.14306906947143513
    ],
    [
      -814.464278145204,
      0.14306882735771229
    ],
    [
      -814.1050165497857,
      0.1430663781961841
    ],
    [
      -812.9425426785574,
      0.14305845417608593
    ],
    [
      -812.599595387514,
      0.1430561167068676
    ],
    [
      -812.3474007432371,
      0.14305439786061608
    ],
    [
      -812.2021763339936,
      0.14305340810221184
    ],
    [
      -811.3707635556488,
      0.14304774208662496
    ],
    [
      -810.7079204164166,
      0.14304322531459368
    ],
    [
      -810.515947559275,
      0.14304191724084853
    ],
    [
      -809.2857087762541,
      0.14233695497849572
    ],
    [
      -807.9810925852566,
      0.14232765066009506
    ],
    [
      -807.911292463805,
      0.14232715291403522
    ],
    [
      -807.8379602024568,
      0.14173747518983007
    ],
    [
      -807.2360910567087,
      0.14065511902717556
    ],
    [
      -807.1667083278546,
      0.1406545773491264
    ],
    [
      -807.097325906907,
      0.14065403568255563
    ],
    [
      -803.9103582516511,
      0.1406291648997157
    ],
    [
      -803.2493403481202,
      0.1392675171756565
    ],
    [
      -802.6362220504678,
      0.13926245299916648
    ],
    [
      -802.1665876427791,
      0.13925857458729307
    ],
    [
      -800.7847149023366,
      0.139247165749529
    ],
    [
      -799.0966856027073,
      0.1392332356849315
    ],
    [
      -797.9348201907251,
      0.13721957934302786
    ],
    [
      -797.5996827228195,
      0.13721663876832543
    ],
    [
      -797.3774358242418,
      0.13721468893433442
    ],
    [
      -796.9907924976803,
      0.13721129720830913
    ],
    [
      -796.5243968056218,
      0.13720720655798715
    ],
    [
      -796.2289435690094,
      0.13658133862343047
    ],
    [
      -795.8748859431445,
      0.1365781901031654
    ],
    [
      -795.5514210048924,
      0.13645812001792668
    ],
    [
      -794.9440645271524,
      0.13645270803035756
    ],
    [
      -794.4788436889447,
      0.13644856352548912
    ],
    [
      -793.8084068980381,
      0.13644259226767716
    ],
    [
      -793.1099583764508,
      0.1364363733447367
    ],
    [
      -791.8626228162983,
      0.1350872262514431
    ],
    [
      -791.2823043127192,
      0.13474513039009553
    ],
    [
      -790.9304051627591,
      0.1347419263261341
    ],
    [
      -790.8623969306337,
      0.1347413071748138
    ],
    [
      -790.85751945834,
      0.13474126277083034
    ],
    [
      -789.436954350103,
      0.13472833491688335
    ],
    [
      -789.1298860038393,
      0.13455191995315238
    ],
    [
      -788.9940000810367,
      0.13391101317920026
    ],
    [
      -788.8514190729082,
      0.133858996747423
    ],
    [
      -788.520025719188,
      0.13385597202564156
    ],
    [
      -788.2658678187461,
      0.13385365264835947
    ],
    [
      -787.8900769408856,
      0.13355365123337704
    ],
    [
      -787.4637058626349,
      0.13354976288948112
    ],
    [
      -787.429347746292,
      0.13354944959990303
    ],
    [
      -787.0817806454974,
      0.13354628072384273
    ],
    [
      -786.621076406836,
      0.1335420813653835
    ],
    [
      -786.3690366197632,
      0.1335397844950167
    ],
    [
      -786.1569383988406,
      0.13353785188775755
    ],
    [
      -785.9571487779855,
      0.13353603166079378
    ],
    [
      -785.2761398171752,
      0.13353360386916488
    ],
    [
      -784.4471871625094,
      0.13352605689136812
    ],
    [
      -783.8059162842665,
      0.13352022120141427
    ],
    [
      -782.7882936633607,
      0.13351096527272172
    ],
    [
      -782.5220190062478,
      0.13350476947169687
    ],
    [
      -780.8019265831477,
      0.13348913973250645
    ],
    [
      -780.7342236339535,
      0.13348852487732601
    ]
  ],