{
  "run_id": 10,
  "seed": 57510,
  "pop": 50,
  "ngen": 5,
  "steps": 150,
  "base_seed": 7000,
  "elapsed_s": 2.112977981567383,
  "hof_fitness": [
    [
      -984.3958943358318,
      0.123182797646185
    ],
    [
      -984.249800037154,
      0.12318279764617275
    ],
    [
      -984.1433058688848,
      0.12318279764615878
    ],
    [
      -983.3543672138424,
      0.12318279764613452
    ],
    [
      -982.3774227614616,
      0.12318279764613353
    ],
    [
      -978.104116386037,
      0.12318279764613346
    ]
  ],
  "hall_of_fame": [
    [
      0.0,
      0.9744813146452334
    ],
    [
      0.0,
      0.959495681205512
    ],
    [
      1.0,
      0.9485720340571147
    ],
    [
      0.0,
      0.8676465934485738
    ],
    [
      0.0,
      0.7674364443410141
    ],
    [
      0.0,
      0.32910172835948326
    ]
  ]
}