{
  "run_id": 16,
  "seed": 57516,
  "pop": 50,
  "ngen": 5,
  "steps": 150,
  "base_seed": 7000,
  "elapsed_s": 2.0471811294555664,
  "hof_fitness": [
    [
      -917.651365395214,
      0.1398337022238757
    ],
    [
      -804.1812499429423,
      0.13949823376952628
    ],
    [
      -803.9286243731082,
      0.13949616427055572
    ],
    [
      -803.8253392924104,
      0.1393480571272863
    ],
    [
      -803.7938933404971,
      0.13934779807088923
    ],
    [
      -803.7550045383991,
      0.13934747770252884
    ],
    [
      -802.0591765788057,
      0.13933351096083127
    ],
    [
      -801.9766749333292,
      0.13869855649326102
    ],
    [
      -801.6859374514548,
      0.13869610750718717
    ],
    [
      -801.4150445126397,
      0.13869382588667134
    ],
    [
      -801.3548569888907,
      0.13869331897897566
    ],
    [
      -801.1029316595566,
      0.13869119733626578
    ],
    [
      -800.2458022701106,
      0.13868398013782557
    ],
    [
      -800.1365096538817,
      0.13868306001677758
    ],
    [
      -799.759608557638,
      0.13867988718340693
    ],
    [
      -799.6641266701237,
      0.13867908345826302
    ],
    [
      -799.5426692842498,
      0.13867806111864397
    ],
    [
      -798.4061224193239,
      0.1386684964509719
    ],
    [
      -798.326693148574,
      0.13866782814194947
    ],
    [
      -797.9789136494101,
      0.13866490216712046
    ],
    [
      -797.8068017675815,
      0.13717650353759933
    ],
    [
      -797.4880757283676,
      0.13717370421540911
    ],
    [
      -797.1881539940022,
      0.13717107036865864
    ],
    [
      -795.9760184319794,
      0.13716042882252324
    ],
    [
      -795.8485454030844,
      0.13715931000952097
    ],
    [
      -795.5979264512551,
      0.1371571105254127
    ],
    [
      -795.385205943418,
      0.13715524381597985
    ],
    [
      -794.3088772578159,
      0.13587942470964795
    ],
    [
      -794.0208661015763,
      0.13587683330018593
    ],
    [
      -793.8282740422405,
      0.13587510062427202
    ],
    [
      -793.6928903317108,
      0.13587388272106984
    ],
    [
      -792.8014001861665,
      0.13549318900352614
    ],
    [
      -791.5689287765639,
      0.1354820490893148
    ],
    [
      -791.4776994846585,
      0.13500164065705772
    ],
    [
      -790.6492935922711,
      0.1345225748899736
    ],
    [
      -790.3333734137105,
      0.1345196949380353
    ],
    [
      -790.1708635693647,
      0.13451821367624672
    ],
    [
      -788.4629501378118,
      0.1345026540163173
    ],
    [
      -788.4598649230489,
      0.13450262592188703
    ],
    [
      -788.4078778049993,
      0.1338710413650633
    ],
    [
      -788.1947805905941,
      0.13373579289374485
    ],
    [
      -788.1078675163287,
      0.1335927142944209
    ],
    [
      -787.8220635505039,
      0.13359010721788508
    ],
    [
      -787.7929443997643,
      0.1335898416208607
    ],
    [
      -787.7533106437737,
      0.13357547361946384
    ],
    [
      -786.3668020145267,
      0.1335628332441096
    ],
    [
      -784.5979096212089,
      0.13356072775894265
    ],
    [
      -784.5198284660356,
      0.13356001696538933
    ],
    [
      -784.1779517405195,
      0.13355690516312904
    ],
    [
      -783.7613053569886,
      0.13355311366296935
    ],
    [
      -783.7080955145095,
      0.13355262951945757
    ],
    [
      -782.8939491913983,
      0.1335452237297174
    ],
    [
      -780.442298224186,
      0.13353055265417138
    ],
    [
      -780.4209702890965,
      0.13352275078151352
    ]
  ],
  "hall_of_fame": [
    [
      0.005085327764953185,
      0.9566423475368447
    ],
    [
      0.807462429669976,
      0.9913492833720028
    ],
    [
      0.807462429669976,
      0.960293799303737
    ],
    [
      0.8042729635427541,
      1.0
    ],
    [
      0.8042729635427541,
      0.9961323575895913
    ],
    [
      0.8042729635427541,
      0.9913492833720028
    ],
    [
      0.8042729635427541,
      0.7827616015509284
    ],
    [
      0.7898014039587548,
      0.9961323575895913
    ],
    [
      0.7898014039587548,
      0.960293799303737
    ],
    [
      0.7898014039587548,
      0.9269008253535751
    ],
    [
      0.7898014039587548,
      0.9194814293676317
    ],
    [
      0.7898014039587548,
      0.8884259452993659
    ],
    [
      0.7898014039587548,
      0.7827616015509284
    ],
    [
      0.7898014039587548,
      0.7692879134632843
    ],
    [
      0.7898014039587548,
      0.7228224895180512
    ],
    [
      0.7898014039587548,
      0.7110510347045155
    ],
    [
      0.7898014039587548,
      0.6960770935182906
    ],
    [
      0.7898014039587548,
      0.5559515799759606
    ],
    [
      0.7898014039587548,
      0.5461583146164636
    ],
    [
      0.7898014039587548,
      0.5032781027729549
    ],
    [
      0.25013408380223245,
      0.9961323575895913
    ],
    [
      0.25013408380223245,
      0.9566423475368447
    ],
    [
      0.25013408380223245,
      0.9194814293676317
    ],
    [
      0.25013408380223245,
      0.7692879134632843
    ],
    [
      0.25013408380223245,
      0.7534922697403488
    ],
    [
      0.25013408380223245,
      0.722436785672083
    ],
    [
      0.25013408380223245,
      0.6960770935182906
    ],
    [
      0.7054245675167802,
      0.9961323575895913
    ],
    [
      0.7054245675167802,
      0.960293799303737
    ],
    [
      0.7054245675167802,
      0.936328299539601
    ],
    [
      0.7054245675167802,
      0.9194814293676317
    ],
    [
      0.3106625638529409,
      0.936328299539601
    ],
    [
      0.3106625638529409,
      0.7827616015509284
    ],
    [
      0.6654487917313662,
      0.936328299539601
    ],
    [
      0.6366550521099257,
      0.9961323575895913
    ],
    [
      0.6366550521099257,
      0.9566423475368447
    ],
    [
      0.6366550521099257,
      0.936328299539601
    ],
    [
      0.6366550521099257,
      0.7228224895180512
    ],
    [
      0.6366550521099257,
      0.722436785672083
    ],
    [
      0.5799655533614549,
      0.936328299539601
    ],
    [
      0.5608075455516638,
      0.9566423475368447
    ],
    [
      0.47214010728149003,
      0.9961323575895913
    ],
    [
      0.47214010728149003,
      0.960293799303737
    ],
    [
      0.47214010728149003,
      0.9566423475368447
    ],
    [
      0.477951265198729,
      0.9566423475368447
    ],
    [
      0.477951265198729,
      0.7827616015509284
    ],
    [
      0.47214010728149003,
      0.5559515799759606
    ],
    [
      0.47214010728149003,
      0.5461583146164636
    ],
    [
      0.47214010728149003,
      0.5032781027729549
    ],
    [
      0.47214010728149003,
      0.451018511641215
    ],
    [
      0.47214010728149003,
      0.44434434295213865
    ],
    [
      0.47214010728149003,
      0.34222212288745624
    ],
    [
      0.5305540485641185,
      0.03199068459939025
    ],
    [
      0.47214010728149003,
      0.03199068459939025
    ]
  ]
}