{
  "run_id": 7,
  "seed": 6007,
  "steps": 500,
  "n_eval": 20,
  "elapsed_s": 47.83100700378418,
  "hof_fitness": [
    [
      -801.2865289883993,
      0.12482638017901279
    ],
    [
      -791.8960064417046,
      0.11332031958141228
    ],
    [
      -790.8066491305183,
      0.11331256512947414
    ],
    [
      -790.1165345254325,
      0.11330765466504641
    ],
    [
      -789.7088984406347,
      0.11330475489642615
    ],
    [
      -789.3249074276265,
      0.1133020238314724
    ],
    [
      -789.0056066141605,
      0.11329975323399373
    ],
    [
      -787.8009993491961,
      0.10841123576678527
    ],
    [
      -787.5487665641834,
      0.10840924637910329
    ],
    [
      -786.4653529226638,
      0.10840070409248652
    ],
    [
      -785.7790037345444,
      0.10839529477950634
    ],
    [
      -785.0475977304175,
      0.10838953230397871
    ],
    [
      -784.9916959905963,
      0.10838909195742749
    ],
    [
      -784.6741373965907,
      0.10838659072179342
    ],
    [
      -783.0603529104463,
      0.10837388565349834
    ],
    [
      -782.7755451618267,
      0.10248179635328356
    ],
    [
      -781.698659341148,
      0.10247238302936704
    ],
    [
      -781.0164456373637,
      0.10246642222837148
    ],
    [
      -780.2338817535511,
      0.10245958710199528
    ],
    [
      -779.7833994714806,
      0.09815422708822542
    ],
    [
      -779.5337189524765,
      0.09815190600785285
    ],
    [
      -778.4612681776488,
      0.09814193968911612
    ],
    [
      -777.7818641478406,
      0.09813562881786407
    ],
    [
      -777.0025232702432,
      0.09812839237134095
    ],
    [
      -776.6881781248699,
      0.09812547439167905
    ],
    [
      -775.9513925483625,
      0.09811863686521362
    ],
    [
      -775.5819119366405,
      0.0981152089835094
    ],
    [
      -775.0907241903792,
      0.09811065296529264
    ],
    [
      -774.9015383661191,
      0.09161948180089664
    ],
    [
      -773.3909878009998,
      0.09160449337495531
    ],
    [
      -772.3853075356815,
      0.09159452161560667
    ],
    [
      -772.0728208968924,
      0.09159142432781868
    ],
    [
      -770.9730953794898,
      0.09158052847588707
    ],
    [
      -770.9638811273004,
      0.08591489183005604
    ],
    [
      -770.1855018629753,
      0.08444589255266793
    ],
    [
      -769.9388804201535,
      0.08444340578151929
    ],
    [
      -769.244735004382,
      0.08443640869566325
    ],
    [
      -768.8795694101859,
      0.08443272909276936
    ],
    [
      -767.3152958380028,
      0.08079140042697823
    ],
    [
      -766.6394411768729,
      0.08078483170085866
    ],
    [
      -766.6225531152559,
      0.079553836706971
    ],
    [
      -766.3770693031561,
      0.07955151000486073
    ],
    [
      -765.3226447865469,
      0.07954152164250126
    ],
    [
      -763.5793582925432,
      0.07952502737808868
    ],
    [
      -763.287980167839,
      0.0795222728522494
    ],
    [
      -762.8934280019708,
      0.07951854405994936
    ],
    [
      -762.4988792404823,
      0.07951481654562402
    ],
    [
      -762.4916875320577,
      0.07951474861325904
    ],
    [
      -762.1043338819562,
      0.07951109030876087
    ],
    [
      -761.7097919249719,
      0.07950736534883679
    ],
    [
      -761.3152533681131,
      0.07950364166533135
    ],
    [
      -760.9207182099613,
      0.07949991925776255
    ],
    [
      -760.5261864491002,
      0.0794961981256235
    ],
    [
      -760.1316580841154,
      0.07949247826838375
    ],
    [
      -759.7371331135928,
      0.07948875968555359
    ]
  ],
  "hall_of_fame": [
    [
      0.9935842133768437,
      0.6017598793929333
    ],
    [
      0.02145523063665067,
      0.9678763569371522
    ],
    [
      0.02145523063665067,
      0.8298939802117039
    ],
    [
      0.02145523063665067,
      0.7424796815988144
    ],
    [
      0.02145523063665067,
      0.690845320721004
    ],
    [
      0.02145523063665067,
      0.642205631160293
    ],
    [
      0.02145523063665067,
      0.6017598793929333
    ],
    [
      0.9669330312691141,
      1.0
    ],
    [
      0.9669330312691141,
      0.9678763569371522
    ],
    [
      0.9669330312691141,
      0.8298939802117039
    ],
    [
      0.9669330312691141,
      0.7424796815988144
    ],
    [
      0.9669330312691141,
      0.649325511164462
    ],
    [
      0.9669330312691141,
      0.642205631160293
    ],
    [
      0.9669330312691141,
      0.6017598793929333
    ],
    [
      0.9669330312691141,
      0.39621658072306465
    ],
    [
      0.05363186658072505,
      0.9678763569371522
    ],
    [
      0.05363186658072505,
      0.8298939802117039
    ],
    [
      0.05363186658072505,
      0.7424796815988144
    ],
    [
      0.05363186658072505,
      0.642205631160293
    ],
    [
      0.9248707483085182,
      1.0
    ],
    [
      0.9248707483085182,
      0.9678763569371522
    ],
    [
      0.9248707483085182,
      0.8298939802117039
    ],
    [
      0.9248707483085182,
      0.7424796815988144
    ],
    [
      0.9248707483085182,
      0.642205631160293
    ],
    [
      0.9248707483085182,
      0.6017598793929333
    ],
    [
      0.9248707483085182,
      0.5069590530549122
    ],
    [
      0.9248707483085182,
      0.4594181128172311
    ],
    [
      0.9248707483085182,
      0.39621658072306465
    ],
    [
      0.12436432112642881,
      0.9678763569371522
    ],
    [
      0.12436432112642881,
      0.7723709335297239
    ],
    [
      0.12436432112642881,
      0.642205631160293
    ],
    [
      0.12436432112642881,
      0.6017598793929333
    ],
    [
      0.12436432112642881,
      0.4594181128172311
    ],
    [
      0.8005679644071483,
      0.9678763569371522
    ],
    [
      0.7712836832645612,
      1.0
    ],
    [
      0.7712836832645612,
      0.9678763569371522
    ],
    [
      0.7712836832645612,
      0.8774596119832327
    ],
    [
      0.7712836832645612,
      0.8298939802117039
    ],
    [
      0.6490243156700943,
      0.9678763569371522
    ],
    [
      0.6490243156700943,
      0.8795420254306779
    ],
    [
      0.5191329198520601,
      1.0
    ],
    [
      0.5191329198520601,
      0.9678763569371522
    ],
    [
      0.5191329198520601,
      0.8298939802117039
    ],
    [
      0.5191329198520601,
      0.6017598793929333
    ],
    [
      0.5191329198520601,
      0.5636280132943701
    ],
    [
      0.5191329198520601,
      0.5119936524165597
    ],
    [
      0.5191329198520601,
      0.4603592915387493
    ],
    [
      0.5191329198520601,
      0.4594181128172311
    ],
    [
      0.5191329198520601,
      0.40872493066093896
    ],
    [
      0.5191329198520601,
      0.3570905697831286
    ],
    [
      0.5191329198520601,
      0.3054562089053182
    ],
    [
      0.5191329198520601,
      0.25382184802750785
    ],
    [
      0.5191329198520601,
      0.20218748714969748
    ],
    [
      0.5191329198520601,
      0.1505531262718871
    ],
    [
      0.5191329198520601,
      0.09891876539407674
    ]
  ]
}