{
  "run_id": 9,
  "seed": 6009,
  "steps": 500,
  "n_eval": 20,
  "elapsed_s": 46.46178865432739,
  "hof_fitness": [
    [
      -825.5490048227635,
      0.13851136819413118
    ],
    [
      -824.9147237589237,
      0.13850968162258917
    ],
    [
      -798.6915499372568,
      0.12163709476415407
    ],
    [
      -797.9719017071035,
      0.11920085148445099
    ],
    [
      -796.3398740149371,
      0.11919080044748101
    ],
    [
      -796.3343368885958,
      0.11919076635909501
    ],
    [
      -796.0911361532908,
      0.11918926921859138
    ],
    [
      -796.007746332067,
      0.11918875590992913
    ],
    [
      -795.7223625627956,
      0.11918699936795193
    ],
    [
      -795.4448248759037,
      0.11918529133651927
    ],
    [
      -794.6778814970826,
      0.1191805725048605
    ],
    [
      -793.0595895608768,
      0.11917062088870486
    ],
    [
      -792.8868877255295,
      0.11916955929643817
    ],
    [
      -791.3093699112701,
      0.11242693509486901
    ],
    [
      -789.68539253053,
      0.11241514379189257
    ],
    [
      -789.0784960781098,
      0.11241073955573962
    ],
    [
      -788.8032612877195,
      0.11240874259248732
    ],
    [
      -787.3164300732714,
      0.10785416815724161
    ],
    [
      -785.7005974205927,
      0.10784129214182706
    ],
    [
      -785.3783411387959,
      0.10783872537979458
    ],
    [
      -785.0967447999845,
      0.10783648279613997
    ],
    [
      -784.8228904355361,
      0.10783430215709622
    ],
    [
      -781.2053689623699,
      0.1033365864244831
    ],
    [
      -776.3113304937519,
      0.09331153054185017
    ],
    [
      -776.0987023743105,
      0.09298508223920181
    ],
    [
      -776.0828925319946,
      0.09298492693298076
    ],
    [
      -775.8768175408967,
      0.09266724328199659
    ],
    [
      -775.8610121965323,
      0.0926670876099951
    ],
    [
      -775.6611798573654,
      0.09235780770695562
    ],
    [
      -775.6453788844898,
      0.09235765169270697
    ],
    [
      -775.4515006819241,
      0.09205643747616497
    ],
    [
      -775.4357039599076,
      0.09205628114221187
    ],
    [
      -775.2475113215914,
      0.09176281544143829
    ],
    [
      -775.2317187352457,
      0.091762658809331
    ],
    [
      -774.2020750131504,
      0.09027517795494154
    ],
    [
      -772.6130123204674,
      0.09025927378992035
    ],
    [
      -772.2960950426547,
      0.09025610367029267
    ],
    [
      -771.8490292848566,
      0.08686227376445377
    ],
    [
      -770.264775688655,
      0.08684624051573529
    ],
    [
      -769.9986509711381,
      0.08420178482786282
    ],
    [
      -769.3609143877056,
      0.08329842281158023
    ],
    [
      -767.4668059905379,
      0.0832794626449213
    ],
    [
      -767.1915999616303,
      0.08327670991940986
    ],
    [
      -767.140230731651,
      0.0802527041214361
    ],
    [
      -766.9413656188391,
      0.07999023812454215
    ],
    [
      -766.6030406443389,
      0.07954864176182593
    ],
    [
      -766.5934513117533,
      0.07953622008954858
    ],
    [
      -765.029520965554,
      0.07953373832173295
    ],
    [
      -764.7157035730228,
      0.07953076840663867
    ],
    [
      -764.1747984972149,
      0.0795256512251872
    ],
    [
      -764.1652394744629,
      0.07951323683873303
    ],
    [
      -761.7169072662547,
      0.0795024280936653
    ],
    [
      -759.2211600138218,
      0.07947889670685383
    ]
  ],
  "hall_of_fame": [
    [
      0.0007056088131713358,
      0.7920437829357857
    ],
    [
      0.0007056088131713358,
      0.715090447629854
    ],
    [
      0.9907093136250276,
      0.7509764399089986
    ],
    [
      0.9879155933541218,
      0.9979563196420602
    ],
    [
      0.9879155933541218,
      0.792740050151714
    ],
    [
      0.9879155933541218,
      0.7920437829357857
    ],
    [
      0.9879155933541218,
      0.7614623734657883
    ],
    [
      0.9879155933541218,
      0.7509764399089986
    ],
    [
      0.9879155933541218,
      0.715090447629854
    ],
    [
      0.9879155933541218,
      0.6801908722433831
    ],
    [
      0.9879155933541218,
      0.5837488968362116
    ],
    [
      0.9879155933541218,
      0.38024618638161767
    ],
    [
      0.9879155933541218,
      0.3585282686775275
    ],
    [
      0.023278644750211575,
      0.9979563196420602
    ],
    [
      0.023278644750211575,
      0.7920437829357857
    ],
    [
      0.023278644750211575,
      0.715090447629854
    ],
    [
      0.023278644750211575,
      0.6801908722433831
    ],
    [
      0.9653425574170816,
      0.9979563196420602
    ],
    [
      0.9653425574170816,
      0.7920437829357857
    ],
    [
      0.9653425574170816,
      0.7509764399089986
    ],
    [
      0.9653425574170816,
      0.715090447629854
    ],
    [
      0.9653425574170816,
      0.6801908722433831
    ],
    [
      0.05003844143819114,
      0.6801908722433831
    ],
    [
      0.8909705903888226,
      0.9979563196420602
    ],
    [
      0.8881768701179169,
      1.0
    ],
    [
      0.8881768701179169,
      0.9979563196420602
    ],
    [
      0.8853831498470112,
      1.0
    ],
    [
      0.8853831498470112,
      0.9979563196420602
    ],
    [
      0.8825894295761054,
      1.0
    ],
    [
      0.8825894295761054,
      0.9979563196420602
    ],
    [
      0.8797957093051997,
      1.0
    ],
    [
      0.8797957093051997,
      0.9979563196420602
    ],
    [
      0.8770019890342939,
      1.0
    ],
    [
      0.8770019890342939,
      0.9979563196420602
    ],
    [
      0.13834774888411408,
      0.9979563196420602
    ],
    [
      0.13834774888411408,
      0.7920437829357857
    ],
    [
      0.13834774888411408,
      0.7509764399089986
    ],
    [
      0.18349382075819456,
      0.9979563196420602
    ],
    [
      0.18349382075819456,
      0.7920437829357857
    ],
    [
      0.7657663153057706,
      0.9979563196420602
    ],
    [
      0.7431932793687304,
      0.9979563196420602
    ],
    [
      0.7431932793687304,
      0.7509764399089986
    ],
    [
      0.7431932793687304,
      0.715090447629854
    ],
    [
      0.3858738347577528,
      0.9979563196420602
    ],
    [
      0.408446870694793,
      0.9979563196420602
    ],
    [
      0.5164664941557322,
      0.9979563196420602
    ],
    [
      0.49389345821869196,
      0.9979563196420602
    ],
    [
      0.5164664941557322,
      0.7920437829357857
    ],
    [
      0.5164664941557322,
      0.7509764399089986
    ],
    [
      0.5164664941557322,
      0.6801908722433831
    ],
    [
      0.49389345821869196,
      0.6801908722433831
    ],
    [
      0.5164664941557322,
      0.3585282686775275
    ],
    [
      0.5164664941557322,
      0.03189380162191502
    ]
  ]
}