{
  "run_id": 0,
  "seed": 6000,
  "steps": 500,
  "n_eval": 20,
  "elapsed_s": 47.18858814239502,
  "hof_fitness": [
    [
      -782.4699880529882,
      0.10219278173783804
    ],
    [
      -782.0839566986583,
      0.10218939182833256
    ],
    [
      -781.6523335588556,
      0.1021856023267931
    ],
    [
      -780.9728037078136,
      0.10217963793521974
    ],
    [
      -780.9509795106073,
      0.10217944641249169
    ],
    [
      -780.6816326470584,
      0.09976528773989785
    ],
    [
      -780.6598585468238,
      0.09976508961719929
    ],
    [
      -780.6380844566704,
      0.09976489149676332
    ],
    [
      -780.2529517869659,
      0.09976138757221832
    ],
    [
      -779.8441071901436,
      0.09975766866647319
    ],
    [
      -779.8223334775262,
      0.09975747063147188
    ],
    [
      -779.1226122176704,
      0.09975110773178829
    ],
    [
      -777.5204779980019,
      0.09973654725855158
    ],
    [
      -777.4987053590687,
      0.09973634946644293
    ],
    [
      -776.3692310607934,
      0.09819621410391871
    ],
    [
      -774.8228827303536,
      0.09156344131258608
    ],
    [
      -774.8012711951013,
      0.09156322670271771
    ],
    [
      -774.7796596699172,
      0.09156301209556376
    ],
    [
      -774.3974024040508,
      0.0915592166318619
    ],
    [
      -773.969999117458,
      0.09155497388206359
    ],
    [
      -773.2755020710375,
      0.09154808193258758
    ],
    [
      -773.0604276125091,
      0.09154594815693408
    ],
    [
      -771.6637197651921,
      0.09153209759111196
    ],
    [
      -770.9320422115651,
      0.08598769321930645
    ],
    [
      -770.0114668109686,
      0.08460356113833095
    ],
    [
      -769.9899889182167,
      0.08460334445046967
    ],
    [
      -769.9685110355126,
      0.0846031277658934
    ],
    [
      -769.1638573356618,
      0.08459501208652241
    ],
    [
      -769.1061277575004,
      0.08337789013154738
    ],
    [
      -768.3238257644647,
      0.08337005314040048
    ],
    [
      -768.3023722319268,
      0.08336983828267924
    ],
    [
      -768.1088726773546,
      0.08192644799383667
    ],
    [
      -768.0660226983327,
      0.0819260245156024
    ],
    [
      -767.2633508030177,
      0.08191809436705413
    ],
    [
      -766.9275295500898,
      0.08191477796860999
    ],
    [
      -766.5962727205749,
      0.08191150746121643
    ],
    [
      -766.5748484342329,
      0.08191129596653364
    ],
    [
      -766.3616304421062,
      0.08190919132151421
    ],
    [
      -766.3555208660492,
      0.08068131170507331
    ],
    [
      -766.3237064116547,
      0.0795333390186119
    ],
    [
      -766.3024106350803,
      0.07953323959450283
    ],
    [
      -766.302331085621,
      0.0795331365405325
    ],
    [
      -766.2810353168605,
      0.07953303711963831
    ],
    [
      -766.2809557696163,
      0.0795329340661936
    ],
    [
      -765.9029560104593,
      0.07952945642027791
    ],
    [
      -765.9028765023794,
      0.07952935337626658
    ],
    [
      -765.4802241417273,
      0.07952545418642434
    ],
    [
      -765.4801446774368,
      0.07952535115293632
    ],
    [
      -765.0684053060008,
      0.07952155665172535
    ],
    [
      -764.7933178431833,
      0.07951895392791469
    ],
    [
      -764.7932384500492,
      0.07951885091155714
    ],
    [
      -764.5805147594093,
      0.07951683866025466
    ],
    [
      -763.1991523497448,
      0.07950388277330854
    ],
    [
      -763.1990731217502,
      0.07950377979675755
    ],
    [
      -761.5066980747868,
      0.07948790468009206
    ],
    [
      -761.5066190221154,
      0.07948780174590865
    ],
    [
      -760.8948742322337,
      0.07948203204957326
    ]
  ],
  "hall_of_fame": [
    [
      0.05486613444279065,
      0.9570959889920864
    ],
    [
      0.05486613444279065,
      0.9076197910896981
    ],
    [
      0.05486613444279065,
      0.8522997855950335
    ],
    [
      0.05486613444279065,
      0.7652052038054759
    ],
    [
      0.05486613444279065,
      0.7624080000926726
    ],
    [
      0.9336740997346352,
      0.9626903964176928
    ],
    [
      0.9336740997346352,
      0.9598931927048896
    ],
    [
      0.9336740997346352,
      0.9570959889920864
    ],
    [
      0.9336740997346352,
      0.9076197910896981
    ],
    [
      0.9336740997346352,
      0.8550969893078367
    ],
    [
      0.9336740997346352,
      0.8522997855950335
    ],
    [
      0.9336740997346352,
      0.7624080000926726
    ],
    [
      0.9336740997346352,
      0.5565800052545445
    ],
    [
      0.9336740997346352,
      0.5537828015417413
    ],
    [
      0.925298592392477,
      0.5537828015417413
    ],
    [
      0.12490873920872425,
      0.9626903964176928
    ],
    [
      0.12490873920872425,
      0.9598931927048896
    ],
    [
      0.12490873920872425,
      0.9570959889920864
    ],
    [
      0.12490873920872425,
      0.9076197910896981
    ],
    [
      0.12490873920872425,
      0.8522997855950335
    ],
    [
      0.12490873920872425,
      0.7624080000926726
    ],
    [
      0.12490873920872425,
      0.7345697011874415
    ],
    [
      0.12490873920872425,
      0.5537828015417413
    ],
    [
      0.801880504527736,
      0.9570959889920864
    ],
    [
      0.2252010065292076,
      0.9626903964176928
    ],
    [
      0.2252010065292076,
      0.9598931927048896
    ],
    [
      0.2252010065292076,
      0.9570959889920864
    ],
    [
      0.2252010065292076,
      0.8522997855950335
    ],
    [
      0.254584119324228,
      0.9570959889920864
    ],
    [
      0.254584119324228,
      0.8550969893078367
    ],
    [
      0.254584119324228,
      0.8522997855950335
    ],
    [
      0.699964998250771,
      0.9626903964176928
    ],
    [
      0.699964998250771,
      0.9570959889920864
    ],
    [
      0.699964998250771,
      0.8522997855950335
    ],
    [
      0.699964998250771,
      0.8084546848031039
    ],
    [
      0.699964998250771,
      0.7652052038054759
    ],
    [
      0.699964998250771,
      0.7624080000926726
    ],
    [
      0.699964998250771,
      0.7345697011874415
    ],
    [
      0.35674285043688014,
      0.8522997855950335
    ],
    [
      0.5055776841594855,
      0.9626903964176928
    ],
    [
      0.49425089302853265,
      0.9598931927048896
    ],
    [
      0.5055776841594855,
      0.9598931927048896
    ],
    [
      0.49425089302853265,
      0.9570959889920864
    ],
    [
      0.5055776841594855,
      0.9570959889920864
    ],
    [
      0.49425089302853265,
      0.9076197910896981
    ],
    [
      0.5055776841594855,
      0.9076197910896981
    ],
    [
      0.49425089302853265,
      0.8522997855950335
    ],
    [
      0.5055776841594855,
      0.8522997855950335
    ],
    [
      0.49425089302853265,
      0.7984074003930687
    ],
    [
      0.49425089302853265,
      0.7624080000926726
    ],
    [
      0.5055776841594855,
      0.7624080000926726
    ],
    [
      0.5055776841594855,
      0.7345697011874415
    ],
    [
      0.49425089302853265,
      0.5537828015417413
    ],
    [
      0.5055776841594855,
      0.5537828015417413
    ],
    [
      0.49425089302853265,
      0.33228678740916473
    ],
    [
      0.5055776841594855,
      0.33228678740916473
    ],
    [
      0.5055776841594855,
      0.25222408837126364
    ]
  ]
}