{
  "run_id": 4,
  "seed": 6004,
  "steps": 500,
  "n_eval": 20,
  "elapsed_s": 46.192665338516235,
  "hof_fitness": [
    [
      -788.8831526674874,
      0.10984697437315154
    ],
    [
      -788.8578239108666,
      0.10984678017939349
    ],
    [
      -788.6867079369845,
      0.10984546830635586
    ],
    [
      -788.4415082392333,
      0.1098435886499014
    ],
    [
      -788.1767662798248,
      0.109841559430395
    ],
    [
      -788.0955597970623,
      0.10984093704201332
    ],
    [
      -787.4430316159519,
      0.1098359367562105
    ],
    [
      -785.5877801173084,
      0.10982172848040636
    ],
    [
      -782.4996229897876,
      0.1019882038896112
    ],
    [
      -782.4744979796847,
      0.1019879825179177
    ],
    [
      -782.0615311983161,
      0.10198434434220019
    ],
    [
      -781.7989188669632,
      0.10198203115543776
    ],
    [
      -781.7183656247175,
      0.10198132167317157
    ],
    [
      -781.0710865421441,
      0.10197562171705957
    ],
    [
      -780.0752976205894,
      0.1019668563545699
    ],
    [
      -779.977734550661,
      0.09966806287665912
    ],
    [
      -779.3857097905458,
      0.09784245807023167
    ],
    [
      -778.7127827231797,
      0.09783617924305067
    ],
    [
      -778.6325457019831,
      0.09783543072777354
    ],
    [
      -777.9878076051172,
      0.09782941722208553
    ],
    [
      -777.8050897972718,
      0.09782771336841643
    ],
    [
      -776.1547051955223,
      0.09781233073466543
    ],
    [
      -773.7798240729866,
      0.08985010883595913
    ],
    [
      -773.7549776006178,
      0.08984985950524432
    ],
    [
      -773.0072278420539,
      0.08984235764282265
    ],
    [
      -772.5907020634442,
      0.08983818023633595
    ],
    [
      -772.3671246796295,
      0.08983593836138447
    ],
    [
      -771.7517743699374,
      0.08694322418795063
    ],
    [
      -771.0854071327557,
      0.08693647941003667
    ],
    [
      -771.0059522832385,
      0.08693567537888926
    ],
    [
      -770.3897745483949,
      0.08497898848690183
    ],
    [
      -769.7245788484138,
      0.08497226950313609
    ],
    [
      -769.6452636888445,
      0.08497146855774346
    ],
    [
      -769.3622414416154,
      0.08408762409722398
    ],
    [
      -768.773168362217,
      0.08268788702074062
    ],
    [
      -768.6063872212088,
      0.08268622520965561
    ],
    [
      -768.1093638468484,
      0.08268127404583042
    ],
    [
      -768.0302145671341,
      0.0826804857540642
    ],
    [
      -767.3942169782681,
      0.08267415313720877
    ],
    [
      -767.2997763239199,
      0.08066822202850628
    ],
    [
      -767.1333139307809,
      0.08066660722598369
    ],
    [
      -766.7216925172526,
      0.08011885098784839
    ],
    [
      -766.6700397460922,
      0.07980194134378446
    ],
    [
      -766.645420779114,
      0.07980170663682176
    ],
    [
      -766.0080671961189,
      0.07979563205181453
    ],
    [
      -765.9834485865863,
      0.07979539747788954
    ],
    [
      -765.9045177863205,
      0.07979464543265438
    ],
    [
      -763.4670161187711,
      0.0797714455103937
    ],
    [
      -763.2862382204078,
      0.07953529302430777
    ]
  ],
  "hall_of_fame": [
    [
      0.9707599215691654,
      0.9811320656207785
    ],
    [
      0.9707599215691654,
      0.9779112658392077
    ],
    [
      0.9707599215691654,
      0.9561521471995972
    ],
    [
      0.9707599215691654,
      0.9249724019558568
    ],
    [
      0.9707599215691654,
      0.8913074716799433
    ],
    [
      0.9707599215691654,
      0.8809811129755121
    ],
    [
      0.9707599215691654,
      0.7980038512516148
    ],
    [
      0.9707599215691654,
      0.5620788560087875
    ],
    [
      0.9442353766105852,
      0.9811320656207785
    ],
    [
      0.9442353766105852,
      0.9779112658392077
    ],
    [
      0.9442353766105852,
      0.9249724019558568
    ],
    [
      0.9442353766105852,
      0.8913074716799433
    ],
    [
      0.9442353766105852,
      0.8809811129755121
    ],
    [
      0.9442353766105852,
      0.7980038512516148
    ],
    [
      0.9442353766105852,
      0.6703475188969469
    ],
    [
      0.0667975621998187,
      0.8809811129755121
    ],
    [
      0.07694401295158737,
      0.9779112658392077
    ],
    [
      0.07694401295158737,
      0.8913074716799433
    ],
    [
      0.07694401295158737,
      0.8809811129755121
    ],
    [
      0.07694401295158737,
      0.7980038512516148
    ],
    [
      0.07694401295158737,
      0.7744880126178787
    ],
    [
      0.07694401295158737,
      0.5620788560087875
    ],
    [
      0.8568734775980572,
      0.9811320656207785
    ],
    [
      0.8568734775980572,
      0.9779112658392077
    ],
    [
      0.8568734775980572,
      0.8809811129755121
    ],
    [
      0.8568734775980572,
      0.826986558427721
    ],
    [
      0.8568734775980572,
      0.7980038512516148
    ],
    [
      0.8178108896332728,
      0.9779112658392077
    ],
    [
      0.8178108896332728,
      0.8913074716799433
    ],
    [
      0.8178108896332728,
      0.8809811129755121
    ],
    [
      0.21733790645015083,
      0.9779112658392077
    ],
    [
      0.21733790645015083,
      0.8913074716799433
    ],
    [
      0.21733790645015083,
      0.8809811129755121
    ],
    [
      0.23676022050299173,
      0.9249724019558568
    ],
    [
      0.2743871897387681,
      0.9779112658392077
    ],
    [
      0.2743871897387681,
      0.9561521471995972
    ],
    [
      0.2743871897387681,
      0.8913074716799433
    ],
    [
      0.2743871897387681,
      0.8809811129755121
    ],
    [
      0.2743871897387681,
      0.7980038512516148
    ],
    [
      0.35805580804200243,
      0.9779112658392077
    ],
    [
      0.35805580804200243,
      0.9561521471995972
    ],
    [
      0.39642755977630206,
      0.9561521471995972
    ],
    [
      0.42933666156292316,
      0.9811320656207785
    ],
    [
      0.42933666156292316,
      0.9779112658392077
    ],
    [
      0.42933666156292316,
      0.894528271461514
    ],
    [
      0.42933666156292316,
      0.8913074716799433
    ],
    [
      0.42933666156292316,
      0.8809811129755121
    ],
    [
      0.42933666156292316,
      0.5620788560087875
    ],
    [
      0.4752409978030052,
      0.5620788560087875
    ]
  ]
}