{
  "run_id": 5,
  "seed": 6005,
  "steps": 500,
  "n_eval": 20,
  "elapsed_s": 49.24081087112427,
  "hof_fitness": [
    [
      -1002.3262888824371,
      0.06728139011779102
    ]
  ],
  "hall_of_fame": [
    [
      1.0,
      0.993237712331896
    ]
  ]
}