{
  "run_id": 2,
  "seed": 6002,
  "steps": 500,
  "n_eval": 20,
  "elapsed_s": 46.25309467315674,
  "hof_fitness": [
    [
      -798.9164164602172,
      0.1202487751572541
    ],
    [
      -798.0029391398311,
      0.12024330876397808
    ],
    [
      -797.5444544128625,
      0.12024056596824835
    ],
    [
      -797.1673592192457,
      0.12023831049492137
    ],
    [
      -796.4480526266434,
      0.12023400925848901
    ],
    [
      -796.439626703344,
      0.1202339588822678
    ],
    [
      -795.0903284003793,
      0.12022589427876736
    ],
    [
      -794.8664001384003,
      0.1202245563593762
    ],
    [
      -794.7666717764642,
      0.12022396054901315
    ],
    [
      -791.3575759397082,
      0.12020360956092577
    ],
    [
      -781.5853538261376,
      0.10085173171547399
    ],
    [
      -780.6915733820314,
      0.10084372453280663
    ],
    [
      -779.8740109741962,
      0.10083640331733454
    ],
    [
      -779.5394011539506,
      0.0980902478467145
    ],
    [
      -778.6479474641714,
      0.09808195642530596
    ],
    [
      -778.182725443395,
      0.09621230269971087
    ],
    [
      -777.5518999253926,
      0.0953277020209517
    ],
    [
      -776.6627070851501,
      0.09531916259118245
    ],
    [
      -775.8493411331909,
      0.09531135491893175
    ],
    [
      -773.8847239887369,
      0.09007650169948334
    ],
    [
      -772.9997045823967,
      0.09006763359702602
    ],
    [
      -772.1901562244526,
      0.09005952573447586
    ],
    [
      -771.9205261117187,
      0.08722620924110182
    ],
    [
      -771.037743362749,
      0.08721727734182319
    ],
    [
      -770.2302409552699,
      0.08720911141647053
    ],
    [
      -769.5351051478466,
      0.08720208509111142
    ],
    [
      -769.4269303101776,
      0.08364455796816325
    ],
    [
      -768.5469887568238,
      0.08363572632405275
    ],
    [
      -768.3549333008727,
      0.08214296122921853
    ],
    [
      -767.4762138831046,
      0.08213425718016436
    ],
    [
      -766.6724283437293,
      0.08212630033495423
    ],
    [
      -766.5002307670931,
      0.0796467649550385
    ],
    [
      -765.6236270155117,
      0.07963844109941769
    ],
    [
      -764.8217767443454,
      0.07963083245097227
    ],
    [
      -764.1315066060138,
      0.07962428668536378
    ],
    [
      -762.6137023752287,
      0.07960990686752403
    ],
    [
      -762.5179999118386,
      0.07960900078930665
    ],
    [
      -759.2465287106207,
      0.07957807147763736
    ]
  ],
  "hall_of_fame": [
    [
      0.989181907148766,
      0.9744395664890848
    ],
    [
      0.989181907148766,
      0.8597381323157371
    ],
    [
      0.989181907148766,
      0.8021673661804832
    ],
    [
      0.989181907148766,
      0.7548160756624744
    ],
    [
      0.989181907148766,
      0.6644927959402472
    ],
    [
      0.989181907148766,
      0.6634347455106627
    ],
    [
      0.989181907148766,
      0.49399986443284816
    ],
    [
      0.989181907148766,
      0.4658801643134659
    ],
    [
      0.989181907148766,
      0.4533567748850639
    ],
    [
      0.989181907148766,
      0.02524434817697696
    ],
    [
      0.9390439057832705,
      0.9744395664890848
    ],
    [
      0.9390439057832705,
      0.8597381323157371
    ],
    [
      0.9390439057832705,
      0.7548160756624744
    ],
    [
      0.07548944636013966,
      0.9744395664890848
    ],
    [
      0.07548944636013966,
      0.8597381323157371
    ],
    [
      0.0872048048612537,
      0.9744395664890848
    ],
    [
      0.9066678887456329,
      0.9744395664890848
    ],
    [
      0.9066678887456329,
      0.8597381323157371
    ],
    [
      0.9066678887456329,
      0.7548160756624744
    ],
    [
      0.14054343362951072,
      0.9744395664890848
    ],
    [
      0.14054343362951072,
      0.8597381323157371
    ],
    [
      0.14054343362951072,
      0.7548160756624744
    ],
    [
      0.8221933254582332,
      0.9744395664890848
    ],
    [
      0.8221933254582332,
      0.8597381323157371
    ],
    [
      0.8221933254582332,
      0.7548160756624744
    ],
    [
      0.8221933254582332,
      0.6644927959402472
    ],
    [
      0.2476753009776529,
      0.9744395664890848
    ],
    [
      0.2476753009776529,
      0.8597381323157371
    ],
    [
      0.7077412201786649,
      0.9744395664890848
    ],
    [
      0.7077412201786649,
      0.8597381323157371
    ],
    [
      0.7077412201786649,
      0.7548160756624744
    ],
    [
      0.5462491535165114,
      0.9744395664890848
    ],
    [
      0.5462491535165114,
      0.8597381323157371
    ],
    [
      0.5462491535165114,
      0.7548160756624744
    ],
    [
      0.5462491535165114,
      0.6644927959402472
    ],
    [
      0.5462491535165114,
      0.4658801643134659
    ],
    [
      0.5462491535165114,
      0.4533567748850639
    ],
    [
      0.5462491535165114,
      0.02524434817697696
    ]
  ]
}