{
  "run_id": 8,
  "seed": 6008,
  "steps": 500,
  "n_eval": 20,
  "elapsed_s": 48.10108518600464,
  "hof_fitness": [
    [
      -797.4550804452921,
      0.11903730611244341
    ],
    [
      -797.284563260411,
      0.11903625120356012
    ],
    [
      -795.3556480927473,
      0.11902432360102336
    ],
    [
      -795.0862352505793,
      0.11902265849498986
    ],
    [
      -794.5664919793015,
      0.11901944679603667
    ],
    [
      -793.366890570267,
      0.11901203687097853
    ],
    [
      -791.8540447271766,
      0.11900269777354296
    ],
    [
      -790.0295981991385,
      0.11899144359971663
    ],
    [
      -786.5323689402562,
      0.10731936322325256
    ],
    [
      -786.3641729528895,
      0.10731800925796928
    ],
    [
      -784.9429959230215,
      0.10730657324050166
    ],
    [
      -783.6831029714647,
      0.1072964415568766
    ],
    [
      -783.4988838817227,
      0.10354820251522653
    ],
    [
      -781.1712445624003,
      0.10352820538046825
    ],
    [
      -779.4818089230336,
      0.10351370545909136
    ],
    [
      -778.3672028317565,
      0.09668346060105247
    ],
    [
      -778.2524354378878,
      0.09652369985827257
    ],
    [
      -778.0860000587252,
      0.09652212220818893
    ],
    [
      -777.067208440872,
      0.09486034441989834
    ],
    [
      -776.9010252177906,
      0.09485874059886411
    ],
    [
      -775.195378186181,
      0.09219022608473715
    ],
    [
      -773.2605493544776,
      0.08963087470764369
    ],
    [
      -770.4432078309803,
      0.08554728200383878
    ],
    [
      -769.7104103742765,
      0.08426276216615619
    ],
    [
      -769.1701361776309,
      0.0834959718630901
    ],
    [
      -769.0056345690141,
      0.08349432220154186
    ],
    [
      -767.6156737192288,
      0.08348039092376089
    ],
    [
      -767.4630462834064,
      0.0811279961493572
    ],
    [
      -766.3071245365641,
      0.07959221718185969
    ],
    [
      -766.2600300272564,
      0.07953114379550306
    ],
    [
      -766.0961490983319,
      0.07952959166804437
    ],
    [
      -765.8695457855828,
      0.07952744584795496
    ],
    [
      -764.7114327455001,
      0.07951648553432956
    ],
    [
      -764.2423055493759,
      0.07951204880492835
    ],
    [
      -763.9833782031822,
      0.07950960077809885
    ],
    [
      -763.4838633741658,
      0.07950487963703631
    ],
    [
      -762.3309512048853,
      0.07949399057292197
    ],
    [
      -759.1235532863249,
      0.07946375316789273
    ]
  ],
  "hall_of_fame": [
    [
      0.012288920467318887,
      0.9545196193557591
    ],
    [
      0.012288920467318887,
      0.9330738446319928
    ],
    [
      0.012288920467318887,
      0.6904709319494994
    ],
    [
      0.012288920467318887,
      0.6565856656064374
    ],
    [
      0.012288920467318887,
      0.5912146887805844
    ],
    [
      0.012288920467318887,
      0.4403315664200017
    ],
    [
      0.012288920467318887,
      0.2500440299762501
    ],
    [
      0.012288920467318887,
      0.020555219589117102
    ],
    [
      0.036235939407936346,
      0.9545196193557591
    ],
    [
      0.036235939407936346,
      0.9330738446319928
    ],
    [
      0.036235939407936346,
      0.751864112252815
    ],
    [
      0.036235939407936346,
      0.5912146887805844
    ],
    [
      0.049273749827093205,
      0.9545196193557591
    ],
    [
      0.049273749827093205,
      0.6565856656064374
    ],
    [
      0.049273749827093205,
      0.4403315664200017
    ],
    [
      0.08409825166357383,
      0.9545196193557591
    ],
    [
      0.08513583996863827,
      0.9545196193557591
    ],
    [
      0.08513583996863827,
      0.9330738446319928
    ],
    [
      0.09673343636169476,
      0.9545196193557591
    ],
    [
      0.09673343636169476,
      0.9330738446319928
    ],
    [
      0.11892275350005446,
      0.9545196193557591
    ],
    [
      0.1456333369223967,
      0.9330738446319928
    ],
    [
      0.2061308338761551,
      0.9330738446319928
    ],
    [
      0.2327572178064914,
      0.9545196193557591
    ],
    [
      0.2514620200914368,
      0.9545196193557591
    ],
    [
      0.2514620200914368,
      0.9330738446319928
    ],
    [
      0.2514620200914368,
      0.751864112252815
    ],
    [
      0.6664187389513869,
      0.9545196193557591
    ],
    [
      0.5338810960311466,
      0.9545196193557591
    ],
    [
      0.49905659419466597,
      0.9545196193557591
    ],
    [
      0.49905659419466597,
      0.9330738446319928
    ],
    [
      0.49905659419466597,
      0.9034199706469626
    ],
    [
      0.49905659419466597,
      0.751864112252815
    ],
    [
      0.49905659419466597,
      0.6904709319494994
    ],
    [
      0.49905659419466597,
      0.6565856656064374
    ],
    [
      0.49905659419466597,
      0.5912146887805844
    ],
    [
      0.49905659419466597,
      0.4403315664200017
    ],
    [
      0.49905659419466597,
      0.020555219589117102
    ]
  ]
}