{
  "run_id": 6,
  "seed": 6006,
  "steps": 500,
  "n_eval": 20,
  "elapsed_s": 47.92651724815369,
  "hof_fitness": [
    [
      -797.3567917721252,
      0.11872767774842255
    ],
    [
      -795.8096567762736,
      0.11871802847966899
    ],
    [
      -795.5325129427656,
      0.11871630068741164
    ],
    [
      -794.7633080927296,
      0.11871150638745172
    ],
    [
      -794.718796133553,
      0.11871122900452895
    ],
    [
      -793.6060259565625,
      0.11870429643066886
    ],
    [
      -793.5816057055306,
      0.11870414433138918
    ],
    [
      -792.5531780883086,
      0.11869774039305683
    ],
    [
      -792.3779299904586,
      0.11869664943445621
    ],
    [
      -792.230800474123,
      0.11869573358720094
    ],
    [
      -790.2406529839917,
      0.11868335137223958
    ],
    [
      -785.4232668469708,
      0.10568840115005027
    ],
    [
      -783.8991453841501,
      0.1056757677234486
    ],
    [
      -783.6261241200829,
      0.10567350563663713
    ],
    [
      -783.5348423388971,
      0.10567274939838929
    ],
    [
      -783.024976621966,
      0.10566852594955607
    ],
    [
      -782.8245116374113,
      0.10566686569230851
    ],
    [
      -782.3198194533311,
      0.10172902829523948
    ],
    [
      -780.801685406661,
      0.10171560449017143
    ],
    [
      -780.529736707838,
      0.1017132009089616
    ],
    [
      -780.4388135287682,
      0.10171239736956014
    ],
    [
      -779.7749509511685,
      0.10170653154419959
    ],
    [
      -779.731273395326,
      0.10170614568153799
    ],
    [
      -778.6154005237936,
      0.1016962905184196
    ],
    [
      -777.7991011780947,
      0.09557763504787337
    ],
    [
      -776.2896922289038,
      0.09556317946452375
    ],
    [
      -775.2254322880422,
      0.095552994039116
    ],
    [
      -774.5497399203249,
      0.09093902845806762
    ],
    [
      -773.046605834861,
      0.09092404426923271
    ],
    [
      -772.7773441739754,
      0.09092136146087326
    ],
    [
      -772.7247653429423,
      0.0904575394498261
    ],
    [
      -772.4556152692002,
      0.09045485017222822
    ],
    [
      -772.3656277838613,
      0.09045395113394955
    ],
    [
      -771.7085970849731,
      0.09044738835076532
    ],
    [
      -771.665369022159,
      0.09044695665245034
    ],
    [
      -771.4427943445534,
      0.08643472950463081
    ],
    [
      -769.9456640150788,
      0.08641957689367906
    ],
    [
      -769.6774778425931,
      0.08641686407666377
    ],
    [
      -769.0869764931308,
      0.08641089253468694
    ],
    [
      -768.9630316320112,
      0.08289444758875068
    ],
    [
      -767.4706967849564,
      0.08287955683518497
    ],
    [
      -767.2033696541753,
      0.08287689108475178
    ],
    [
      -767.113991652141,
      0.08287599993319453
    ],
    [
      -766.4888512568028,
      0.07954318424902264
    ],
    [
      -765.0013053562794,
      0.07952909743009572
    ],
    [
      -763.9524609830243,
      0.07951917571491564
    ],
    [
      -763.5739894343858,
      0.07951559766622272
    ],
    [
      -762.8825517498864,
      0.0795090638161435
    ],
    [
      -762.8590721108644,
      0.07950884200878575
    ],
    [
      -761.7017596984601,
      0.0794979145820008
    ],
    [
      -761.5602973958116,
      0.07949657961966342
    ],
    [
      -759.6468088457403,
      0.07947853797448363
    ]
  ],
  "hall_of_fame": [
    [
      0.012690539770867426,
      0.9834587497688435
    ],
    [
      0.012690539770867426,
      0.7887956857730237
    ],
    [
      0.012690539770867426,
      0.7539243447610459
    ],
    [
      0.012690539770867426,
      0.657138894285152
    ],
    [
      0.012690539770867426,
      0.6515381160955933
    ],
    [
      0.012690539770867426,
      0.5115206350844669
    ],
    [
      0.012690539770867426,
      0.50844785177836
    ],
    [
      0.012690539770867426,
      0.3790401294649438
    ],
    [
      0.012690539770867426,
      0.35698827630570484
    ],
    [
      0.012690539770867426,
      0.3384745853606169
    ],
    [
      0.012690539770867426,
      0.08804369686750646
    ],
    [
      0.041463007447530065,
      0.9834587497688435
    ],
    [
      0.041463007447530065,
      0.7887956857730237
    ],
    [
      0.041463007447530065,
      0.7539243447610459
    ],
    [
      0.041463007447530065,
      0.7422654349457932
    ],
    [
      0.041463007447530065,
      0.6771427363740531
    ],
    [
      0.041463007447530065,
      0.6515381160955933
    ],
    [
      0.9430867615118484,
      0.9834587497688435
    ],
    [
      0.9430867615118484,
      0.7887956857730237
    ],
    [
      0.9430867615118484,
      0.7539243447610459
    ],
    [
      0.9430867615118484,
      0.7422654349457932
    ],
    [
      0.9430867615118484,
      0.657138894285152
    ],
    [
      0.9430867615118484,
      0.6515381160955933
    ],
    [
      0.9430867615118484,
      0.50844785177836
    ],
    [
      0.09156273432888684,
      0.9834587497688435
    ],
    [
      0.09156273432888684,
      0.7887956857730237
    ],
    [
      0.09156273432888684,
      0.6515381160955933
    ],
    [
      0.13122585754905258,
      0.9834587497688435
    ],
    [
      0.13122585754905258,
      0.7887956857730237
    ],
    [
      0.13122585754905258,
      0.7539243447610459
    ],
    [
      0.13617504151197368,
      0.7887956857730237
    ],
    [
      0.13617504151197368,
      0.7539243447610459
    ],
    [
      0.13617504151197368,
      0.7422654349457932
    ],
    [
      0.13617504151197368,
      0.657138894285152
    ],
    [
      0.13617504151197368,
      0.6515381160955933
    ],
    [
      0.8095497573470662,
      0.9834587497688435
    ],
    [
      0.8095497573470662,
      0.7887956857730237
    ],
    [
      0.8095497573470662,
      0.7539243447610459
    ],
    [
      0.8095497573470662,
      0.6771427363740531
    ],
    [
      0.26818447439306403,
      0.9834587497688435
    ],
    [
      0.26818447439306403,
      0.7887956857730237
    ],
    [
      0.26818447439306403,
      0.7539243447610459
    ],
    [
      0.26818447439306403,
      0.7422654349457932
    ],
    [
      0.48628133476569546,
      0.9834587497688435
    ],
    [
      0.48628133476569546,
      0.7887956857730237
    ],
    [
      0.48628133476569546,
      0.6515381160955933
    ],
    [
      0.48628133476569546,
      0.6020084641071514
    ],
    [
      0.48628133476569546,
      0.5115206350844669
    ],
    [
      0.48628133476569546,
      0.50844785177836
    ],
    [
      0.48628133476569546,
      0.35698827630570484
    ],
    [
      0.48628133476569546,
      0.3384745853606169
    ],
    [
      0.48628133476569546,
      0.08804369686750646
    ]
  ]
}