{
  "run_id": 1,
  "seed": 6001,
  "steps": 500,
  "n_eval": 20,
  "elapsed_s": 43.258232831954956,
  "hof_fitness": [
    [
      -787.5819318384761,
      0.10833709330970705
    ],
    [
      -787.3893953935404,
      0.10833557271707892
    ],
    [
      -787.1549186353602,
      0.10833372108123711
    ],
    [
      -785.8094777111932,
      0.10832310028474315
    ],
    [
      -785.8068229048913,
      0.10832307933465121
    ],
    [
      -785.3790359086738,
      0.10831970384922848
    ],
    [
      -785.0785348725475,
      0.10831733313393684
    ],
    [
      -784.7408369555394,
      0.10831466936899863
    ],
    [
      -784.6846821345348,
      0.10831422646062756
    ],
    [
      -783.7844326756842,
      0.10366104542775159
    ],
    [
      -783.5928190914618,
      0.1036594011938032
    ],
    [
      -783.3594662258188,
      0.10365739900441892
    ],
    [
      -782.0178322773995,
      0.10364589210745993
    ],
    [
      -781.5920958131046,
      0.1036422422428516
    ],
    [
      -781.293035193041,
      0.10363967883354049
    ],
    [
      -780.9010703539332,
      0.1036363196613412
    ],
    [
      -778.007797570646,
      0.10361154401216614
    ],
    [
      -777.5381933058816,
      0.09524874940615338
    ],
    [
      -777.1192161796549,
      0.09524472178311642
    ],
    [
      -777.1165949646544,
      0.09524469658822943
    ],
    [
      -776.1227044141963,
      0.09323982320429346
    ],
    [
      -775.932953798265,
      0.09323796354740209
    ],
    [
      -775.7018697208733,
      0.09323569906288091
    ],
    [
      -774.3758964716512,
      0.09322271089012933
    ],
    [
      -774.3732800791805,
      0.09322268527140862
    ],
    [
      -773.9516829891402,
      0.09321855763423278
    ],
    [
      -773.655530111244,
      0.09321565872805497
    ],
    [
      -772.520843892126,
      0.08803609057683143
    ],
    [
      -772.1045576820756,
      0.08803188449031718
    ],
    [
      -772.1019533021082,
      0.08803185817945192
    ],
    [
      -770.7795013477113,
      0.08801850344655388
    ],
    [
      -770.3598519376063,
      0.08801426788171168
    ],
    [
      -770.0650672245903,
      0.08801129323670656
    ],
    [
      -769.6813108945694,
      0.08800742158781333
    ],
    [
      -769.6787066511769,
      0.08800739531717405
    ],
    [
      -767.1565329906555,
      0.08070521970161898
    ],
    [
      -766.928052520636,
      0.08070300212414928
    ],
    [
      -766.9227967340452,
      0.08039281891787685
    ],
    [
      -766.6943857048232,
      0.08039061470490673
    ],
    [
      -766.5098029833224,
      0.07960495860923558
    ],
    [
      -766.3223937822163,
      0.07960318026523432
    ],
    [
      -766.0967453407206,
      0.07960103943878932
    ],
    [
      -766.0941611594498,
      0.07960101492389618
    ],
    [
      -764.3681551825089,
      0.07958465306484569
    ],
    [
      -764.3655710991478,
      0.0795846285866198
    ],
    [
      -764.075656759494,
      0.07958188265672074
    ],
    [
      -764.0730726926814,
      0.07958185818469435
    ],
    [
      -763.7443680397645,
      0.07957874567122601
    ],
    [
      -763.6897086876456,
      0.07957822818405264
    ],
    [
      -760.8599242306881,
      0.07955146980411928
    ]
  ],
  "hall_of_fame": [
    [
      0.033271630590123724,
      0.9799422457920131
    ],
    [
      0.033271630590123724,
      0.9554193861446317
    ],
    [
      0.033271630590123724,
      0.9255545659291359
    ],
    [
      0.033271630590123724,
      0.7541857051530133
    ],
    [
      0.033271630590123724,
      0.7538475576124138
    ],
    [
      0.033271630590123724,
      0.6993592995758082
    ],
    [
      0.033271630590123724,
      0.6610834692464693
    ],
    [
      0.033271630590123724,
      0.6180694602886401
    ],
    [
      0.033271630590123724,
      0.6109167543417617
    ],
    [
      0.95116159284224,
      0.9799422457920131
    ],
    [
      0.95116159284224,
      0.9554193861446317
    ],
    [
      0.95116159284224,
      0.9255545659291359
    ],
    [
      0.95116159284224,
      0.7538475576124138
    ],
    [
      0.95116159284224,
      0.6993592995758082
    ],
    [
      0.95116159284224,
      0.6610834692464693
    ],
    [
      0.95116159284224,
      0.6109167543417617
    ],
    [
      0.95116159284224,
      0.24060035690512227
    ],
    [
      0.09390275136368731,
      0.9799422457920131
    ],
    [
      0.09390275136368731,
      0.9258927134697353
    ],
    [
      0.09390275136368731,
      0.9255545659291359
    ],
    [
      0.8903753487499857,
      0.9799422457920131
    ],
    [
      0.8903753487499857,
      0.9554193861446317
    ],
    [
      0.8903753487499857,
      0.9255545659291359
    ],
    [
      0.8903753487499857,
      0.7541857051530133
    ],
    [
      0.8903753487499857,
      0.7538475576124138
    ],
    [
      0.8903753487499857,
      0.6993592995758082
    ],
    [
      0.8903753487499857,
      0.6610834692464693
    ],
    [
      0.16604516733741803,
      0.9799422457920131
    ],
    [
      0.16604516733741803,
      0.9258927134697353
    ],
    [
      0.16604516733741803,
      0.9255545659291359
    ],
    [
      0.16604516733741803,
      0.7538475576124138
    ],
    [
      0.16604516733741803,
      0.6993592995758082
    ],
    [
      0.16604516733741803,
      0.6610834692464693
    ],
    [
      0.16604516733741803,
      0.6112549018823612
    ],
    [
      0.16604516733741803,
      0.6109167543417617
    ],
    [
      0.3557998652746913,
      0.9554193861446317
    ],
    [
      0.3557998652746913,
      0.9255545659291359
    ],
    [
      0.37547688862920214,
      0.9554193861446317
    ],
    [
      0.37547688862920214,
      0.9255545659291359
    ],
    [
      0.5367667176143291,
      0.9799422457920131
    ],
    [
      0.5367667176143291,
      0.9554193861446317
    ],
    [
      0.5367667176143291,
      0.9258927134697353
    ],
    [
      0.5367667176143291,
      0.9255545659291359
    ],
    [
      0.5367667176143291,
      0.6996974471164077
    ],
    [
      0.5367667176143291,
      0.6993592995758082
    ],
    [
      0.5367667176143291,
      0.6614216167870688
    ],
    [
      0.5367667176143291,
      0.6610834692464693
    ],
    [
      0.5367667176143291,
      0.6180694602886401
    ],
    [
      0.5367667176143291,
      0.6109167543417617
    ],
    [
      0.5367667176143291,
      0.24060035690512227
    ]
  ]
}