{
  "run_id": 3,
  "seed": 6003,
  "steps": 500,
  "n_eval": 20,
  "elapsed_s": 44.948344707489014,
  "hof_fitness": [
    [
      -796.1486880899176,
      0.1178844751796773
    ],
    [
      -795.4557939356529,
      0.11788005710365339
    ],
    [
      -793.612589352062,
      0.1178683111307131
    ],
    [
      -793.1573764917406,
      0.11786541176656877
    ],
    [
      -792.1529759440133,
      0.11785901661281481
    ],
    [
      -791.2807431258842,
      0.11785346535796126
    ],
    [
      -790.9486541324296,
      0.1125159680910494
    ],
    [
      -790.2602574355956,
      0.11251097983194243
    ],
    [
      -790.1197822572798,
      0.1125099621175177
    ],
    [
      -789.2190878829862,
      0.11058584493755759
    ],
    [
      -788.5321872534222,
      0.11058065906788908
    ],
    [
      -786.7049267597072,
      0.11056687201523592
    ],
    [
      -786.4070532352727,
      0.11056462562098893
    ],
    [
      -786.2536516706367,
      0.11056346887546227
    ],
    [
      -785.2579397087976,
      0.11055596259869767
    ],
    [
      -784.3932522954296,
      0.11054944690998106
    ],
    [
      -784.2595985520185,
      0.104641966504085
    ],
    [
      -783.5769886169148,
      0.1046362054357343
    ],
    [
      -783.4376943026214,
      0.10463503005965417
    ],
    [
      -783.0946342562637,
      0.10463213563282056
    ],
    [
      -781.7611423016987,
      0.10462088943953882
    ],
    [
      -781.4651295142137,
      0.10461839396381703
    ],
    [
      -781.3445795186234,
      0.10461737779453648
    ],
    [
      -781.31268621265,
      0.10461710896171698
    ],
    [
      -779.4639085345412,
      0.10460153250052535
    ],
    [
      -777.2820830650885,
      0.0953044098369768
    ],
    [
      -777.1581044718474,
      0.09506811424998117
    ],
    [
      -777.1141654013173,
      0.0950676910976569
    ],
    [
      -776.4377405030026,
      0.0950611780887836
    ],
    [
      -775.5501472248017,
      0.09284262092613904
    ],
    [
      -774.8750768999939,
      0.09283598464465316
    ],
    [
      -774.6113557417143,
      0.09149235484718803
    ],
    [
      -773.9370986698545,
      0.09148565785756554
    ],
    [
      -771.7320075026505,
      0.09146377387140388
    ],
    [
      -771.7005044820651,
      0.09146346142395843
    ],
    [
      -771.1038862147112,
      0.0864075395969213
    ],
    [
      -770.4326690357298,
      0.08640074576980371
    ],
    [
      -768.6471298309225,
      0.08638268727932807
    ],
    [
      -768.1111191738205,
      0.08307913490554045
    ],
    [
      -766.3309413280857,
      0.08306135727658141
    ],
    [
      -766.2980543639768,
      0.07970847838741778
    ],
    [
      -766.167479510485,
      0.07953876317475135
    ],
    [
      -765.5005460473133,
      0.0795324471556773
    ],
    [
      -764.5726049218464,
      0.07952366527013817
    ],
    [
      -763.7264023471776,
      0.07951566296447396
    ],
    [
      -763.4371878832228,
      0.07951292925840087
    ],
    [
      -763.3194064860401,
      0.07951181615988359
    ],
    [
      -763.2882456550929,
      0.0795115216915834
    ],
    [
      -762.3214790043116,
      0.07950238965773361
    ],
    [
      -761.4819284013118,
      0.07949446536842768
    ]
  ],
  "hall_of_fame": [
    [
      0.9861726544741569,
      0.9415439588510607
    ],
    [
      0.9861726544741569,
      0.8542678377147956
    ],
    [
      0.9861726544741569,
      0.6220939678573656
    ],
    [
      0.9861726544741569,
      0.5647530664679298
    ],
    [
      0.9861726544741569,
      0.4382318378301606
    ],
    [
      0.9861726544741569,
      0.32835726710064284
    ],
    [
      0.976914830055871,
      0.9415439588510607
    ],
    [
      0.976914830055871,
      0.8542678377147956
    ],
    [
      0.976914830055871,
      0.8364579992689265
    ],
    [
      0.9725871294453414,
      0.9415439588510607
    ],
    [
      0.9725871294453414,
      0.8542678377147956
    ],
    [
      0.9725871294453414,
      0.6220939678573656
    ],
    [
      0.9725871294453414,
      0.5842449715235735
    ],
    [
      0.9725871294453414,
      0.5647530664679298
    ],
    [
      0.9725871294453414,
      0.4382318378301606
    ],
    [
      0.9725871294453414,
      0.32835726710064284
    ],
    [
      0.045129878781425936,
      0.9415439588510607
    ],
    [
      0.045129878781425936,
      0.8542678377147956
    ],
    [
      0.045129878781425936,
      0.8364579992689265
    ],
    [
      0.045129878781425936,
      0.7925949381256548
    ],
    [
      0.045129878781425936,
      0.6220939678573656
    ],
    [
      0.045129878781425936,
      0.5842449715235735
    ],
    [
      0.045129878781425936,
      0.5688310552864525
    ],
    [
      0.045129878781425936,
      0.5647530664679298
    ],
    [
      0.045129878781425936,
      0.32835726710064284
    ],
    [
      0.09348162849715791,
      0.9415439588510607
    ],
    [
      0.9048029365265132,
      0.947213179566569
    ],
    [
      0.9048029365265132,
      0.9415439588510607
    ],
    [
      0.9048029365265132,
      0.8542678377147956
    ],
    [
      0.11302698994425031,
      0.9415439588510607
    ],
    [
      0.11302698994425031,
      0.8542678377147956
    ],
    [
      0.8744078045554556,
      0.9415439588510607
    ],
    [
      0.8744078045554556,
      0.8542678377147956
    ],
    [
      0.8744078045554556,
      0.5688310552864525
    ],
    [
      0.8744078045554556,
      0.5647530664679298
    ],
    [
      0.8091484021875701,
      0.9415439588510607
    ],
    [
      0.8091484021875701,
      0.8542678377147956
    ],
    [
      0.8091484021875701,
      0.6220939678573656
    ],
    [
      0.26257276010206687,
      0.8542678377147956
    ],
    [
      0.26257276010206687,
      0.6220939678573656
    ],
    [
      0.5576861409195168,
      0.9415439588510607
    ],
    [
      0.4872680719749586,
      0.9415439588510607
    ],
    [
      0.4872680719749586,
      0.8542678377147956
    ],
    [
      0.4872680719749586,
      0.7328336578892597
    ],
    [
      0.4872680719749586,
      0.6220939678573656
    ],
    [
      0.4872680719749586,
      0.5842449715235735
    ],
    [
      0.4872680719749586,
      0.5688310552864525
    ],
    [
      0.4872680719749586,
      0.5647530664679298
    ],
    [
      0.4872680719749586,
      0.4382318378301606
    ],
    [
      0.4872680719749586,
      0.32835726710064284
    ]
  ]
}