{
  "run_id": 8,
  "seed": 6008,
  "steps": 300,
  "n_eval": 5,
  "elapsed_s": 9.170104265213013,
  "hof_fitness": [
    [
      -793.6992241106976,
      0.11896089324499884
    ],
    [
      -793.4159280265944,
      0.1189582232234894
    ],
    [
      -793.2765027030083,
      0.11895690927987548
    ],
    [
      -792.8979375736295,
      0.11895334207753121
    ],
    [
      -791.149543690721,
      0.11893687450179628
    ],
    [
      -790.8570580332599,
      0.11893412086772188
    ],
    [
      -790.6315931132551,
      0.11893199844079146
    ],
    [
      -790.1119553995507,
      0.11892710757706167
    ],
    [
      -789.1140015986314,
      0.11891771780400044
    ],
    [
      -788.583814701478,
      0.11891273088319373
    ],
    [
      -788.103598345167,
      0.11890821495415682
    ],
    [
      -787.5857012199144,
      0.11890334571062736
    ],
    [
      -787.2954467694275,
      0.11330476552774812
    ],
    [
      -786.87610431241,
      0.11330042189640825
    ],
    [
      -786.5005652145107,
      0.11329653272777981
    ],
    [
      -784.7661474306356,
      0.1132785797533836
    ],
    [
      -784.4759998810766,
      0.11327557788549994
    ],
    [
      -784.2523373243222,
      0.11327326415554687
    ],
    [
      -783.7385363100453,
      0.11326794995581117
    ],
    [
      -783.7368536331817,
      0.11326793255417364
    ],
    [
      -783.2408938994807,
      0.11326280412575311
    ],
    [
      -782.7468777303628,
      0.11325769700149162
    ],
    [
      -782.7347035659527,
      0.11325757116054733
    ],
    [
      -782.2209293797891,
      0.11325226108655524
    ],
    [
      -782.1041589676577,
      0.10872042167341282
    ],
    [
      -781.9667035148459,
      0.10871892718750749
    ],
    [
      -781.5934869837931,
      0.10871486994324889
    ],
    [
      -779.8697962430443,
      0.10869614221520643
    ],
    [
      -779.581443253196,
      0.10869301098073687
    ],
    [
      -779.3591640573878,
      0.108690597574546
    ],
    [
      -778.8485409546392,
      0.1086850545520476
    ],
    [
      -778.8468686853812,
      0.1086850364013718
    ],
    [
      -778.3736216025907,
      0.10867990047168101
    ],
    [
      -777.8630160172183,
      0.10867436057023619
    ],
    [
      -777.824231403082,
      0.1046671038878286
    ],
    [
      -777.6875220549433,
      0.10466559276046172
    ],
    [
      -777.316331347901,
      0.10466149041553925
    ],
    [
      -775.6019970921162,
      0.10464255598163788
    ],
    [
      -775.4486333108164,
      0.1024464601597193
    ],
    [
      -774.9422728023798,
      0.1024408958870315
    ],
    [
      -773.2331351883946,
      0.10242212861645265
    ],
    [
      -772.9472168297788,
      0.10241899118744777
    ],
    [
      -772.7268144017146,
      0.10241657308835792
    ],
    [
      -772.6797297653096,
      0.09970074831812603
    ],
    [
      -772.4038740251907,
      0.09969780439012169
    ],
    [
      -772.2681105185533,
      0.09969635575683959
    ],
    [
      -771.8994879595056,
      0.09969242322847029
    ],
    [
      -770.1970149393942,
      0.09967427562399185
    ],
    [
      -769.9122115154931,
      0.09967124209931504
    ],
    [
      -769.6926685490591,
      0.09966890414294112
    ],
    [
      -769.3212172830073,
      0.09966494939703878
    ],
    [
      -769.1883312135508,
      0.099663534871638
    ],
    [
      -768.214938318567,
      0.09965317791780895
    ],
    [
      -767.6986777797937,
      0.09964768806872412
    ],
    [
      -766.7267821786377,
      0.09963735905221481
    ]
  ],
  "hall_of_fame": [
    [
      0.9211022526291404,
      1.0
    ],
    [
      0.9211022526291404,
      0.9643420494692717
    ],
    [
      0.9211022526291404,
      0.9467927174707556
    ],
    [
      0.9211022526291404,
      0.8991426673928864
    ],
    [
      0.9211022526291404,
      0.6790641117468322
    ],
    [
      0.9211022526291404,
      0.6422462916364934
    ],
    [
      0.9211022526291404,
      0.6138647296704469
    ],
    [
      0.9211022526291404,
      0.5484518204459727
    ],
    [
      0.9211022526291404,
      0.4228244093489202
    ],
    [
      0.9211022526291404,
      0.356080105707856
    ],
    [
      0.9211022526291404,
      0.2956254721987602
    ],
    [
      0.9211022526291404,
      0.23042609012237492
    ],
    [
      0.11984451247536787,
      1.0
    ],
    [
      0.11984451247536787,
      0.9467927174707556
    ],
    [
      0.11984451247536787,
      0.8991426673928864
    ],
    [
      0.11984451247536787,
      0.6790641117468322
    ],
    [
      0.11984451247536787,
      0.6422462916364934
    ],
    [
      0.11984451247536787,
      0.6138647296704469
    ],
    [
      0.11984451247536787,
      0.5486653475940616
    ],
    [
      0.11984451247536787,
      0.5484518204459727
    ],
    [
      0.11984451247536787,
      0.48551533113363343
    ],
    [
      0.11984451247536787,
      0.4228244093489202
    ],
    [
      0.11984451247536787,
      0.42127948778424124
    ],
    [
      0.11984451247536787,
      0.356080105707856
    ],
    [
      0.8310134479277093,
      0.9643420494692717
    ],
    [
      0.8310134479277093,
      0.9467927174707556
    ],
    [
      0.8310134479277093,
      0.8991426673928864
    ],
    [
      0.8310134479277093,
      0.6790641117468322
    ],
    [
      0.8310134479277093,
      0.6422462916364934
    ],
    [
      0.8310134479277093,
      0.6138647296704469
    ],
    [
      0.8310134479277093,
      0.5486653475940616
    ],
    [
      0.8310134479277093,
      0.5484518204459727
    ],
    [
      0.8310134479277093,
      0.48802379142530544
    ],
    [
      0.8310134479277093,
      0.4228244093489202
    ],
    [
      0.23595892401148022,
      0.9643420494692717
    ],
    [
      0.23595892401148022,
      0.9467927174707556
    ],
    [
      0.23595892401148022,
      0.8991426673928864
    ],
    [
      0.23595892401148022,
      0.6790641117468322
    ],
    [
      0.29296408121471906,
      0.9643420494692717
    ],
    [
      0.29296408121471906,
      0.8991426673928864
    ],
    [
      0.29296408121471906,
      0.6790641117468322
    ],
    [
      0.29296408121471906,
      0.6422462916364934
    ],
    [
      0.29296408121471906,
      0.6138647296704469
    ],
    [
      0.5495705366993723,
      1.0
    ],
    [
      0.5495705366993723,
      0.9643420494692717
    ],
    [
      0.5495705366993723,
      0.9467927174707556
    ],
    [
      0.5495705366993723,
      0.8991426673928864
    ],
    [
      0.5495705366993723,
      0.6790641117468322
    ],
    [
      0.5495705366993723,
      0.6422462916364934
    ],
    [
      0.5495705366993723,
      0.6138647296704469
    ],
    [
      0.5495705366993723,
      0.5658446168486293
    ],
    [
      0.5495705366993723,
      0.5486653475940616
    ],
    [
      0.5495705366993723,
      0.4228244093489202
    ],
    [
      0.5495705366993723,
      0.356080105707856
    ],
    [
      0.5495705366993723,
      0.23042609012237492
    ]
  ]
}