{
  "run_id": 3,
  "seed": 6003,
  "steps": 300,
  "n_eval": 5,
  "elapsed_s": 10.105698108673096,
  "hof_fitness": [
    [
      -833.604851648334,
      0.14227301901805334
    ],
    [
      -817.293533345995,
      0.13517581904743745
    ],
    [
      -816.2986673596457,
      0.13517028648832077
    ],
    [
      -813.7747095028219,
      0.13515625800350248
    ],
    [
      -813.7007698797856,
      0.13515584720005994
    ],
    [
      -813.4895931900612,
      0.13515467396786024
    ],
    [
      -811.1836252481781,
      0.1351418676312792
    ],
    [
      -808.7745483186147,
      0.13023650281264237
    ],
    [
      -807.7899468674289,
      0.13022969938111054
    ],
    [
      -806.2748135474993,
      0.13021923459402718
    ],
    [
      -805.8906363622652,
      0.13021658201504593
    ],
    [
      -805.218854706355,
      0.13021194449778725
    ],
    [
      -805.0098570500651,
      0.13021050194194295
    ],
    [
      -803.3857388360882,
      0.12658625738672905
    ],
    [
      -802.4076317524834,
      0.12657862236805714
    ],
    [
      -801.6168734202773,
      0.12529854319080402
    ],
    [
      -800.6408984145332,
      0.1252906343129428
    ],
    [
      -798.1648692493026,
      0.1252705828190665
    ],
    [
      -798.0923337587185,
      0.1252699956934078
    ],
    [
      -798.0034693218076,
      0.122532456161266
    ],
    [
      -797.0318502799673,
      0.12252399314895039
    ],
    [
      -795.53669544159,
      0.1225109764424391
    ],
    [
      -794.494660980833,
      0.12250190916290768
    ],
    [
      -793.3397182598351,
      0.11951136413960797
    ],
    [
      -785.416744235995,
      0.11162218307976395
    ],
    [
      -785.2206173039198,
      0.11162010849016332
    ],
    [
      -784.4603075481629,
      0.11161206800527038
    ],
    [
      -784.2432683733919,
      0.11052671354867331
    ],
    [
      -783.2882481548077,
      0.11051649411003531
    ],
    [
      -783.1448676559544,
      0.10949438084719428
    ],
    [
      -782.1911734892833,
      0.10948407699962644
    ],
    [
      -781.3218203743845,
      0.107770845167048
    ],
    [
      -781.1267072233575,
      0.10776870987309191
    ],
    [
      -780.3703275660904,
      0.10776043432468436
    ],
    [
      -779.0400441575446,
      0.10774588808434826
    ],
    [
      -777.9564124029117,
      0.10773404680141851
    ],
    [
      -777.8856966155805,
      0.10773327430765849
    ],
    [
      -777.6837274626266,
      0.10773106817844211
    ],
    [
      -776.5219264737286,
      0.10323968673164292
    ],
    [
      -776.3280025039684,
      0.10323754762792167
    ],
    [
      -775.9446600305233,
      0.10288070733507959
    ],
    [
      -775.2939526803638,
      0.10210211543289474
    ],
    [
      -773.5046573099644,
      0.1020825013280839
    ],
    [
      -772.8967696059547,
      0.10207584318819515
    ],
    [
      -772.5002436459911,
      0.0995914991554022
    ],
    [
      -772.4683026063203,
      0.0995636186469764
    ],
    [
      -772.2753838792516,
      0.09956156467444417
    ],
    [
      -771.5275112761302,
      0.0995536051499826
    ],
    [
      -770.6854839000284,
      0.09954464915075183
    ],
    [
      -770.2121900616021,
      0.09953961769175365
    ],
    [
      -770.0797966157648,
      0.09953821058813538
    ],
    [
      -769.7127145616008,
      0.09953430993434563
    ],
    [
      -769.1407466987346,
      0.09952823438667395
    ],
    [
      -769.0708263149936,
      0.0995274918670634
    ],
    [
      -768.8711288974162,
      0.09952537140500292
    ],
    [
      -766.6905146129922,
      0.09950223849531036
    ]
  ],
  "hall_of_fame": [
    [
      0.9932183945841049,
      0.87122387915519
    ],
    [
      0.9812451121604469,
      0.9928595341954519
    ],
    [
      0.9812451121604469,
      0.87122387915519
    ],
    [
      0.9812451121604469,
      0.5626188889569063
    ],
    [
      0.9812451121604469,
      0.5535778952402758
    ],
    [
      0.9812451121604469,
      0.5277560724187979
    ],
    [
      0.9812451121604469,
      0.24578037250958984
    ],
    [
      0.03114212862520216,
      0.9928595341954519
    ],
    [
      0.03114212862520216,
      0.87122387915519
    ],
    [
      0.03114212862520216,
      0.6840397313793081
    ],
    [
      0.03114212862520216,
      0.6365758452907865
    ],
    [
      0.03114212862520216,
      0.5535778952402758
    ],
    [
      0.03114212862520216,
      0.5277560724187979
    ],
    [
      0.0431154110488602,
      0.9928595341954519
    ],
    [
      0.0431154110488602,
      0.87122387915519
    ],
    [
      0.048026962465283485,
      0.9928595341954519
    ],
    [
      0.048026962465283485,
      0.87122387915519
    ],
    [
      0.048026962465283485,
      0.5626188889569063
    ],
    [
      0.048026962465283485,
      0.5535778952402758
    ],
    [
      0.060000244888941526,
      0.9928595341954519
    ],
    [
      0.060000244888941526,
      0.87122387915519
    ],
    [
      0.060000244888941526,
      0.6840397313793081
    ],
    [
      0.060000244888941526,
      0.5535778952402758
    ],
    [
      0.07564052608479799,
      0.87122387915519
    ],
    [
      0.1357100246601861,
      0.9928595341954519
    ],
    [
      0.1357100246601861,
      0.9679172523789643
    ],
    [
      0.1357100246601861,
      0.87122387915519
    ],
    [
      0.852714450001398,
      0.9928595341954519
    ],
    [
      0.852714450001398,
      0.87122387915519
    ],
    [
      0.84074116757774,
      0.9928595341954519
    ],
    [
      0.84074116757774,
      0.87122387915519
    ],
    [
      0.18205752020359955,
      0.9928595341954519
    ],
    [
      0.18205752020359955,
      0.9679172523789643
    ],
    [
      0.18205752020359955,
      0.87122387915519
    ],
    [
      0.18205752020359955,
      0.7011581152703855
    ],
    [
      0.18205752020359955,
      0.5626188889569063
    ],
    [
      0.18205752020359955,
      0.5535778952402758
    ],
    [
      0.18205752020359955,
      0.5277560724187979
    ],
    [
      0.7300541882810508,
      0.9928595341954519
    ],
    [
      0.7300541882810508,
      0.9679172523789643
    ],
    [
      0.27986714633103815,
      0.9679172523789643
    ],
    [
      0.30440462767848175,
      0.9928595341954519
    ],
    [
      0.30440462767848175,
      0.7623540311739159
    ],
    [
      0.30440462767848175,
      0.6840397313793081
    ],
    [
      0.5254841252399426,
      0.9928595341954519
    ],
    [
      0.5135108428162846,
      0.9928595341954519
    ],
    [
      0.5135108428162846,
      0.9679172523789643
    ],
    [
      0.5135108428162846,
      0.87122387915519
    ],
    [
      0.5135108428162846,
      0.7623540311739159
    ],
    [
      0.5135108428162846,
      0.7011581152703855
    ],
    [
      0.5135108428162846,
      0.6840397313793081
    ],
    [
      0.5135108428162846,
      0.6365758452907865
    ],
    [
      0.5135108428162846,
      0.5626188889569063
    ],
    [
      0.5135108428162846,
      0.5535778952402758
    ],
    [
      0.5135108428162846,
      0.5277560724187979
    ],
    [
      0.5135108428162846,
      0.24578037250958984
    ]
  ]
}