{
  "run_id": 1,
  "seed": 6001,
  "steps": 300,
  "n_eval": 5,
  "elapsed_s": 10.57262635231018,
  "hof_fitness": [
    [
      -791.545917353605,
      0.11710918051688743
    ],
    [
      -790.9980245629873,
      0.11710383355712177
    ],
    [
      -790.4558050433698,
      0.11709854323645448
    ],
    [
      -790.2035778994131,
      0.11709608274115654
    ],
    [
      -789.8537759773077,
      0.11709267084952428
    ],
    [
      -789.7879836277264,
      0.1170920291841259
    ],
    [
      -789.634251342967,
      0.11709052992301658
    ],
    [
      -789.1270159040632,
      0.11708558387340422
    ],
    [
      -788.9438246785795,
      0.11708379784887187
    ],
    [
      -788.5486946353785,
      0.11707994601610705
    ],
    [
      -788.4315772549079,
      0.11433921270483986
    ],
    [
      -787.8858201653046,
      0.11433364149225081
    ],
    [
      -787.6941597903498,
      0.11433168531650142
    ],
    [
      -787.0944703389808,
      0.11432556573560551
    ],
    [
      -786.7460320052751,
      0.11432201085480605
    ],
    [
      -786.5273631232501,
      0.11431978021938807
    ],
    [
      -786.0221050143231,
      0.11431462696589426
    ],
    [
      -785.4460382226075,
      0.11430875299973549
    ],
    [
      -785.0946249077363,
      0.11430517052768818
    ],
    [
      -784.5167774059374,
      0.11123278318712518
    ],
    [
      -783.7287811493571,
      0.1112244153240407
    ],
    [
      -782.6609604020637,
      0.11121308123788994
    ],
    [
      -782.4792566429679,
      0.11121115319845445
    ],
    [
      -781.7374109792432,
      0.11120328337562828
    ],
    [
      -781.0504978623538,
      0.10796817057658074
    ],
    [
      -780.5150367598461,
      0.10796231999540981
    ],
    [
      -780.2659535011238,
      0.1079595990360281
    ],
    [
      -780.2649404402284,
      0.10722314046658413
    ],
    [
      -780.0751178227789,
      0.10722105734678884
    ],
    [
      -779.4811786279345,
      0.10721454087349809
    ],
    [
      -778.9195093377874,
      0.1072083804539492
    ],
    [
      -778.6553558832221,
      0.10519240284674525
    ],
    [
      -778.1163082743068,
      0.10518644646126954
    ],
    [
      -777.9270041766188,
      0.10518435514186605
    ],
    [
      -777.3346874044634,
      0.10517781311821131
    ],
    [
      -776.7901079980721,
      0.10343875782531445
    ],
    [
      -776.2523417432388,
      0.10343282272850725
    ],
    [
      -775.4725788738668,
      0.10342422047843676
    ],
    [
      -775.1292424611104,
      0.1034204342056553
    ],
    [
      -774.9137754087234,
      0.10341805848944645
    ],
    [
      -774.0512414658194,
      0.10092021295397025
    ],
    [
      -773.5153576479136,
      0.10091439717959239
    ],
    [
      -772.7383243642507,
      0.10090596831566287
    ],
    [
      -772.5317963854538,
      0.09957141833424664
    ],
    [
      -771.9969574366969,
      0.09956572379307674
    ],
    [
      -771.9833654746287,
      0.09955385782891896
    ],
    [
      -771.2078608439682,
      0.09954560684852051
    ],
    [
      -770.802175771474,
      0.09954129256882938
    ],
    [
      -770.1569680265604,
      0.09953443390950893
    ],
    [
      -769.2480598176472,
      0.09952477798040446
    ]
  ],
  "hall_of_fame": [
    [
      0.9094292062664366,
      1.0
    ],
    [
      0.9094292062664366,
      0.9308516217054024
    ],
    [
      0.9094292062664366,
      0.8624179799705468
    ],
    [
      0.9094292062664366,
      0.8305839060875803
    ],
    [
      0.9094292062664366,
      0.7864342775657109
    ],
    [
      0.9094292062664366,
      0.778130354061347
    ],
    [
      0.9094292062664366,
      0.7587270963209182
    ],
    [
      0.9094292062664366,
      0.6947058597561843
    ],
    [
      0.9094292062664366,
      0.6715839206497951
    ],
    [
      0.9094292062664366,
      0.6217111012187744
    ],
    [
      0.8889328447400053,
      1.0
    ],
    [
      0.8889328447400053,
      0.9308516217054024
    ],
    [
      0.8889328447400053,
      0.9065676084924161
    ],
    [
      0.8889328447400053,
      0.8305839060875803
    ],
    [
      0.8889328447400053,
      0.7864342775657109
    ],
    [
      0.8889328447400053,
      0.7587270963209182
    ],
    [
      0.8889328447400053,
      0.6947058597561843
    ],
    [
      0.8889328447400053,
      0.6217111012187744
    ],
    [
      0.8889328447400053,
      0.5771819961151208
    ],
    [
      0.13964815001168063,
      0.9308516217054024
    ],
    [
      0.13964815001168063,
      0.8305839060875803
    ],
    [
      0.13964815001168063,
      0.6947058597561843
    ],
    [
      0.13964815001168063,
      0.6715839206497951
    ],
    [
      0.13964815001168063,
      0.5771819961151208
    ],
    [
      0.1791676423979094,
      0.9308516217054024
    ],
    [
      0.1791676423979094,
      0.8624179799705468
    ],
    [
      0.1791676423979094,
      0.8305839060875803
    ],
    [
      0.19010750818958533,
      0.9308516217054024
    ],
    [
      0.19010750818958533,
      0.9065676084924161
    ],
    [
      0.19010750818958533,
      0.8305839060875803
    ],
    [
      0.19010750818958533,
      0.7587270963209182
    ],
    [
      0.22531917599032136,
      1.0
    ],
    [
      0.22531917599032136,
      0.9308516217054024
    ],
    [
      0.22531917599032136,
      0.9065676084924161
    ],
    [
      0.22531917599032136,
      0.8305839060875803
    ],
    [
      0.2647154491120869,
      1.0
    ],
    [
      0.2647154491120869,
      0.9308516217054024
    ],
    [
      0.2647154491120869,
      0.8305839060875803
    ],
    [
      0.2647154491120869,
      0.7864342775657109
    ],
    [
      0.2647154491120869,
      0.7587270963209182
    ],
    [
      0.3531886934224895,
      1.0
    ],
    [
      0.3531886934224895,
      0.9308516217054024
    ],
    [
      0.3531886934224895,
      0.8305839060875803
    ],
    [
      0.4825807527641648,
      1.0
    ],
    [
      0.4825807527641648,
      0.9308516217054024
    ],
    [
      0.5102203971329095,
      0.9308516217054024
    ],
    [
      0.5102203971329095,
      0.8305839060875803
    ],
    [
      0.5102203971329095,
      0.778130354061347
    ],
    [
      0.5102203971329095,
      0.6947058597561843
    ],
    [
      0.5102203971329095,
      0.5771819961151208
    ]
  ]
}