{
  "run_id": 2,
  "seed": 6002,
  "steps": 300,
  "n_eval": 5,
  "elapsed_s": 9.90498661994934,
  "hof_fitness": [
    [
      -997.1543057105721,
      0.08693058577600463
    ],
    [
      -996.1920561497766,
      0.08693058577595876
    ],
    [
      -992.7445563858798,
      0.08693058577590634
    ]
  ],
  "hall_of_fame": [
    [
      1.0,
      0.982983228815178
    ],
    [
      1.0,
      0.8855350899425389
    ],
    [
      1.0,
      0.5364027552118688
    ]
  ]
}