{
  "run_id": 0,
  "seed": 6000,
  "steps": 300,
  "n_eval": 5,
  "elapsed_s": 10.04955792427063,
  "hof_fitness": [
    [
      -831.3458471555714,
      0.14122813661764066
    ],
    [
      -830.0890141439929,
      0.1412236382283343
    ],
    [
      -828.4748627715568,
      0.14121786267296296
    ],
    [
      -827.0842838356259,
      0.1412128886346127
    ],
    [
      -824.8435281232003,
      0.14120487658468722
    ],
    [
      -824.519403551825,
      0.14120371795404324
    ],
    [
      -792.4439497052795,
      0.11796027195251786
    ],
    [
      -791.8776415070697,
      0.1179548309218748
    ],
    [
      -791.2689850963575,
      0.11794898450541721
    ],
    [
      -791.2453493466643,
      0.11794875750464688
    ],
    [
      -790.621923096971,
      0.11794277087979801
    ],
    [
      -789.7059893983914,
      0.11793397830753338
    ],
    [
      -789.5411747079353,
      0.11793239652778872
    ],
    [
      -788.379845572453,
      0.11792125408216365
    ],
    [
      -787.9701224516068,
      0.11399616229938792
    ],
    [
      -787.4069817250568,
      0.11399038534601433
    ],
    [
      -785.2474765878754,
      0.11396824634639995
    ],
    [
      -785.0835838082354,
      0.11396656705432058
    ],
    [
      -783.9287508362743,
      0.1139547379744805
    ],
    [
      -781.8037843274248,
      0.11393298847949582
    ],
    [
      -781.4964092566532,
      0.11392984422568415
    ],
    [
      -781.2161682084542,
      0.10769660908856268
    ],
    [
      -780.657812361587,
      0.1076904965286252
    ],
    [
      -780.0577031207958,
      0.10768392898385477
    ],
    [
      -780.0343992835296,
      0.10768367399266612
    ],
    [
      -779.4197277748486,
      0.10767694942880598
    ],
    [
      -778.516656771268,
      0.10766707389775765
    ],
    [
      -778.3541566526782,
      0.10766529740211969
    ],
    [
      -777.8974314706836,
      0.10455482991944116
    ],
    [
      -777.8762277990195,
      0.1045348568824849
    ],
    [
      -777.3202399762268,
      0.10452871127301126
    ],
    [
      -775.2092964677605,
      0.10452513610103105
    ],
    [
      -775.0598307472088,
      0.10191197556686257
    ],
    [
      -774.5058409647891,
      0.10190590849368278
    ],
    [
      -774.3898231410874,
      0.1013004792149019
    ],
    [
      -773.2183015719022,
      0.10128771843856718
    ],
    [
      -773.21275129622,
      0.100242921576462
    ],
    [
      -772.6600725963655,
      0.10023697473911915
    ],
    [
      -772.6027379072617,
      0.09970475599898874
    ],
    [
      -772.4450421190791,
      0.09956687664512329
    ],
    [
      -772.4396426855742,
      0.09956216518860418
    ],
    [
      -771.8929085337114,
      0.09956099876410625
    ],
    [
      -771.2764428148867,
      0.09955443903471123
    ],
    [
      -769.775614601172,
      0.09953848221625235
    ],
    [
      -769.6149254849511,
      0.09953677488446004
    ],
    [
      -768.4826667936184,
      0.09952475068227272
    ],
    [
      -766.3992402296958,
      0.09950265336633514
    ],
    [
      -766.0978740813748,
      0.09949946000270643
    ]
  ],
  "hall_of_fame": [
    [
      0.9918021824165638,
      0.9893263825292095
    ],
    [
      0.9918021824165638,
      0.8382372832030646
    ],
    [
      0.9918021824165638,
      0.6441848160728008
    ],
    [
      0.9918021824165638,
      0.47700232697098033
    ],
    [
      0.9918021824165638,
      0.20759210808709017
    ],
    [
      0.9918021824165638,
      0.1686204637870583
    ],
    [
      0.9149795412532902,
      0.9893263825292095
    ],
    [
      0.9149795412532902,
      0.9179413936017254
    ],
    [
      0.9149795412532902,
      0.8412167380512852
    ],
    [
      0.9149795412532902,
      0.8382372832030646
    ],
    [
      0.9149795412532902,
      0.7596490911655303
    ],
    [
      0.9149795412532902,
      0.6441848160728008
    ],
    [
      0.9149795412532902,
      0.6234075930352627
    ],
    [
      0.9149795412532902,
      0.47700232697098033
    ],
    [
      0.8861045951781125,
      0.9893263825292095
    ],
    [
      0.8861045951781125,
      0.9179413936017254
    ],
    [
      0.8861045951781125,
      0.6441848160728008
    ],
    [
      0.8861045951781125,
      0.6234075930352627
    ],
    [
      0.8861045951781125,
      0.47700232697098033
    ],
    [
      0.8861045951781125,
      0.20759210808709017
    ],
    [
      0.8861045951781125,
      0.1686204637870583
    ],
    [
      0.8168725997325466,
      0.9893263825292095
    ],
    [
      0.8168725997325466,
      0.9179413936017254
    ],
    [
      0.8168725997325466,
      0.8412167380512852
    ],
    [
      0.8168725997325466,
      0.8382372832030646
    ],
    [
      0.8168725997325466,
      0.7596490911655303
    ],
    [
      0.8168725997325466,
      0.6441848160728008
    ],
    [
      0.8168725997325466,
      0.6234075930352627
    ],
    [
      0.23839998389101602,
      0.9893263825292095
    ],
    [
      0.7611696212117951,
      0.9893263825292095
    ],
    [
      0.7611696212117951,
      0.9179413936017254
    ],
    [
      0.23839998389101602,
      0.6441848160728008
    ],
    [
      0.3111018812066513,
      0.9893263825292095
    ],
    [
      0.3111018812066513,
      0.9179413936017254
    ],
    [
      0.335330098917225,
      0.9893263825292095
    ],
    [
      0.335330098917225,
      0.8382372832030646
    ],
    [
      0.3940700994720189,
      0.9893263825292095
    ],
    [
      0.3940700994720189,
      0.9179413936017254
    ],
    [
      0.5503799350139792,
      0.9893263825292095
    ],
    [
      0.5155578028496807,
      0.9893263825292095
    ],
    [
      0.48723097166413876,
      0.9893263825292095
    ],
    [
      0.5155578028496807,
      0.9179413936017254
    ],
    [
      0.5155578028496807,
      0.8382372832030646
    ],
    [
      0.5155578028496807,
      0.6441848160728008
    ],
    [
      0.5155578028496807,
      0.6234075930352627
    ],
    [
      0.5155578028496807,
      0.47700232697098033
    ],
    [
      0.5155578028496807,
      0.20759210808709017
    ],
    [
      0.5155578028496807,
      0.1686204637870583
    ]
  ]
}