{
  "run_id": 9,
  "seed": 6009,
  "steps": 300,
  "n_eval": 5,
  "elapsed_s": 9.810091733932495,
  "hof_fitness": [
    [
      -835.5400816359022,
      0.14258149591753802
    ],
    [
      -835.4966324344808,
      0.14258136380215017
    ],
    [
      -834.8104134002085,
      0.14257927734943768
    ],
    [
      -833.5176175595841,
      0.1425753472313683
    ],
    [
      -832.7525428992783,
      0.14257302178393885
    ],
    [
      -830.1815040225468,
      0.1425652092295471
    ],
    [
      -829.7923180550708,
      0.1407092131129309
    ],
    [
      -829.7491646864698,
      0.14070905031434966
    ],
    [
      -829.4756369365184,
      0.14070801845129913
    ],
    [
      -829.0676179674687,
      0.14070647934644404
    ],
    [
      -828.9161335291121,
      0.1407059079613082
    ],
    [
      -827.0237596416712,
      0.14069877172052142
    ],
    [
      -824.4702283684088,
      0.14068914696334234
    ],
    [
      -823.8730560381504,
      0.14068689688994399
    ],
    [
      -821.9419019740766,
      0.14067962257132255
    ],
    [
      -801.9487890493097,
      0.12561733399482092
    ],
    [
      -801.9070691372564,
      0.1256169989132828
    ],
    [
      -800.0068219473941,
      0.12560174231735163
    ],
    [
      -799.2721996270283,
      0.1255958471625248
    ],
    [
      -796.2045858862551,
      0.12557124803432992
    ],
    [
      -794.555052105152,
      0.12555803223698803
    ],
    [
      -794.3591766426588,
      0.12555646346095195
    ],
    [
      -791.2455199266344,
      0.11698218195513468
    ],
    [
      -791.2043514489786,
      0.1169817792742451
    ],
    [
      -790.8918722006565,
      0.11670798111297695
    ],
    [
      -790.2419287585075,
      0.11670159425746056
    ],
    [
      -789.0174759691371,
      0.11668956683552742
    ],
    [
      -788.2928478509286,
      0.11668245212060077
    ],
    [
      -785.8577365371314,
      0.11665855991324033
    ],
    [
      -783.6398802987671,
      0.11663682178241477
    ],
    [
      -783.4466700528073,
      0.11663492906136888
    ],
    [
      -778.6865079801248,
      0.10540384699984102
    ],
    [
      -778.0465077948887,
      0.10539677843875035
    ],
    [
      -777.9042578355479,
      0.10539520770890216
    ],
    [
      -776.840787981376,
      0.10538346906295279
    ],
    [
      -776.1272463002393,
      0.10537559712796696
    ],
    [
      -774.5262766507053,
      0.10152437496736136
    ],
    [
      -774.3478469360983,
      0.10136193885197387
    ],
    [
      -774.1268702638782,
      0.10116141553437168
    ],
    [
      -773.871509276731,
      0.1011586371163414
    ],
    [
      -772.9225978112379,
      0.10008270134637656
    ],
    [
      -772.3782751941447,
      0.09956936636839236
    ],
    [
      -772.3380803740808,
      0.09956893837724765
    ],
    [
      -769.7995334249882,
      0.0995419355318293
    ],
    [
      -767.4210892511232,
      0.0995166845947159
    ],
    [
      -767.4086816938266,
      0.09950579860849657
    ],
    [
      -765.0661340465421,
      0.09949172952526546
    ]
  ],
  "hall_of_fame": [
    [
      0.9936124066090264,
      0.9802142085485974
    ],
    [
      0.9936124066090264,
      0.9750175058707571
    ],
    [
      0.9936124066090264,
      0.8929419739310482
    ],
    [
      0.9936124066090264,
      0.7383118497323921
    ],
    [
      0.9936124066090264,
      0.6467990790278219
    ],
    [
      0.9936124066090264,
      0.3392540198774029
    ],
    [
      0.9910617862129729,
      0.9802142085485974
    ],
    [
      0.9910617862129729,
      0.9750175058707571
    ],
    [
      0.9910617862129729,
      0.9420780284522536
    ],
    [
      0.9910617862129729,
      0.8929419739310482
    ],
    [
      0.9910617862129729,
      0.8746991639088919
    ],
    [
      0.9910617862129729,
      0.6467990790278219
    ],
    [
      0.9910617862129729,
      0.3392540198774029
    ],
    [
      0.9910617862129729,
      0.2673275905452932
    ],
    [
      0.9910617862129729,
      0.03472059376614656
    ],
    [
      0.04677125193787102,
      0.9802142085485974
    ],
    [
      0.04677125193787102,
      0.9750175058707571
    ],
    [
      0.04677125193787102,
      0.7383118497323921
    ],
    [
      0.04677125193787102,
      0.6467990790278219
    ],
    [
      0.04677125193787102,
      0.2646386653007189
    ],
    [
      0.04677125193787102,
      0.05912522877665782
    ],
    [
      0.04677125193787102,
      0.03472059376614656
    ],
    [
      0.091415694140212,
      0.9802142085485974
    ],
    [
      0.091415694140212,
      0.9750175058707571
    ],
    [
      0.09328486559564364,
      0.9750175058707571
    ],
    [
      0.09328486559564364,
      0.8929419739310482
    ],
    [
      0.09328486559564364,
      0.7383118497323921
    ],
    [
      0.09328486559564364,
      0.6467990790278219
    ],
    [
      0.09328486559564364,
      0.3392540198774029
    ],
    [
      0.09328486559564364,
      0.05912522877665782
    ],
    [
      0.09328486559564364,
      0.03472059376614656
    ],
    [
      0.7788136905522077,
      0.9750175058707571
    ],
    [
      0.7788136905522077,
      0.8929419739310482
    ],
    [
      0.7788136905522077,
      0.8746991639088919
    ],
    [
      0.7788136905522077,
      0.7383118497323921
    ],
    [
      0.7788136905522077,
      0.6467990790278219
    ],
    [
      0.32587558757963897,
      0.9750175058707571
    ],
    [
      0.6673735279245084,
      0.9750175058707571
    ],
    [
      0.3414916993634888,
      0.9750175058707571
    ],
    [
      0.3414916993634888,
      0.9420780284522536
    ],
    [
      0.5932739853321455,
      0.9750175058707571
    ],
    [
      0.48278508496825334,
      0.9802142085485974
    ],
    [
      0.48278508496825334,
      0.9750175058707571
    ],
    [
      0.48278508496825334,
      0.6467990790278219
    ],
    [
      0.48278508496825334,
      0.3392540198774029
    ],
    [
      0.48933964681176845,
      0.3392540198774029
    ],
    [
      0.48278508496825334,
      0.03472059376614656
    ]
  ]
}