{
  "run_id": 7,
  "seed": 6007,
  "steps": 300,
  "n_eval": 5,
  "elapsed_s": 8.542369842529297,
  "hof_fitness": [
    [
      -799.7695523222355,
      0.1244607906217439
    ],
    [
      -799.6139989911377,
      0.12445950113746981
    ],
    [
      -798.642056968443,
      0.12445144582210374
    ],
    [
      -798.2027984806454,
      0.12444780630274288
    ],
    [
      -797.698604492555,
      0.12444362951450301
    ],
    [
      -796.0438917638672,
      0.12442992743365426
    ],
    [
      -795.9504635363304,
      0.12442915404891719
    ],
    [
      -795.0432939177848,
      0.12442164608436465
    ],
    [
      -793.6592857851787,
      0.12441019674056572
    ],
    [
      -793.4539619536218,
      0.12440849869892467
    ],
    [
      -793.4373783841954,
      0.11939642690619864
    ],
    [
      -793.2830446673249,
      0.11939498570809678
    ],
    [
      -792.3187232780232,
      0.11938598281635411
    ],
    [
      -791.3826682777941,
      0.11937724732624488
    ],
    [
      -790.9468677537315,
      0.11937318150896963
    ],
    [
      -790.2259496223202,
      0.11936645731831393
    ],
    [
      -790.1767131609075,
      0.11936599815168873
    ],
    [
      -789.7409304328186,
      0.11936193456953148
    ],
    [
      -789.5561207647893,
      0.11604019240076921
    ],
    [
      -788.44288623025,
      0.11602913329815925
    ],
    [
      -787.5113671333478,
      0.11601988365604747
    ],
    [
      -787.0776784405015,
      0.11601557861059568
    ],
    [
      -786.3602538434385,
      0.11600845888341398
    ],
    [
      -786.3112559823156,
      0.11600797271216097
    ],
    [
      -785.7853386657332,
      0.11600275508023247
    ],
    [
      -784.8896444299354,
      0.11599387172931022
    ],
    [
      -784.8537940689855,
      0.11176250957911568
    ],
    [
      -783.7471295441719,
      0.11175083026136853
    ],
    [
      -783.3159866845672,
      0.11174628187569854
    ],
    [
      -783.2279857554856,
      0.11024269935739288
    ],
    [
      -783.0756197832535,
      0.11024106476230108
    ],
    [
      -782.1235936310584,
      0.11023085424817321
    ],
    [
      -781.6933360903976,
      0.11022624136237993
    ],
    [
      -781.1994738026461,
      0.11022094781509476
    ],
    [
      -780.7692300669293,
      0.11021633727051876
    ],
    [
      -780.5894070652909,
      0.10774959680045688
    ],
    [
      -780.4375500426166,
      0.10774793540256769
    ],
    [
      -780.160570264415,
      0.10774490545328923
    ],
    [
      -779.4887040026451,
      0.10773755767166379
    ],
    [
      -778.9637102599124,
      0.10620690407240982
    ],
    [
      -778.8121669202557,
      0.10620523409201518
    ],
    [
      -777.8652808912763,
      0.1061948029075737
    ],
    [
      -776.5182299632836,
      0.10617997327002478
    ],
    [
      -775.6129013739611,
      0.10617001305611125
    ],
    [
      -775.3340980734472,
      0.10616694678170316
    ],
    [
      -774.3592976398475,
      0.10615622984231528
    ],
    [
      -773.0109732384393,
      0.10614141637828092
    ],
    [
      -771.9195428047677,
      0.09969732635470913
    ],
    [
      -771.7693598376982,
      0.09969572435497681
    ],
    [
      -771.7587800235775,
      0.0995566670808965
    ],
    [
      -771.608628129839,
      0.09955506928864326
    ],
    [
      -770.6704363744003,
      0.09954509010159604
    ],
    [
      -769.7597457529408,
      0.09953541047697526
    ],
    [
      -769.3357543829202,
      0.09953090628783143
    ],
    [
      -768.5864694865078,
      0.09952295007991326
    ],
    [
      -768.0723121307648,
      0.09951749326366414
    ],
    [
      -767.6483462167377,
      0.09951299532081126
    ],
    [
      -765.6625111594931,
      0.09949194714377455
    ]
  ],
  "hall_of_fame": [
    [
      0.051413192663653295,
      0.9010350822316372
    ],
    [
      0.051413192663653295,
      0.8816216243592483
    ],
    [
      0.051413192663653295,
      0.7603184610224856
    ],
    [
      0.051413192663653295,
      0.7054955403673662
    ],
    [
      0.051413192663653295,
      0.6425671662675583
    ],
    [
      0.051413192663653295,
      0.43603528620217213
    ],
    [
      0.051413192663653295,
      0.4243737636080167
    ],
    [
      0.051413192663653295,
      0.311140797327226
    ],
    [
      0.051413192663653295,
      0.13838223040120412
    ],
    [
      0.051413192663653295,
      0.1127520424220233
    ],
    [
      0.923688031829141,
      0.9010350822316372
    ],
    [
      0.923688031829141,
      0.8816216243592483
    ],
    [
      0.923688031829141,
      0.7603184610224856
    ],
    [
      0.923688031829141,
      0.6425671662675583
    ],
    [
      0.923688031829141,
      0.5877442456124389
    ],
    [
      0.923688031829141,
      0.49705226708026606
    ],
    [
      0.923688031829141,
      0.49085820685729153
    ],
    [
      0.923688031829141,
      0.43603528620217213
    ],
    [
      0.902046939171969,
      0.9010350822316372
    ],
    [
      0.902046939171969,
      0.7603184610224856
    ],
    [
      0.902046939171969,
      0.6425671662675583
    ],
    [
      0.902046939171969,
      0.5877442456124389
    ],
    [
      0.902046939171969,
      0.49705226708026606
    ],
    [
      0.902046939171969,
      0.49085820685729153
    ],
    [
      0.902046939171969,
      0.4243737636080167
    ],
    [
      0.902046939171969,
      0.311140797327226
    ],
    [
      0.8657732276332935,
      0.9010350822316372
    ],
    [
      0.8657732276332935,
      0.7603184610224856
    ],
    [
      0.8657732276332935,
      0.7054955403673662
    ],
    [
      0.15038190819555763,
      0.9010350822316372
    ],
    [
      0.15038190819555763,
      0.8816216243592483
    ],
    [
      0.15038190819555763,
      0.7603184610224856
    ],
    [
      0.15038190819555763,
      0.7054955403673662
    ],
    [
      0.15038190819555763,
      0.6425671662675583
    ],
    [
      0.15038190819555763,
      0.5877442456124389
    ],
    [
      0.1822506360812729,
      0.9010350822316372
    ],
    [
      0.1822506360812729,
      0.8816216243592483
    ],
    [
      0.1822506360812729,
      0.8462121615765178
    ],
    [
      0.1822506360812729,
      0.7603184610224856
    ],
    [
      0.7934659033068473,
      0.9010350822316372
    ],
    [
      0.7934659033068473,
      0.8816216243592483
    ],
    [
      0.7934659033068473,
      0.7603184610224856
    ],
    [
      0.7934659033068473,
      0.5877442456124389
    ],
    [
      0.7934659033068473,
      0.4717556560304027
    ],
    [
      0.7934659033068473,
      0.43603528620217213
    ],
    [
      0.7934659033068473,
      0.311140797327226
    ],
    [
      0.7934659033068473,
      0.13838223040120412
    ],
    [
      0.5503567191934142,
      0.9010350822316372
    ],
    [
      0.5503567191934142,
      0.8816216243592483
    ],
    [
      0.48611664476812133,
      0.9010350822316372
    ],
    [
      0.48611664476812133,
      0.8816216243592483
    ],
    [
      0.48611664476812133,
      0.7603184610224856
    ],
    [
      0.48611664476812133,
      0.6425671662675583
    ],
    [
      0.48611664476812133,
      0.5877442456124389
    ],
    [
      0.48611664476812133,
      0.49085820685729153
    ],
    [
      0.48611664476812133,
      0.4243737636080167
    ],
    [
      0.48611664476812133,
      0.3695508429528973
    ],
    [
      0.48611664476812133,
      0.1127520424220233
    ]
  ]
}