{
  "run_id": 6,
  "seed": 6006,
  "steps": 300,
  "n_eval": 5,
  "elapsed_s": 8.412405729293823,
  "hof_fitness": [
    [
      -997.3223374532888,
      0.08693058577597407
    ],
    [
      -997.2619657720809,
      0.08693058577593823
    ],
    [
      -994.4334410695213,
      0.08693058577589152
    ]
  ],
  "hall_of_fame": [
    [
      1.0,
      1.0
    ],
    [
      1.0,
      0.9938860892076308
    ],
    [
      1.0,
      0.7074380831517273
    ]
  ]
}