{
  "run_id": 4,
  "seed": 6004,
  "steps": 300,
  "n_eval": 5,
  "elapsed_s": 9.433823347091675,
  "hof_fitness": [
    [
      -996.4732699082545,
      0.08693058577598448
    ]
  ],
  "hall_of_fame": [
    [
      0.0,
      0.9140139362893465
    ]
  ]
}