{
  "best": [
    [
      0.08704596300950762,
      0.7499579644093803
    ]
  ],
  "hall_of_fame": [
    [
      0.08704596300950762,
      0.7499579644093803
    ]
  ],
  "hof_fitness": [
    [
      -120.89994954158529,
      1.0
    ]
  ],
  "logbook": [
    {
      "gen": 0,
      "nevals": 5,
      "avg": [
        -120.56617582838639,
        1.0
      ],
      "min": [
        -120.89994954158529,
        1.0
      ],
      "max": [
        -120.24300670402587,
        1.0
      ]
    },
    {
      "gen": 1,
      "nevals": 5,
      "avg": [
        -120.7485329199911,
        1.0
      ],
      "min": [
        -120.89994954158529,
        1.0
      ],
      "max": [
        -120.58116760112321,
        1.0
      ]
    },
    {
      "gen": 2,
      "nevals": 5,
      "avg": [
        -120.84150939043305,
        1.0
      ],
      "min": [
        -120.89994954158529,
        1.0
      ],
      "max": [
        -120.75384916262014,
        1.0
      ]
    }
  ]
}