{
  "run_id": 5,
  "seed": 1005,
  "pop_size": 20,
  "n_generations": 10,
  "mode": "trait",
  "elapsed_s": 4.990324974060059,
  "hof_fitness": [
    [
      -881.3185101366078,
      0.14831273961671232
    ],
    [
      -824.7128297280133,
      0.1458913913574086
    ],
    [
      -824.5872107526732,
      0.14589072797979724
    ],
    [
      -823.9185908958858,
      0.1458871970329932
    ],
    [
      -823.681830153605,
      0.14588594669104787
    ],
    [
      -823.2682165489759,
      0.1458837623569467
    ],
    [
      -822.0973386109475,
      0.14524143531340694
    ],
    [
      -821.9721091187546,
      0.14524072407598224
    ],
    [
      -821.3055623834478,
      0.1452369384590521
    ],
    [
      -820.6572046789566,
      0.14523325617325428
    ],
    [
      -819.7030660679011,
      0.1452278372844946
    ],
    [
      -819.4224366752767,
      0.14435278087390235
    ],
    [
      -818.7585051389221,
      0.14434867791320766
    ],
    [
      -818.6337730788387,
      0.14434790711492593
    ],
    [
      -817.9698740487656,
      0.144343804571017
    ],
    [
      -817.324091914186,
      0.1443398141548875
    ],
    [
      -815.3296722802529,
      0.14432749133448095
    ],
    [
      -814.9471538600263,
      0.14432512807704256
    ],
    [
      -813.3193755369286,
      0.14431507210065284
    ],
    [
      -812.874941043553,
      0.14431232669819596
    ],
    [
      -812.531010014674,
      0.14431020219256904
    ],
    [
      -811.0370599072071,
      0.14203255116249966
    ],
    [
      -810.9134791695869,
      0.14203165232557785
    ],
    [
      -810.2557083312244,
      0.1420268685160234
    ],
    [
      -809.615887418715,
      0.14202221580126162
    ],
    [
      -807.1887130653539,
      0.14076185913647857
    ],
    [
      -807.0657066229348,
      0.14076090374086908
    ],
    [
      -806.4109926062846,
      0.1407558190210206
    ],
    [
      -806.1791561207385,
      0.14075401869328294
    ],
    [
      -806.0378079325648,
      0.140752921101525
    ],
    [
      -805.7741452238245,
      0.14075087381581136
    ],
    [
      -804.8369463723596,
      0.14074359769873376
    ],
    [
      -803.8073218810853,
      0.14073560588247197
    ],
    [
      -803.4300966867994,
      0.14073267839659842
    ],
    [
      -801.7434838611331,
      0.13890088214227822
    ],
    [
      -801.2329320672766,
      0.13889661231445463
    ],
    [
      -801.0930007896286,
      0.13889544216648145
    ],
    [
      -800.8626625387997,
      0.1388935161203823
    ],
    [
      -800.4602690631253,
      0.13889015171609265
    ],
    [
      -799.5291272076822,
      0.13888236809516533
    ],
    [
      -798.1313704916611,
      0.13887068823389823
    ],
    [
      -796.6631471173416,
      0.13676892801097434
    ],
    [
      -796.0172838344154,
      0.1367632062055911
    ],
    [
      -795.8959463214634,
      0.13676213142736163
    ],
    [
      -795.3890460249382,
      0.13675764200933713
    ],
    [
      -795.2501155645808,
      0.13675641172040956
    ],
    [
      -794.6219093746884,
      0.13675084956498754
    ],
    [
      -793.6974277227627,
      0.13674266680045621
    ],
    [
      -792.9559080383397,
      0.13539194405679172
    ],
    [
      -792.1922100860966,
      0.13538503070716398
    ],
    [
      -791.5493281558513,
      0.13537921302307293
    ],
    [
      -791.1828879442448,
      0.13537589777652762
    ],
    [
      -790.5002856134591,
      0.134757208128298
    ],
    [
      -789.8587513270563,
      0.1347513706381568
    ],
    [
      -789.4579596872346,
      0.13460303140847887
    ],
    [
      -788.8758714558167,
      0.13415823924350537
    ],
    [
      -788.5314445923495,
      0.13403193788509646
    ],
    [
      -788.3683007372437,
      0.13397221478010113
    ],
    [
      -787.8661059091618,
      0.13396763319941643
    ],
    [
      -787.3373832660493,
      0.13355407292325427
    ],
    [
      -787.2173444228937,
      0.13355297846431174
    ],
    [
      -785.9569440071532,
      0.13354149149276337
    ],
    [
      -781.6752356409639,
      0.13350253424469555
    ]
  ],