{
  "run_id": 1,
  "seed": 1001,
  "pop_size": 20,
  "n_generations": 10,
  "mode": "trait",
  "elapsed_s": 4.939504861831665,
  "hof_fitness": [
    [
      -863.7313818428014,
      0.14998772635405977
    ],
    [
      -831.6763684783334,
      0.1473738785834935
    ],
    [
      -829.1587953134458,
      0.14736323497891585
    ],
    [
      -829.0157062853798,
      0.147362629884821
    ],
    [
      -826.6481024340352,
      0.14735261539648678
    ],
    [
      -826.5867730373144,
      0.14629825649675857
    ],
    [
      -826.4638201318937,
      0.1462976399647075
    ],
    [
      -825.4923449036926,
      0.14601442886666416
    ],
    [
      -825.3633976100176,
      0.14601375801615718
    ],
    [
      -825.2406225481642,
      0.14601311927302857
    ],
    [
      -822.7369652260415,
      0.14600009308091658
    ],
    [
      -821.6632397920118,
      0.14599450617300938
    ],
    [
      -820.3724284230644,
      0.1459877893444375
    ],
    [
      -820.0754770287443,
      0.14598624408181962
    ],
    [
      -816.211281733237,
      0.14354555982754538
    ],
    [
      -815.9623274852721,
      0.14354391908156314
    ],
    [
      -815.4024122328625,
      0.14354022909531816
    ],
    [
      -814.8729563990225,
      0.14318424844224162
    ],
    [
      -814.7517077623856,
      0.1431834283854156
    ],
    [
      -809.9315574865495,
      0.1431508379875885
    ],
    [
      -809.6507904848013,
      0.1431489402673469
    ],
    [
      -809.2052086078379,
      0.14135113960099366
    ],
    [
      -809.0787510066644,
      0.14135018509742397
    ],
    [
      -808.9583464848329,
      0.1413492763063086
    ],
    [
      -808.4031366913057,
      0.14134508598493842
    ],
    [
      -806.7143988656775,
      0.1413323436443439
    ],
    [
      -806.6281026998009,
      0.14133169262070916
    ],
    [
      -806.4888177596862,
      0.14133064187162753
    ],
    [
      -804.1841630564592,
      0.1413132603395466
    ],
    [
      -803.89294713705,
      0.14131106461672674
    ],
    [
      -803.1724536082967,
      0.14130563279189903
    ],
    [
      -799.5688517402883,
      0.13797776437084416
    ],
    [
      -799.4438699538696,
      0.13797668886869993
    ],
    [
      -799.324870615774,
      0.13797566489160618
    ],
    [
      -796.89821525236,
      0.1379547932330058
    ],
    [
      -796.8841649532071,
      0.1379546724389421
    ],
    [
      -795.3900221492148,
      0.13643634928260057
    ],
    [
      -795.2656809986563,
      0.13643524082944958
    ],
    [
      -795.1472916360082,
      0.13643418548910502
    ],
    [
      -794.60137434901,
      0.13642931979441325
    ],
    [
      -793.8361529229968,
      0.1364225013857709
    ],
    [
      -793.2227486908315,
      0.136417037340997
    ],
    [
      -792.7190977137923,
      0.13641255202463146
    ],
    [
      -791.1919017266206,
      0.13487650916305313
    ],
    [
      -791.0682045840798,
      0.13487538413586095
    ],
    [
      -790.950428407513,
      0.13487431302645406
    ],
    [
      -790.4073387027413,
      0.13486937476426386
    ],
    [
      -789.3172285666825,
      0.13418499214416185
    ],
    [
      -789.1938191468904,
      0.13418386612323077
    ],
    [
      -789.1361436051264,
      0.13411855686970572
    ],
    [
      -788.4147014344902,
      0.13385467959437172
    ],
    [
      -788.1740602614603,
      0.13385248369247016
    ],
    [
      -787.6000114109262,
      0.13355844253000035
    ],
    [
      -787.4768656270882,
      0.13355731956184205
    ],
    [
      -787.3596144213312,
      0.13355625042384975
    ],
    [
      -786.8189455106967,
      0.13355132139036227
    ],
    [
      -785.1744385665697,
      0.1335363390340671
    ],
    [
      -785.0904027644842,
      0.1335355738208698
    ],
    [
      -784.9547661532808,
      0.13353433882282004
    ],
    [
      -782.7104823935497,
      0.13351391883892794
    ],
    [
      -782.4268955416077,
      0.13351134054489092
    ],
    [
      -781.7252775691267,
      0.13350496352303562
    ]
  ],