{
  "run_id": 25,
  "seed": 1025,
  "pop_size": 20,
  "n_generations": 10,
  "mode": "trait",
  "elapsed_s": 5.235023260116577,
  "hof_fitness": [
    [
      -882.2934381443159,
      0.1483758352296273
    ],
    [
      -835.1526035822453,
      0.14793793603774233
    ],
    [
      -834.8488721784668,
      0.147936796740959
    ],
    [
      -832.0183473782587,
      0.14792617474326744
    ],
    [
      -831.5713090405804,
      0.14727539832140749
    ],
    [
      -831.2688492186628,
      0.14727409595345048
    ],
    [
      -828.4501758756518,
      0.1472619556094991
    ],
    [
      -827.8181250109949,
      0.1472592324656666
    ],
    [
      -826.3917555818332,
      0.14725308594950265
    ],
    [
      -825.8642728279298,
      0.14725081253041733
    ],
    [
      -825.8607445110316,
      0.14725079732287935
    ],
    [
      -816.2819580653141,
      0.14348796475871764
    ],
    [
      -815.9849357598958,
      0.14348599856349167
    ],
    [
      -815.8281200537876,
      0.1434849605189672
    ],
    [
      -813.2169409877436,
      0.14346767848257552
    ],
    [
      -812.6743764013805,
      0.14238671868720196
    ],
    [
      -812.3786389711385,
      0.14238461153334941
    ],
    [
      -811.2586285488098,
      0.14237663230338535
    ],
    [
      -810.4017773874963,
      0.1423705288873858
    ],
    [
      -809.6226193654153,
      0.14236497964086467
    ],
    [
      -807.6099614103496,
      0.14235064861061533
    ],
    [
      -807.0907566947783,
      0.14234695242050893
    ],
    [
      -805.958945925854,
      0.14016248654952598
    ],
    [
      -805.6656020336836,
      0.14016014623682976
    ],
    [
      -805.5107284090604,
      0.14015891071966025
    ],
    [
      -804.60135554698,
      0.13984246906732006
    ],
    [
      -803.5947338322231,
      0.13933405703310583
    ],
    [
      -803.1478047071125,
      0.1393303739456725
    ],
    [
      -801.34700922101,
      0.13931553877034597
    ],
    [
      -800.5763801990208,
      0.13930919266069774
    ],
    [
      -799.1310152737744,
      0.13772226567673412
    ],
    [
      -796.1290992604227,
      0.13769626475692506
    ],
    [
      -795.5390497075981,
      0.1363954926911887
    ],
    [
      -795.2494242969871,
      0.1363929085881821
    ],
    [
      -793.3134215233614,
      0.13637564341866
    ],
    [
      -790.579316889869,
      0.13635128536110494
    ],
    [
      -790.462545655973,
      0.13461543320071626
    ],
    [
      -788.833500749398,
      0.1340704531381748
    ],
    [
      -788.6259627363564,
      0.13394037439894027
    ],
    [
      -788.028807660998,
      0.13362098662213512
    ],
    [
      -787.7418660630651,
      0.13361836916061745
    ],
    [
      -787.5903726350858,
      0.13361698742911005
    ],
    [
      -785.8238044520883,
      0.13360088426668
    ],
    [
      -785.0678237390732,
      0.13359399831892227
    ],
    [
      -784.4682079947444,
      0.13358853885712146
    ],
    [
      -783.730295505993,
      0.13358182290234702
    ],
    [
      -783.5934914856484,
      0.13358057813551413
    ],
    [
      -783.115040636425,
      0.13357622555861162
    ],
    [
      -782.83133067424,
      0.1335736451732716
    ],
    [
      -782.6146302372325,
      0.1335716745452204
    ],
    [
      -782.6112830095244,
      0.13357164410824512
    ]
  ],
  "hall_of_fame": [
    [
      0.015714119839526752,
      0.9759346681737014
    ],
    [
      0.06706858914588476,
      0.9759346681737014
    ],
    [
      0.06706858914588476,
      0.9399567433968778
    ],
    [
      0.06706858914588476,
      0.6046410145356748
    ],
    [
      0.07514044264325281,
      0.9759346681737014
    ],
    [
      0.07514044264325281,
      0.9399567433968778
    ],
    [
      0.07514044264325281,
      0.6046410145356748
    ],
    [
      0.07514044264325281,
      0.5294430260220722
    ],
    [
      0.07514044264325281,
      0.35973083763136426
    ],
    [
      0.07514044264325281,
      0.29696624519191805
    ],
    [
      0.07514044264325281,
      0.2965464079674559
    ],
    [
      0.12412442920036765,
      0.9759346681737014
    ],
    [
      0.12412442920036765,
      0.9399567433968778
    ],
    [
      0.12412442920036765,
      0.9209615915718218
    ],
    [
      0.12412442920036765,
      0.6046410145356748
    ],
    [
      0.14058087145413,
      0.9759346681737014
    ],
    [
      0.14058087145413,
      0.9399567433968778
    ],
    [
      0.14058087145413,
      0.8036958340657474
    ],
    [
      0.14058087145413,
      0.699444484508869
    ],
    [
      0.14058087145413,
      0.6046410145356748
    ],
    [
      0.14058087145413,
      0.35973083763136426
    ],
    [
      0.14058087145413,
      0.2965464079674559
    ],
    [
      0.17913542309782982,
      0.9759346681737014
    ],
    [
      0.17913542309782982,
      0.9399567433968778
    ],
    [
      0.17913542309782982,
      0.9209615915718218
    ],
    [
      0.8146214368565134,
      0.9209615915718218
    ],
    [
      0.8040081882027524,
      0.9759346681737014
    ],
    [
      0.8040081882027524,
      0.9209615915718218
    ],
    [
      0.8040081882027524,
      0.699444484508869
    ],
    [
      0.8040081882027524,
      0.6046410145356748
    ],
    [
      0.2346209693895287,
      0.9759346681737014
    ],
    [
      0.2346209693895287,
      0.6046410145356748
    ],
    [
      0.2752640512817863,
      0.9759346681737014
    ],
    [
      0.2752640512817863,
      0.9399567433968778
    ],
    [
      0.2752640512817863,
      0.699444484508869
    ],
    [
      0.2752640512817863,
      0.35973083763136426
    ],
    [
      0.6430032084406331,
      0.9399567433968778
    ],
    [
      0.601404936686815,
      0.9209615915718218
    ],
    [
      0.5879922145431709,
      0.9399567433968778
    ],
    [
      0.46291737096063845,
      0.9759346681737014
    ],
    [
      0.46291737096063845,
      0.9399567433968778
    ],
    [
      0.46291737096063845,
      0.9209615915718218
    ],
    [
      0.46291737096063845,
      0.699444484508869
    ],
    [
      0.46291737096063845,
      0.6046410145356748
    ],
    [
      0.46291737096063845,
      0.5294430260220722
    ],
    [
      0.46291737096063845,
      0.4368970669428469
    ],
    [
      0.46291737096063845,
      0.4197391664576271
    ],
    [
      0.46291737096063845,
      0.35973083763136426
    ],
    [
      0.46291737096063845,
      0.32414642241152414
    ],
    [
      0.46291737096063845,
      0.29696624519191805
    ],
    [
      0.46291737096063845,
      0.2965464079674559
    ]
  ],
  "logbook": [
    {
      "gen": 0,
      "nevals": 20,
      "avg": [
        -807.2814911174628,
        0.13949067572822316
      ],
      "min": [
        -877.6616244849198,
        0.1335736451732716
      ],
      "max": [
        -782.83133067424,
        0.15002692943550036
      ]
    },
    {
      "gen": 1,
      "nevals": 20,
      "avg": [
        -806.3435389161318,
        0.13980556223455332
      ],
      "min": [
        -881.9731004288948,
        0.1335736451732716
      ],
      "max": [
        -782.83133067424,
        0.14837669257269856
      ]
    },
    {
      "gen": 2,
      "nevals": 20,
      "avg": [
        -810.6867473759519,
        0.14050735729367841
      ],
      "min": [
        -881.9731004288948,
        0.1335736451732716
      ],
      "max": [
        -782.83133067424,
        0.14837669257269856
      ]
    },
    {
      "gen": 3,
      "nevals": 20,
      "avg": [
        -813.0352698634034,
        0.14108863029128377
      ],
      "min": [
        -881.9731004288948,
        0.13357164410824512
      ],
      "max": [
        -782.6112830095244,
        0.14837669257269856
      ]
    },
    {
      "gen": 4,
      "nevals": 20,