{
  "run_id": 14,
  "seed": 1014,
  "pop_size": 20,
  "n_generations": 10,
  "mode": "trait",
  "elapsed_s": 5.144086122512817,
  "hof_fitness": [
    [
      -852.1729910432593,
      0.15004617216542415
    ],
    [
      -836.302853483376,
      0.14858532945237915
    ],
    [
      -821.5549527346736,
      0.14506144899707415
    ],
    [
      -820.9901783773464,
      0.14505818180325492
    ],
    [
      -820.7268397732265,
      0.14505665841614718
    ],
    [
      -820.6366806664325,
      0.1450561368570222
    ],
    [
      -817.6733390230673,
      0.1450389949193004
    ],
    [
      -817.6103386752656,
      0.1450386304967365
    ],
    [
      -816.1497954308331,
      0.14503018221136085
    ],
    [
      -815.2975688971986,
      0.145025252781757
    ],
    [
      -813.982470675157,
      0.14290911503683282
    ],
    [
      -810.1358674624989,
      0.14288261454510667
    ],
    [
      -810.0734354265039,
      0.1428821845501071
    ],
    [
      -808.6260680857723,
      0.14287221701131522
    ],
    [
      -807.781530285624,
      0.1428664019109205
    ],
    [
      -807.6595879330958,
      0.1408705508719462
    ],
    [
      -807.1041642857887,
      0.1408662586325455
    ],
    [
      -806.9686719959146,
      0.14063630820969925
    ],
    [
      -806.1549522973306,
      0.1406299513645415
    ],
    [
      -806.066360275083,
      0.14062925935200668
    ],
    [
      -803.1545306099943,
      0.14060652265512577
    ],
    [
      -801.6574747919796,
      0.14059483931465952
    ],
    [
      -800.8200659139633,
      0.140588305852153
    ],
    [
      -800.5488797188169,
      0.13837336766427277
    ],
    [
      -798.5164781461502,
      0.13835608410444997
    ],
    [
      -797.381694747248,
      0.13834643907146124
    ],
    [
      -796.7644792908837,
      0.13834119463763087
    ],
    [
      -796.7030569591751,
      0.13834067279667353
    ],
    [
      -795.2790988086477,
      0.13832857796803277
    ],
    [
      -794.4482212521035,
      0.138321523351234
    ],
    [
      -793.4664794596927,
      0.13576054673529375
    ],
    [
      -792.578971886835,
      0.13575255160632177
    ],
    [
      -791.7659571216606,
      0.13512849271954763
    ],
    [
      -790.8803161818972,
      0.1351204566203669
    ],
    [
      -789.2988585829927,
      0.1351061156820074
    ],
    [
      -788.0222907489797,
      0.13509454780227156
    ],
    [
      -787.9615296251735,
      0.13509399738700043
    ],
    [
      -787.7581636095701,
      0.1342985149348134
    ],
    [
      -787.6815970948313,
      0.13355139593266116
    ],
    [
      -787.4702591738111,
      0.13354946872918252
    ],
    [
      -785.0163463723349,
      0.1335271247069631
    ],
    [
      -785.01630295896,
      0.1335271089312081
    ],
    [
      -784.353897927387,
      0.133521094325949
    ],
    [
      -783.7465362088991,
      0.13351555214786137
    ],
    [
      -783.6861421520532,
      0.13351501807202756
    ],
    [
      -783.6860988109304,
      0.13351500229771598
    ],
    [
      -782.4112942767973,
      0.1335104924326405
    ],
    [
      -782.3049003902762,
      0.1335095252532802
    ],
    [
      -782.2849754684551,
      0.13350226071859758
    ],
    [
      -781.467466114405,
      0.1334948467875167
    ],
    [
      -781.467422893806,
      0.13349483101564907
    ],
    [
      -780.0731684900686,
      0.13348218424488242
    ],
    [
      -780.0731253452184,
      0.13348216847458277
    ]
  ],
  "hall_of_fame": [
    [
      0.032822644867427586,
      0.2790327993728864
    ],
    [
      0.058854832369912735,
      0.621670959664512
    ],
    [
      0.10266920827486781,
      0.9294602184078616
    ],
    [
      0.10266920827486781,
      0.8615084525684427
    ],
    [
      0.10266920827486781,
      0.8298236216682808
    ],
    [
      0.10266920827486781,
      0.8189755836962793
    ],
    [
      0.10266920827486781,
      0.4623896927693786
    ],
    [
      0.10266920827486781,
      0.45480800642367325
    ],
    [
      0.10266920827486781,
      0.2790327993728864
    ],
    [
      0.10266920827486781,
      0.176460736024443
    ],
    [
      0.867440718130199,
      0.9294602184078616
    ],
    [
      0.867440718130199,
      0.4623896927693786
    ],
    [
      0.867440718130199,
      0.45480800642367325
    ],
    [
      0.867440718130199,
      0.2790327993728864
    ],
    [
      0.867440718130199,
      0.176460736024443
    ],
    [
      0.8341227780552973,
      0.9294602184078616
    ],
    [
      0.8341227780552973,
      0.8615084525684427
    ],
    [
      0.829865757394788,
      0.9294602184078616
    ],
    [
      0.829865757394788,
      0.8298236216682808
    ],
    [
      0.829865757394788,
      0.8189755836962793
    ],
    [
      0.829865757394788,
      0.4623896927693786
    ],
    [
      0.829865757394788,
      0.2790327993728864
    ],
    [
      0.829865757394788,
      0.176460736024443
    ],
    [
      0.21783627738766687,
      0.9294602184078616
    ],
    [
      0.21783627738766687,
      0.6786355623073688
    ],
    [
      0.21783627738766687,
      0.5385742176674063
    ],
    [
      0.21783627738766687,
      0.4623896927693786
    ],
    [
      0.21783627738766687,
      0.45480800642367325
    ],
    [
      0.21783627738766687,
      0.2790327993728864
    ],
    [
      0.21783627738766687,
      0.176460736024443
    ],
    [
      0.29919392224540775,
      0.9294602184078616
    ],
    [
      0.29919392224540775,
      0.8189755836962793
    ],
    [
      0.32794370747342916,
      0.9294602184078616
    ],
    [
      0.32794370747342916,
      0.8189755836962793
    ],
    [
      0.32794370747342916,
      0.621670959664512
    ],
    [
      0.32794370747342916,
      0.4623896927693786
    ],
    [
      0.32794370747342916,
      0.45480800642367325
    ],
    [
      0.37789231476115237,
      0.703343647187499
    ],
    [
      0.4996431369676094,
      0.9559650660796318
    ],
    [
      0.4996431369676094,
      0.9294602184078616
    ],
    [
      0.5006685137537862,
      0.621670959664512
    ],
    [
      0.4996431369676094,
      0.621670959664512
    ],
    [
      0.5006685137537862,
      0.5385742176674063
    ],
    [
      0.4996431369676094,
      0.4623896927693786
    ],
    [
      0.5006685137537862,
      0.45480800642367325
    ],
    [
      0.4996431369676094,
      0.45480800642367325
    ],
    [
      0.5121347067924823,
      0.2923804805979131
    ],
    [
      0.5121347067924823,
      0.2790327993728864
    ],
    [
      0.4996431369676094,
      0.2790327993728864
    ],
    [
      0.5006685137537862,
      0.176460736024443
    ],
    [
      0.4996431369676094,
      0.176460736024443
    ],
    [
      0.5006685137537862,
      0.0015159980583226984
    ],
    [
      0.4996431369676094,
      0.0015159980583226984
    ]
  ],
  "logbook": [
    {
      "gen": 0,
      "nevals": 20,
      "avg": [
        -797.8749485396019,
        0.1379247390519795
      ],
      "min": [
        -852.1729910432593,
        0.13348218424488242
      ],
      "max": [
        -780.0731684900686,
        0.15004617216542415
      ]
    },
    {
      "gen": 1,
      "nevals": 20,
      "avg": [
        -801.5274261242378,
        0.13888186692155668
      ],
      "min": [
        -852.1729910432593,
        0.13348218424488242
      ],
      "max": [
        -780.0731684900686,
        0.15004617216542415
      ]
    },
    {
      "gen": 2,
      "nevals": 20,
      "avg": [
        -802.2738204919422,
        0.1391395044032015
      ],
      "min": [
        -852.1729910432593,
        0.13348216847458277
      ],
      "max": [
        -780.0731253452184,
        0.15004617216542415
      ]
    },
    {
      "gen": 3,
      "nevals": 20,
      "avg": [
        -806.3932258297497,
        0.1406388169050863
      ],