{
  "run_id": 18,
  "seed": 1018,
  "pop_size": 20,
  "n_generations": 10,
  "mode": "trait",
  "elapsed_s": 5.016770839691162,
  "hof_fitness": [
    [
      -886.1586024447985,
      0.14779513182588297
    ],
    [
      -821.8651124973619,
      0.14500181521968109
    ],
    [
      -819.5957395254824,
      0.14439004379557713
    ],
    [
      -817.0857926180479,
      0.14437458335712458
    ],
    [
      -813.4496304736342,
      0.14435219029894705
    ],
    [
      -813.1578470009758,
      0.142488825445779
    ],
    [
      -812.9426446978846,
      0.14248730151491884
    ],
    [
      -812.1797172260602,
      0.1424818993561852
    ],
    [
      -811.9209794124399,
      0.14248006742909558
    ],
    [
      -811.0387961360767,
      0.14247382193102198
    ],
    [
      -810.6671957315842,
      0.14247119141821293
    ],
    [
      -809.6722128787204,
      0.14246414883776393
    ],
    [
      -807.5194356225107,
      0.1424489151686824
    ],
    [
      -807.4083949902009,
      0.14244812955771297
    ],
    [
      -807.0589929433326,
      0.14244565763549039
    ],
    [
      -806.9735606021674,
      0.14045767702926712
    ],
    [
      -806.0027163725819,
      0.14045002941147527
    ],
    [
      -805.7459058309933,
      0.1404480067515819
    ],
    [
      -805.6901854313896,
      0.14001484915887036
    ],
    [
      -804.4644435378876,
      0.1400050103041501
    ],
    [
      -802.230816227405,
      0.13879133843546004
    ],
    [
      -801.0102322904055,
      0.13878108954854537
    ],
    [
      -794.4702508495847,
      0.1359408282090148
    ],
    [
      -793.5141562818311,
      0.13593223469424326
    ],
    [
      -793.2612475128066,
      0.13592996213855726
    ],
    [
      -792.9227906595434,
      0.13536573653015238
    ],
    [
      -791.7160981377353,
      0.1353548107775353
    ],
    [
      -791.1611351487896,
      0.13471290955650347
    ],
    [
      -790.2089488882574,
      0.13470423964634598
    ],
    [
      -789.957073993394,
      0.13470194698231874
    ],
    [
      -788.9735045949592,
      0.13390897552409053
    ],
    [
      -788.1265504915712,
      0.1336008542224152
    ],
    [
      -787.177950157774,
      0.1335922026755525
    ],
    [
      -786.9270238561453,
      0.1335899149680893
    ],
    [
      -786.0714753641121,
      0.1335821174780151
    ],
    [
      -783.6828655981891,
      0.13356036880729835
    ],
    [
      -782.2118478171449,
      0.13354699046891058
    ],
    [
      -781.8786802335911,
      0.13354396208026825
    ]
  ],
  "hall_of_fame": [
    [
      0.9859729683014152,
      0.9956470444451768
    ],
    [
      0.10348680369113472,
      0.9956470444451768
    ],
    [
      0.8883999756302563,
      0.9956470444451768
    ],
    [
      0.8883999756302563,
      0.6927463581315294
    ],
    [
      0.8883999756302563,
      0.2538503357909965
    ],
    [
      0.1390116631246281,
      0.9956470444451768
    ],
    [
      0.1390116631246281,
      0.9694770825548429
    ],
    [
      0.1390116631246281,
      0.8766974115505393
    ],
    [
      0.1390116631246281,
      0.8452312716321005
    ],
    [
      0.1390116631246281,
      0.7379415788752726
    ],
    [
      0.1390116631246281,
      0.6927463581315294
    ],
    [
      0.1390116631246281,
      0.5717281789179386
    ],
    [
      0.1390116631246281,
      0.3098633882762549
    ],
    [
      0.1390116631246281,
      0.2963553951779523
    ],
    [
      0.1390116631246281,
      0.2538503357909965
    ],
    [
      0.17353157058510904,
      0.9956470444451768
    ],
    [
      0.17353157058510904,
      0.8766974115505393
    ],
    [
      0.17353157058510904,
      0.8452312716321005
    ],
    [
      0.1820457865643278,
      0.9956470444451768
    ],
    [
      0.1820457865643278,
      0.8452312716321005
    ],
    [
      0.20805147804559,
      0.9956470444451768
    ],
    [
      0.20805147804559,
      0.8452312716321005
    ],
    [
      0.29214685199113444,
      0.9956470444451768
    ],
    [
      0.29214685199113444,
      0.8766974115505393
    ],
    [
      0.29214685199113444,
      0.8452312716321005
    ],
    [
      0.6833337200724944,
      0.9956470444451768
    ],
    [
      0.6833337200724944,
      0.8452312716321005
    ],
    [
      0.6488138126120134,
      0.9956470444451768
    ],
    [
      0.6488138126120134,
      0.8766974115505393
    ],
    [
      0.6488138126120134,
      0.8452312716321005
    ],
    [
      0.4160254141389491,
      0.9956470444451768
    ],
    [
      0.4693243508830889,
      0.9956470444451768
    ],
    [
      0.4693243508830889,
      0.8766974115505393
    ],
    [
      0.4693243508830889,
      0.8452312716321005
    ],
    [
      0.4693243508830889,
      0.7379415788752726
    ],
    [
      0.4693243508830889,
      0.43836649086869306
    ],
    [
      0.4693243508830889,
      0.2538503357909965
    ],
    [
      0.4693243508830889,
      0.2120571623213422
    ]
  ],
  "logbook": [
    {
      "gen": 0,
      "nevals": 20,
      "avg": [
        -810.4969843768525,
        0.14082304829068282
      ],
      "min": [
        -885.9246570348311,
        0.13354396208026825
      ],
      "max": [
        -781.8786802335911,
        0.14981595073163803
      ]
    },
    {
      "gen": 1,
      "nevals": 20,
      "avg": [
        -807.5776674566675,
        0.13949244842826478
      ],
      "min": [
        -885.9246570348311,
        0.13354396208026825
      ],
      "max": [
        -781.8786802335911,
        0.14781384334870407
      ]
    },
    {
      "gen": 2,
      "nevals": 20,
      "avg": [
        -805.9642615377319,
        0.13985678924754633
      ],
      "min": [
        -886.1586024447985,
        0.13354396208026825
      ],
      "max": [
        -781.8786802335911,
        0.14779513182588297
      ]
    },
    {
      "gen": 3,
      "nevals": 20,
      "avg": [
        -804.7321432664787,
        0.13934475350531733
      ],
      "min": [
        -886.1586024447985,
        0.13354396208026825
      ],
      "max": [
        -781.8786802335911,
        0.14779513182588297
      ]
    },
    {
      "gen": 4,
      "nevals": 20,
      "avg": [
        -806.2443346786572,
        0.13983001924592678
      ],
      "min": [
        -886.1586024447985,
        0.13354396208026825
      ],
      "max": [
        -781.8786802335911,
        0.14779513182588297
      ]
    },
    {
      "gen": 5,
      "nevals": 20,
      "avg": [
        -806.2077472281471,
        0.13983002624775268
      ],
      "min": [
        -886.1586024447985,
        0.13354396208026825
      ],
      "max": [
        -781.8786802335911,
        0.14779513182588297
      ]
    },
    {
      "gen": 6,
      "nevals": 20,
      "avg": [
        -804.9842212439773,
        0.13927881718346108
      ],
      "min": [
        -886.1586024447985,
        0.13354396208026825
      ],
      "max": [
        -781.8786802335911,
        0.14779513182588297
      ]
    },
    {
      "gen": 7,
      "nevals": 20,
      "avg": [
        -804.9955541976212,
        0.13908997384927052
      ],
      "min": [
        -886.1586024447985,
        0.13354396208026825
      ],
      "max": [
        -781.8786802335911,
        0.14779513182588297
      ]
    },
    {
      "gen": 8,
      "nevals": 20,
      "avg": [
        -804.3943086980798,
        0.13885006000362352
      ],
      "min": [
        -886.1586024447985,
        0.13354396208026825
      ],
      "max": [
        -781.8786802335911,
        0.14779513182588297
      ]
    },
    {
      "gen": 9,
      "nevals": 20,
      "avg": [
        -805.5959141697256,
        0.13929414677868257
      ],
      "min": [
        -886.1586024447985,
        0.13354396208026825
      ],
      "max": [
        -781.8786802335911,
        0.14779513182588297
      ]
    },
    {
      "gen": 10,