{
  "run_id": 9,
  "seed": 1009,
  "pop_size": 20,
  "n_generations": 10,
  "mode": "trait",
  "elapsed_s": 5.359534025192261,
  "hof_fitness": [
    [
      -891.7896587061803,
      0.14671943545359017
    ],
    [
      -823.6722787246621,
      0.1455091923738099
    ],
    [
      -823.125250946631,
      0.14550617230016472
    ],
    [
      -821.6813158724366,
      0.14549820045181552
    ],
    [
      -821.3573207475645,
      0.14549641168977054
    ],
    [
      -821.3401211181961,
      0.1454963167313086
    ],
    [
      -819.9827828923917,
      0.1454888228869065
    ],
    [
      -818.1718480723822,
      0.14547882464363882
    ],
    [
      -817.7887460240421,
      0.14392971680153227
    ],
    [
      -817.2455400819662,
      0.14392624041325808
    ],
    [
      -814.1250298068417,
      0.14390627319965688
    ],
    [
      -813.0197300946625,
      0.14249896907696727
    ],
    [
      -811.3096462956653,
      0.14195592317870945
    ],
    [
      -811.0930230043924,
      0.1418860729832847
    ],
    [
      -810.554170566614,
      0.14188212005758039
    ],
    [
      -809.1318165671424,
      0.14187168785016652
    ],
    [
      -808.7957216191897,
      0.14186922318203
    ],
    [
      -807.4586725531425,
      0.1418594198168426
    ],
    [
      -805.6748100059885,
      0.14184634423444165
    ],
    [
      -802.8260462244917,
      0.13906477778500909
    ],
    [
      -801.5132364501521,
      0.13859346309078877
    ],
    [
      -800.9806199805291,
      0.1385889622590188
    ],
    [
      -799.2592689497025,
      0.13857442151597904
    ],
    [
      -797.9209493470262,
      0.13856312204106896
    ],
    [
      -797.8795139538822,
      0.13726641236348613
    ],
    [
      -797.3492651139647,
      0.1372617655659037
    ],
    [
      -796.3660431540343,
      0.137253151704729
    ],
    [
      -795.949622565413,
      0.13724950449839066
    ],
    [
      -795.6355665121728,
      0.13724675423917465
    ],
    [
      -795.4087703167779,
      0.13635148829078766
    ],
    [
      -794.8801320766388,
      0.13634676827394435
    ],
    [
      -793.9222907171907,
      0.13579895192983302
    ],
    [
      -793.3946217602887,
      0.13579419951770041
    ],
    [
      -791.6892615973701,
      0.13577884823684772
    ],
    [
      -790.3633757827332,
      0.13576692126110612
    ],
    [
      -789.9334110171234,
      0.1343212781172227
    ],
    [
      -789.4083442055666,
      0.1343164886740478
    ],
    [
      -789.2602518053668,
      0.13407421532898814
    ],
    [
      -788.7356242968489,
      0.13406942761188445
    ],
    [
      -788.0217795929292,
      0.1338084719085855
    ],
    [
      -787.8369338976844,
      0.1335556645078314
    ],
    [
      -786.3421600939857,
      0.1335420374819314
    ],
    [
      -786.3368694121609,
      0.13354011782751193
    ],
    [
      -785.9308841482747,
      0.13353829026080827
    ],
    [
      -785.7459854398645,
      0.13353473449276515
    ],
    [
      -784.8586013608715,
      0.13352852483875796
    ],
    [
      -784.8533204823563,
      0.1335266053775207
    ],
    [
      -784.3048006146648,
      0.1335234837754792
    ],
    [
      -782.4106803831365,
      0.133504383688698
    ],
    [
      -781.9227597681211,
      0.1335018200590216
    ]
  ],
  "hall_of_fame": [
    [
      0.01171397028504173,
      0.9744333179550391
    ],
    [
      0.09694357992372493,
      0.9744333179550391
    ],
    [
      0.09694357992372493,
      0.9087545362597503
    ],
    [
      0.09694357992372493,
      0.7353781634374578
    ],
    [
      0.09694357992372493,
      0.6964732661378835
    ],
    [
      0.09694357992372493,
      0.6944079362539303
    ],
    [
      0.09694357992372493,
      0.5314120238683446
    ],
    [
      0.09694357992372493,
      0.3139248854233385
    ],
    [
      0.11788960132498279,
      0.9744333179550391
    ],
    [
      0.11788960132498279,
      0.9087545362597503
    ],
    [
      0.11788960132498279,
      0.5314120238683446
    ],
    [
      0.13883562272624064,
      0.9744333179550391
    ],
    [
      0.8525713542579144,
      0.9744333179550391
    ],
    [
      0.8514363581128904,
      0.9744333179550391
    ],
    [
      0.8514363581128904,
      0.9087545362597503
    ],
    [
      0.8514363581128904,
      0.7353781634374578
    ],
    [
      0.8514363581128904,
      0.6944079362539303
    ],
    [
      0.8514363581128904,
      0.5314120238683446
    ],
    [
      0.8514363581128904,
      0.3139248854233385
    ],
    [
      0.7981498766246119,
      0.9744333179550391
    ],
    [
      0.7873714318622369,
      0.9744333179550391
    ],
    [
      0.7873714318622369,
      0.9087545362597503
    ],
    [
      0.7873714318622369,
      0.6964732661378835
    ],
    [
      0.7873714318622369,
      0.5314120238683446
    ],
    [
      0.7525657161125577,
      0.9744333179550391
    ],
    [
      0.7525657161125577,
      0.9087545362597503
    ],
    [
      0.7525657161125577,
      0.7869626284979636
    ],
    [
      0.7525657161125577,
      0.7353781634374578
    ],
    [
      0.7525657161125577,
      0.6964732661378835
    ],
    [
      0.2768088107347525,
      0.9744333179550391
    ],
    [
      0.2768088107347525,
      0.9087545362597503
    ],
    [
      0.29775483213601034,
      0.9744333179550391
    ],
    [
      0.29775483213601034,
      0.9087545362597503
    ],
    [
      0.29775483213601034,
      0.6964732661378835
    ],
    [
      0.29775483213601034,
      0.5314120238683446
    ],
    [
      0.37766189751855983,
      0.9744333179550391
    ],
    [
      0.37766189751855983,
      0.9087545362597503
    ],
    [
      0.39860791891981767,
      0.9744333179550391
    ],
    [
      0.39860791891981767,
      0.9087545362597503
    ],
    [
      0.42785717587569405,
      0.9087545362597503
    ],
    [
      0.49229492623815296,
      0.9744333179550391
    ],
    [
      0.49229492623815296,
      0.7869626284979636
    ],
    [
      0.49547290910038255,
      0.7869626284979636
    ],
    [
      0.49229492623815296,
      0.7353781634374578
    ],
    [
      0.49547290910038255,
      0.7128498130214084
    ],
    [
      0.49229492623815296,
      0.6008799500085239
    ],
    [
      0.49547290910038255,
      0.6008799500085239
    ],
    [
      0.49229492623815296,
      0.5314120238683446
    ],
    [
      0.49547290910038255,
      0.29445751824198085
    ],
    [
      0.49229492623815296,
      0.23258312757528243
    ]
  ],
  "logbook": [
    {
      "gen": 0,
      "nevals": 20,
      "avg": [
        -797.8881267998238,
        0.13710725483704853
      ],
      "min": [
        -889.2708718430276,
        0.1335018200590216
      ],
      "max": [
        -781.9227597681211,
        0.14672854781210193
      ]
    },
    {
      "gen": 1,
      "nevals": 20,
      "avg": [
        -802.1184943843334,
        0.1383398441161347
      ],
      "min": [
        -889.2708718430276,
        0.1335018200590216
      ],
      "max": [
        -781.9227597681211,
        0.14672854781210193
      ]
    },
    {
      "gen": 2,
      "nevals": 20,
      "avg": [
        -805.5091433356699,
        0.13944474342036473
      ],
      "min": [
        -889.2708718430276,
        0.1335018200590216
      ],
      "max": [
        -781.9227597681211,
        0.14672854781210193
      ]
    },
    {
      "gen": 3,
      "nevals": 20,
      "avg": [
        -805.8251479517346,
        0.1394953667000794
      ],
      "min": [
        -889.2708718430276,
        0.1335018200590216
      ],
      "max": [
        -781.9227597681211,
        0.14672854781210193
      ]
    },
    {
      "gen": 4,
      "nevals": 20,
      "avg": [
        -809.5384455103656,
        0.13949514046487815
      ],
      "min": [
        -889.2708718430276,
        0.1335018200590216
      ],