{
  "run_id": 7,
  "seed": 1007,
  "pop_size": 20,
  "n_generations": 10,
  "mode": "trait",
  "elapsed_s": 5.047356605529785,
  "hof_fitness": [
    [
      -900.3036964043316,
      0.14471778591231393
    ],
    [
      -815.2682194098616,
      0.14329336845319862
    ],
    [
      -815.0664237194527,
      0.14329201402639313
    ],
    [
      -814.3641531789575,
      0.14328730073838816
    ],
    [
      -814.3510450782683,
      0.1432872127672556
    ],
    [
      -811.9215085020184,
      0.14327091010650367
    ],
    [
      -807.9387220951544,
      0.1409592498687476
    ],
    [
      -807.7387027852541,
      0.14095771058920795
    ],
    [
      -806.8475922968989,
      0.14095085376538613
    ],
    [
      -806.8426065442948,
      0.14095081540546356
    ],
    [
      -805.9465614932096,
      0.14094392202785544
    ],
    [
      -804.6991924855138,
      0.13984750081319178
    ],
    [
      -804.4856221861078,
      0.13984577518969638
    ],
    [
      -804.3153720740092,
      0.1398443996610411
    ],
    [
      -803.8066050299931,
      0.13984028948334823
    ],
    [
      -803.6123490452326,
      0.1398387202989576
    ],
    [
      -803.5930469856921,
      0.13983856438304704
    ],
    [
      -802.8372439809295,
      0.13919038619563745
    ],
    [
      -802.638462165493,
      0.13918873988862754
    ],
    [
      -801.7528650594327,
      0.13918140659689326
    ],
    [
      -801.128581489641,
      0.13857748677592918
    ],
    [
      -800.9302143566051,
      0.1385758099025305
    ],
    [
      -798.8355409901627,
      0.13774269743509313
    ],
    [
      -798.6377305268484,
      0.13774098451071723
    ],
    [
      -798.4544622132846,
      0.13773939762379084
    ],
    [
      -797.7564610603212,
      0.13773335473522166
    ],
    [
      -797.7372968835426,
      0.13773318884471947
    ],
    [
      -796.7463820164659,
      0.13772461279570355
    ],
    [
      -795.5549303035477,
      0.13771430529183393
    ],
    [
      -792.7266930876301,
      0.1376898556522793
    ],
    [
      -792.1285580929207,
      0.13525734262001501
    ],
    [
      -791.9100583661725,
      0.1351762061133387
    ],
    [
      -791.7139303334685,
      0.1351744269662486
    ],
    [
      -791.6998170922081,
      0.13517429894670613
    ],
    [
      -791.04703952439,
      0.1349269968637445
    ],
    [
      -791.0329379510921,
      0.13492686867638373
    ],
    [
      -790.8654802018799,
      0.13492534650785934
    ],
    [
      -789.6688030778146,
      0.13434722329682064
    ],
    [
      -789.29201518246,
      0.13434378720780646
    ],
    [
      -788.6018736605047,
      0.13433749535182665
    ],
    [
      -788.5829252808525,
      0.13433732263749318
    ],
    [
      -787.6592935223119,
      0.13368149913002067
    ],
    [
      -787.4866445834242,
      0.1335498020698124
    ],
    [
      -787.2915921167591,
      0.13354802357400022
    ],
    [
      -786.4226102580506,
      0.13354010270619973
    ],
    [
      -784.251778466386,
      0.13352033346628436
    ]
  ],
  "hall_of_fame": [
    [
      0.0088620801534266,
      0.9314498915472966
    ],
    [
      0.12689690743415927,
      0.9314498915472966
    ],
    [
      0.12689690743415927,
      0.9069871853241732
    ],
    [
      0.12689690743415927,
      0.8218519458523621
    ],
    [
      0.12689690743415927,
      0.8202628342105195
    ],
    [
      0.12689690743415927,
      0.5257045282224386
    ],
    [
      0.8357059651227867,
      0.9314498915472966
    ],
    [
      0.8357059651227867,
      0.9069871853241732
    ],
    [
      0.8357059651227867,
      0.7979990444067284
    ],
    [
      0.8357059651227867,
      0.7973892396292387
    ],
    [
      0.8357059651227867,
      0.6877912939343042
    ],
    [
      0.18529135220171822,
      0.9314498915472966
    ],
    [
      0.18529135220171822,
      0.9052268531722542
    ],
    [
      0.18529135220171822,
      0.8843225872965885
    ],
    [
      0.18529135220171822,
      0.8218519458523621
    ],
    [
      0.18529135220171822,
      0.7979990444067284
    ],
    [
      0.18529135220171822,
      0.7956289074773196
    ],
    [
      0.19902802317616208,
      0.9314498915472966
    ],
    [
      0.19902802317616208,
      0.9069871853241732
    ],
    [
      0.19902802317616208,
      0.7979990444067284
    ],
    [
      0.7870633159445551,
      0.9314498915472966
    ],
    [
      0.7870633159445551,
      0.9069871853241732
    ],
    [
      0.2339859078801907,
      0.9314498915472966
    ],
    [
      0.2339859078801907,
      0.9069871853241732
    ],
    [
      0.2339859078801907,
      0.8843225872965885
    ],
    [
      0.2339859078801907,
      0.7979990444067284
    ],
    [
      0.2339859078801907,
      0.7956289074773196
    ],
    [
      0.2339859078801907,
      0.6730730973016164
    ],
    [
      0.2339859078801907,
      0.5257045282224386
    ],
    [
      0.2339859078801907,
      0.1758391144069249
    ],
    [
      0.3215836161593303,
      0.9314498915472966
    ],
    [
      0.6744421602559135,
      0.9314498915472966
    ],
    [
      0.6744421602559135,
      0.9069871853241732
    ],
    [
      0.6744421602559135,
      0.9052268531722542
    ],
    [
      0.6615317516812519,
      0.9069871853241732
    ],
    [
      0.6615317516812519,
      0.9052268531722542
    ],
    [
      0.6615317516812519,
      0.8843225872965885
    ],
    [
      0.3754572952244537,
      0.9314498915472966
    ],
    [
      0.3754572952244537,
      0.8843225872965885
    ],
    [
      0.3754572952244537,
      0.7979990444067284
    ],
    [
      0.3754572952244537,
      0.7956289074773196
    ],
    [
      0.5518477538538149,
      0.9069871853241732
    ],
    [
      0.4980128882076219,
      0.9314498915472966
    ],
    [
      0.4980128882076219,
      0.9069871853241732
    ],
    [
      0.4980128882076219,
      0.7979990444067284
    ],
    [
      0.4980128882076219,
      0.5257045282224386
    ]
  ],
  "logbook": [
    {
      "gen": 0,
      "nevals": 20,
      "avg": [
        -801.9381021832992,
        0.1386956099606434
      ],
      "min": [
        -879.9435434254592,
        0.13368149913002067
      ],
      "max": [
        -782.5482568182584,
        0.15000983999544448
      ]
    },
    {
      "gen": 1,
      "nevals": 20,
      "avg": [
        -807.6749322349016,
        0.14000551807118242
      ],
      "min": [
        -879.9435434254592,
        0.13367519028383285
      ],
      "max": [
        -784.9258841347191,
        0.15001211880819024
      ]
    },
    {
      "gen": 2,
      "nevals": 20,
      "avg": [
        -803.8758502336498,
        0.1390121234129291
      ],
      "min": [
        -879.9435434254592,
        0.13354010270619973
      ],
      "max": [
        -786.4226102580506,
        0.1486864292428179
      ]
    },
    {
      "gen": 3,
      "nevals": 20,
      "avg": [
        -803.6653781592722,
        0.13883513682450124
      ],
      "min": [
        -879.9435434254592,
        0.13352033346628436
      ],
      "max": [
        -784.251778466386,
        0.1486864292428179
      ]
    },
    {
      "gen": 4,
      "nevals": 20,
      "avg": [
        -804.5502065977033,
        0.13924904065498503
      ],
      "min": [
        -879.9435434254592,
        0.13352033346628436
      ],
      "max": [
        -784.251778466386,
        0.1486864292428179
      ]
    },
    {
      "gen": 5,
      "nevals": 20,
      "avg": [
        -804.6800554298374,
        0.13915879474422058
      ],
      "min": [
        -879.9435434254592,
        0.13352033346628436
      ],
      "max": [
        -784.251778466386,
        0.1486864292428179
      ]
    },
    {
      "gen": 6,
      "nevals": 20,
      "avg": [
        -804.3239880376336,
        0.13908531460254908
      ],