{
  "run_id": 4,
  "seed": 1004,
  "pop_size": 20,
  "n_generations": 10,
  "mode": "trait",
  "elapsed_s": 5.081005334854126,
  "hof_fitness": [
    [
      -873.1272235069202,
      0.14920218306224065
    ],
    [
      -828.1989076028837,
      0.14661631250035004
    ],
    [
      -827.4815456488739,
      0.14661287225699587
    ],
    [
      -826.6831449725927,
      0.14623930458221837
    ],
    [
      -826.5163013109262,
      0.1462384611748733
    ],
    [
      -824.096915988084,
      0.14622622995723372
    ],
    [
      -822.959222376667,
      0.14533692852983282
    ],
    [
      -822.7931133949635,
      0.1453359942405052
    ],
    [
      -822.3515058105637,
      0.14533351039724424
    ],
    [
      -822.0803282314189,
      0.14533198514835904
    ],
    [
      -820.4959186893896,
      0.14532307361628646
    ],
    [
      -820.384382568368,
      0.14532244628271476
    ],
    [
      -820.0562941619107,
      0.14532060095564367
    ],
    [
      -818.4758307174357,
      0.14413350786002893
    ],
    [
      -818.3106068240002,
      0.14413246780761033
    ],
    [
      -817.8713523324114,
      0.144129702851621
    ],
    [
      -817.6016197502558,
      0.144128005025328
    ],
    [
      -816.6477139045618,
      0.14412200097515643
    ],
    [
      -816.02565343125,
      0.14411808586267116
    ],
    [
      -815.9147117140604,
      0.14411738764014084
    ],
    [
      -815.5883717989594,
      0.14411533382378272
    ],
    [
      -814.1680587382755,
      0.1428641157899422
    ],
    [
      -814.0036858263127,
      0.1428629794706129
    ],
    [
      -813.5666937498675,
      0.1428599586499776
    ],
    [
      -813.2983504799356,
      0.1428581037518577
    ],
    [
      -812.3493581213966,
      0.14285154450428708
    ],
    [
      -811.7305019978818,
      0.14284726757618785
    ],
    [
      -811.6201317762863,
      0.14284650484529682
    ],
    [
      -808.3561090240161,
      0.1410474937842287
    ],
    [
      -807.9220857457511,
      0.14104416768867306
    ],
    [
      -807.6555655648856,
      0.14104212539773445
    ],
    [
      -806.682715588295,
      0.1404260343247132
    ],
    [
      -806.5198226343659,
      0.14042474940636518
    ],
    [
      -805.8208380690171,
      0.14041923633233516
    ],
    [
      -804.2671074122936,
      0.14040698511952984
    ],
    [
      -804.1934034841162,
      0.13961612336452758
    ],
    [
      -803.4963944903527,
      0.13961044038626982
    ],
    [
      -801.8379883759284,
      0.13959692331560924
    ],
    [
      -799.4690010442308,
      0.1378610270960353
    ],
    [
      -799.3075358438329,
      0.13785963302465148
    ],
    [
      -798.6146780317125,
      0.1378536518955877
    ],
    [
      -797.7617718221501,
      0.1372336854997125
    ],
    [
      -797.600644740018,
      0.13723227232561475
    ],
    [
      -796.9092378544345,
      0.13722620931115923
    ],
    [
      -795.9789865047479,
      0.1372180544269364
    ],
    [
      -795.264161923392,
      0.1372117900551432
    ],
    [
      -794.9459151343664,
      0.1372090016589229
    ],
    [
      -793.652702462012,
      0.13570944355959424
    ],
    [
      -793.4923895430081,
      0.135707997859825
    ],
    [
      -793.2121153990122,
      0.13560377483163968
    ],
    [
      -791.7534907087776,
      0.13500413257423385
    ],
    [
      -791.5935542724346,
      0.13500267922570194
    ],
    [
      -789.3817290227814,
      0.13498259236154572
    ],
    [
      -789.1286211214729,
      0.13433869324153963
    ],
    [
      -788.2072828528322,
      0.1343302947601061
    ],
    [
      -787.9920521554004,
      0.13362227195172366
    ],
    [
      -787.8328616981146,
      0.13362081980001353
    ],
    [
      -787.4096476425544,
      0.13361695986992228
    ],
    [
      -787.1497652106108,
      0.13361459009231133
    ],
    [
      -786.2306956081422,
      0.1336062123696707
    ],
    [
      -786.2296152924449,
      0.13360581960227882
    ],
    [
      -785.631353625111,
      0.1336007515850793
    ],
    [
      -785.21004262991,
      0.13359691406616742
    ],
    [
      -781.5874256728284,
      0.13356395730692602
    ],
    [
      -781.475721868987,
      0.1335629422177381
    ],
    [
      -781.1324456330266,
      0.13355982317903403
    ]
  ],