{
  "run_id": 23,
  "seed": 1023,
  "pop_size": 20,
  "n_generations": 10,
  "mode": "trait",
  "elapsed_s": 5.219655990600586,
  "hof_fitness": [
    [
      -906.7267530033221,
      0.14315031474277337
    ],
    [
      -811.5336861374966,
      0.14201256759729683
    ],
    [
      -810.3859407295015,
      0.1420042081049129
    ],
    [
      -809.8612811271305,
      0.14200038738211665
    ],
    [
      -807.3798700046021,
      0.14198232200548874
    ],
    [
      -806.1353113217014,
      0.14021116988561616
    ],
    [
      -804.9950443216813,
      0.14020209225243568
    ],
    [
      -804.4738034494528,
      0.14019794356574436
    ],
    [
      -804.1964142554273,
      0.1401957359851867
    ],
    [
      -803.5485937041512,
      0.14019058097630147
    ],
    [
      -802.0085630071043,
      0.14017832973000818
    ],
    [
      -801.7267907479633,
      0.13865345013926197
    ],
    [
      -800.5926351744737,
      0.13864388494827176
    ],
    [
      -800.0741881163317,
      0.1386395136716948
    ],
    [
      -799.1539376580447,
      0.13863175641984452
    ],
    [
      -797.8802793811827,
      0.1386210239636255
    ],
    [
      -797.6221624438876,
      0.13861884949079406
    ],
    [
      -796.7305448809427,
      0.1368243950645757
    ],
    [
      -795.603320223907,
      0.13681442154375448
    ],
    [
      -794.8138254218043,
      0.13680743895080477
    ],
    [
      -794.1734154103578,
      0.13680177658042172
    ],
    [
      -792.6510026167052,
      0.13678832169564115
    ],
    [
      -792.5768000721976,
      0.1352815815603278
    ],
    [
      -791.4553415843585,
      0.13527141902220732
    ],
    [
      -790.9426989340348,
      0.1352667753711802
    ],
    [
      -788.3671729493726,
      0.1337312910078263
    ],
    [
      -788.2142853765401,
      0.13367572250330273
    ],
    [
      -788.0066500795984,
      0.13360037043250944
    ],
    [
      -786.8915402511867,
      0.13359020149160533
    ],
    [
      -786.3817998508838,
      0.13358555531667346
    ],
    [
      -785.4770044991247,
      0.1335773117982148
    ],
    [
      -783.9709565233879,
      0.1335636002365336
    ],
    [
      -780.9772790823953,
      0.13353638159849304
    ]
  ],
  "hall_of_fame": [
    [
      0.9926748294464168,
      0.9803961541720226
    ],
    [
      0.14651912586371674,
      0.9803961541720226
    ],
    [
      0.14651912586371674,
      0.8405654630697663
    ],
    [
      0.14651912586371674,
      0.7766424043126984
    ],
    [
      0.14651912586371674,
      0.47428548765778766
    ],
    [
      0.8217998117664537,
      0.9803961541720226
    ],
    [
      0.8217998117664537,
      0.8405654630697663
    ],
    [
      0.8217998117664537,
      0.7766424043126984
    ],
    [
      0.8217998117664537,
      0.7426235456523944
    ],
    [
      0.8217998117664537,
      0.6631728337733374
    ],
    [
      0.8217998117664537,
      0.47428548765778766
    ],
    [
      0.788773077916854,
      0.9803961541720226
    ],
    [
      0.788773077916854,
      0.8405654630697663
    ],
    [
      0.788773077916854,
      0.7766424043126984
    ],
    [
      0.788773077916854,
      0.6631728337733374
    ],
    [
      0.788773077916854,
      0.5061158965315435
    ],
    [
      0.788773077916854,
      0.47428548765778766
    ],
    [
      0.7390514147218057,
      0.9803961541720226
    ],
    [
      0.7390514147218057,
      0.8405654630697663
    ],
    [
      0.7390514147218057,
      0.7426235456523944
    ],
    [
      0.7390514147218057,
      0.6631728337733374
    ],
    [
      0.7390514147218057,
      0.47428548765778766
    ],
    [
      0.6794109921683119,
      0.9803961541720226
    ],
    [
      0.6794109921683119,
      0.8405654630697663
    ],
    [
      0.6794109921683119,
      0.7766424043126984
    ],
    [
      0.5597807624680191,
      0.9803961541720226
    ],
    [
      0.5496590917004862,
      0.9803961541720226
    ],
    [
      0.5308805054685878,
      0.9803961541720226
    ],
    [
      0.5308805054685878,
      0.8405654630697663
    ],
    [
      0.5308805054685878,
      0.7766424043126984
    ],
    [
      0.5308805054685878,
      0.6631728337733374
    ],
    [
      0.5308805054685878,
      0.47428548765778766
    ],
    [
      0.5308805054685878,
      0.09876442593813695
    ]
  ],
  "logbook": [
    {
      "gen": 0,
      "nevals": 20,
      "avg": [
        -808.3831834342152,
        0.1387414663535233
      ],
      "min": [
        -901.8439874911161,
        0.13353638159849304
      ],
      "max": [
        -780.9772790823953,
        0.1500045997489893
      ]
    },
    {
      "gen": 1,
      "nevals": 20,
      "avg": [
        -803.7915306688877,
        0.13724892835346175
      ],
      "min": [
        -904.5543738178951,
        0.13353638159849304
      ],
      "max": [
        -780.9772790823953,
        0.143164275622741
      ]
    },
    {
      "gen": 2,
      "nevals": 20,
      "avg": [
        -800.3999706816863,
        0.13756370064951703
      ],
      "min": [
        -904.5543738178951,
        0.13353638159849304
      ],
      "max": [
        -780.9772790823953,
        0.14316057647146357
      ]
    },
    {
      "gen": 3,
      "nevals": 20,
      "avg": [
        -801.741851460183,
        0.13779546515043323
      ],
      "min": [
        -906.7267530033221,
        0.13353638159849304
      ],
      "max": [
        -780.9772790823953,
        0.14315031474277337
      ]
    },
    {
      "gen": 4,
      "nevals": 20,
      "avg": [
        -808.5881253511515,
        0.13845388852150947
      ],
      "min": [
        -906.7267530033221,
        0.13353638159849304
      ],
      "max": [
        -780.9772790823953,
        0.14315031474277337
      ]
    },
    {
      "gen": 5,
      "nevals": 20,
      "avg": [
        -807.8799710646148,
        0.13804191523769466
      ],
      "min": [
        -906.7267530033221,
        0.13353638159849304
      ],
      "max": [
        -780.9772790823953,
        0.14315031474277337
      ]
    },
    {
      "gen": 6,
      "nevals": 20,
      "avg": [
        -808.7106334159866,
        0.13837767275023047
      ],
      "min": [
        -906.7267530033221,
        0.13353638159849304
      ],
      "max": [
        -780.9772790823953,
        0.14315031474277337
      ]
    },
    {
      "gen": 7,
      "nevals": 20,
      "avg": [
        -808.4763942173294,
        0.13822465659850672
      ],
      "min": [
        -906.7267530033221,
        0.13353638159849304
      ],
      "max": [
        -780.9772790823953,
        0.14315031474277337
      ]
    },
    {
      "gen": 8,
      "nevals": 20,
      "avg": [
        -806.9299923412277,
        0.1377250061630481
      ],
      "min": [
        -906.7267530033221,
        0.13353638159849304
      ],
      "max": [
        -780.9772790823953,
        0.14315031474277337
      ]
    },
    {
      "gen": 9,
      "nevals": 20,
      "avg": [
        -806.9254863340724,
        0.13780104282405087
      ],
      "min": [
        -906.7267530033221,
        0.13353638159849304
      ],
      "max": [
        -780.9772790823953,
        0.14315031474277337
      ]
    },
    {
      "gen": 10,
      "nevals": 20,
      "avg": [
        -807.2157984571218,
        0.13795456710268067
      ],
      "min": [
        -906.7267530033221,
        0.13353638159849304
      ],
      "max": [
        -780.9772790823953,
        0.14315031474277337
      ]
    }
  ]
}