{
  "run_id": 10,
  "seed": 1010,
  "pop_size": 20,
  "n_generations": 10,
  "mode": "trait",
  "elapsed_s": 5.100932598114014,
  "hof_fitness": [
    [
      -849.1489758377471,
      0.14965559670115763
    ],
    [
      -848.7534932692233,
      0.14965494615282338
    ],
    [
      -848.4620408711314,
      0.14965446652473885
    ],
    [
      -847.6587982881923,
      0.14965314377492223
    ],
    [
      -847.041644078746,
      0.14965212657693233
    ],
    [
      -845.2934443041538,
      0.14964924098356017
    ],
    [
      -841.7185145550286,
      0.14964332092069738
    ],
    [
      -840.9726692246334,
      0.14964208255597344
    ],
    [
      -825.1826364922432,
      0.1458472587657447
    ],
    [
      -824.7980466648929,
      0.14584521615965987
    ],
    [
      -824.5146219189104,
      0.14584371083763203
    ],
    [
      -823.7335044373358,
      0.14583956210311597
    ],
    [
      -822.7608061927983,
      0.14583439568097045
    ],
    [
      -822.033402783755,
      0.14583053201969934
    ],
    [
      -821.4333111423937,
      0.14582734451722398
    ],
    [
      -812.66195388331,
      0.14234515978986095
    ],
    [
      -812.2830734670888,
      0.1423424532569895
    ],
    [
      -812.0038563853191,
      0.1423404587794813
    ],
    [
      -810.276079226228,
      0.1423281191631866
    ],
    [
      -810.1020600837321,
      0.14232687653418158
    ],
    [
      -809.7952370440507,
      0.1423246856730577
    ],
    [
      -809.5594763386681,
      0.14232300230740963
    ],
    [
      -808.9682952851566,
      0.14231878148299051
    ],
    [
      -808.3771362414161,
      0.14231456123640626
    ],
    [
      -808.0659138974297,
      0.14084235536282105
    ],
    [
      -807.6891319044263,
      0.14083943882968578
    ],
    [
      -807.4114612954019,
      0.14083728964614314
    ],
    [
      -806.646202752712,
      0.14083136723055847
    ],
    [
      -804.9806209074927,
      0.1408184807807952
    ],
    [
      -804.3927147881844,
      0.14081393340541706
    ],
    [
      -800.7426385735404,
      0.13839990527196025
    ],
    [
      -800.4673083105137,
      0.13839756487268903
    ],
    [
      -799.7084999617642,
      0.1383911158730384
    ],
    [
      -799.0661447152015,
      0.13838565788142568
    ],
    [
      -798.7635840771546,
      0.13838308748112751
    ],
    [
      -798.3595047967434,
      0.13837965503986085
    ],
    [
      -798.0569580215068,
      0.13837708537046606
    ],
    [
      -797.4740079705596,
      0.13837213484688
    ],
    [
      -796.8645573493258,
      0.1368437168644236
    ],
    [
      -796.5635312836598,
      0.13684105390577178
    ],
    [
      -796.4928953805735,
      0.13684042908877836
    ],
    [
      -796.2845260841506,
      0.1368385860422902
    ],
    [
      -796.2189980662366,
      0.13683800647310893
    ],
    [
      -796.0456523476781,
      0.1368364733742521
    ],
    [
      -795.6577713978828,
      0.13683304328306387
    ],
    [
      -795.4641390418819,
      0.13683133116578747
    ],
    [
      -794.5241413657462,
      0.13682302153589407
    ],
    [
      -794.2451734729239,
      0.13682055605953972
    ],
    [
      -794.1543442404375,
      0.13602490276435378
    ],
    [
      -794.0270189229551,
      0.13602375995680935
    ],
    [
      -793.8541413629823,
      0.13602220840018175
    ],
    [
      -793.6496621056054,
      0.13575871918178775
    ],
    [
      -793.3063653410754,
      0.13575562576917943
    ],
    [
      -793.1336417315631,
      0.13575406956045746
    ],
    [
      -792.7471528462236,
      0.13575058781683322
    ],
    [
      -792.554215429072,
      0.13574884994462422
    ],
    [
      -792.3981099511662,
      0.13531897026477774
    ],
    [
      -792.1255942106616,
      0.1353165016174538
    ],
    [
      -791.6740288913093,
      0.13531241173107575
    ],
    [
      -791.437321128244,
      0.13531026819816405
    ],
    [
      -791.3745429138398,
      0.1353096997447999
    ],
    [
      -790.4392871042495,
      0.13530123311809408
    ],
    [
      -790.039338983042,
      0.1352976136732301
    ],
    [
      -789.9699868729626,
      0.13529698612346117
    ],
    [
      -789.739885402818,
      0.13529490414563008
    ],
    [
      -789.5478592107847,
      0.1342396655619252
    ],
    [
      -789.4778338398214,
      0.13423902666356521
    ],
    [
      -788.4579697173938,
      0.13422972442639813
    ],
    [
      -788.4234162901627,
      0.13414822657633382
    ],
    [
      -788.2315117992089,
      0.1341464763314392
    ],
    [
      -787.7631458097129,
      0.13361272270896976
    ],
    [
      -787.4921949943769,
      0.1336102515189587
    ],
    [
      -786.9422964695606,
      0.1336071106940062
    ],
    [
      -786.9370059734626,
      0.1336051892037048
    ],
    [
      -786.3685470004536,
      0.13360188087483932
    ],
    [
      -785.8155720967162,
      0.13359496889414846
    ],
    [
      -785.2418694643341,
      0.13358974304586796
    ],
    [
      -785.1201872411715,
      0.13358863487522063
    ],
    [
      -784.5465112797415,
      0.1335834114460777
    ],
    [
      -780.5297787076041,
      0.13354688860493955
    ]
  ],