{
  "run_id": 16,
  "seed": 1016,
  "pop_size": 20,
  "n_generations": 10,
  "mode": "trait",
  "elapsed_s": 5.0288145542144775,
  "hof_fitness": [
    [
      -831.4875134382322,
      0.14725572002814089
    ],
    [
      -831.1133135130674,
      0.14725410295296468
    ],
    [
      -831.0121607655592,
      0.1472536658111966
    ],
    [
      -828.9955140475638,
      0.14724494905625599
    ],
    [
      -828.8437102025903,
      0.14724429277520143
    ],
    [
      -828.2826553297771,
      0.14724186706267914
    ],
    [
      -828.1815197952714,
      0.1472414297795533
    ],
    [
      -827.5280465925696,
      0.14723860415064483
    ],
    [
      -826.7974629344892,
      0.1472354447167055
    ],
    [
      -826.7055040108244,
      0.14723504700896428
    ],
    [
      -823.9675378001048,
      0.1472232028596578
    ],
    [
      -818.5321088237164,
      0.14423448488196497
    ],
    [
      -818.4324530002197,
      0.14423386294970006
    ],
    [
      -815.7433445347389,
      0.14421708247598986
    ],
    [
      -814.1895387140894,
      0.1442073879961305
    ],
    [
      -811.5242013871419,
      0.14419076108547102
    ],
    [
      -811.4921068137194,
      0.14419056089333276
    ],
    [
      -810.8047231747989,
      0.1441862734063314
    ],
    [
      -808.2411269264528,
      0.14093627605186268
    ],
    [
      -807.8771626755539,
      0.14093347143973867
    ],
    [
      -807.7787768528922,
      0.14093271334486684
    ],
    [
      -807.0453939260811,
      0.14053080111204289
    ],
    [
      -806.6819571290065,
      0.14052794753755735
    ],
    [
      -806.583713888367,
      0.14052717621102864
    ],
    [
      -804.6250770816509,
      0.14051180248030562
    ],
    [
      -803.8474635477339,
      0.13941818411906798
    ],
    [
      -803.4854378422842,
      0.1394152098229727
    ],
    [
      -803.3875760497344,
      0.13941440587370882
    ],
    [
      -800.7468820229275,
      0.13939272090108645
    ],
    [
      -799.2210546151967,
      0.1393801987134869
    ],
    [
      -797.9010851336781,
      0.13726443849755876
    ],
    [
      -797.5416850101194,
      0.13726128861963718
    ],
    [
      -797.4445329678991,
      0.13726043722894626
    ],
    [
      -795.5076523637174,
      0.13724347011057822
    ],
    [
      -794.8229924284201,
      0.13723747553111312
    ],
    [
      -793.308233600677,
      0.13722421864796064
    ],
    [
      -792.5015085690138,
      0.13526102723071487
    ],
    [
      -792.047987610631,
      0.13525691598403086
    ],
    [
      -790.1239675685571,
      0.1352394846026307
    ],
    [
      -789.4438540251526,
      0.135233326806099
    ],
    [
      -788.876104342457,
      0.13405076286416998
    ],
    [
      -788.7799882165265,
      0.13404988575709859
    ],
    [
      -788.1025102374009,
      0.13364232874609797
    ],
    [
      -787.7474418101903,
      0.13363908965858626
    ],
    [
      -787.6514607162201,
      0.13363821419536134
    ],
    [
      -785.7379262612511,
      0.1336207709133312
    ],
    [
      -784.9655556652832,
      0.1336137358249828
    ],
    [
      -783.6522775060761,
      0.13360178136059916
    ],
    [
      -783.5650214474201,
      0.13360098742123933
    ],
    [
      -780.9670897089575,
      0.1335773679015919
    ],
    [
      -780.679017199242,
      0.13357475110220066
    ],
    [
      -780.3099790315256,
      0.13357139948388538
    ],
    [
      -780.3050642163572,
      0.13357135485234373
    ]
  ],
  "hall_of_fame": [
    [
      0.0753801948599826,
      0.9778493325658625
    ],
    [
      0.0753801948599826,
      0.9333325694828937
    ],
    [
      0.0753801948599826,
      0.9212987420499529
    ],
    [
      0.0753801948599826,
      0.6813692774238721
    ],
    [
      0.0753801948599826,
      0.6633073188696071
    ],
    [
      0.0753801948599826,
      0.596550334870957
    ],
    [
      0.0753801948599826,
      0.5845165074380162
    ],
    [
      0.0753801948599826,
      0.5067598422508222
    ],
    [
      0.0753801948599826,
      0.41982420656968844
    ],
    [
      0.0753801948599826,
      0.40888130544998447
    ],
    [
      0.0753801948599826,
      0.08304197195775176
    ],
    [
      0.8863337216339835,
      0.9333325694828937
    ],
    [
      0.8863337216339835,
      0.9212987420499529
    ],
    [
      0.8863337216339835,
      0.596550334870957
    ],
    [
      0.8863337216339835,
      0.40888130544998447
    ],
    [
      0.8863337216339835,
      0.0869191917239196
    ],
    [
      0.8863337216339835,
      0.08304197195775176
    ],
    [
      0.8863337216339835,
      0.0
    ],
    [
      0.1647554561997734,
      0.9778493325658625
    ],
    [
      0.1647554561997734,
      0.9333325694828937
    ],
    [
      0.1647554561997734,
      0.9212987420499529
    ],
    [
      0.8278562255798384,
      0.9778493325658625
    ],
    [
      0.8278562255798384,
      0.9333325694828937
    ],
    [
      0.8278562255798384,
      0.9212987420499529
    ],
    [
      0.8278562255798384,
      0.6813692774238721
    ],
    [
      0.19420456028212407,
      0.9778493325658625
    ],
    [
      0.19420456028212407,
      0.9333325694828937
    ],
    [
      0.19420456028212407,
      0.9212987420499529
    ],
    [
      0.19420456028212407,
      0.596550334870957
    ],
    [
      0.19420456028212407,
      0.40888130544998447
    ],
    [
      0.24749915469614014,
      0.9778493325658625
    ],
    [
      0.24749915469614014,
      0.9333325694828937
    ],
    [
      0.24749915469614014,
      0.9212987420499529
    ],
    [
      0.24749915469614014,
      0.6813692774238721
    ],
    [
      0.24749915469614014,
      0.596550334870957
    ],
    [
      0.24749915469614014,
      0.40888130544998447
    ],
    [
      0.6784314082622933,
      0.9778493325658625
    ],
    [
      0.6784314082622933,
      0.9212987420499529
    ],
    [
      0.6784314082622933,
      0.6813692774238721
    ],
    [
      0.6784314082622933,
      0.596550334870957
    ],
    [
      0.40056538397205566,
      0.9333325694828937
    ],
    [
      0.40056538397205566,
      0.9212987420499529
    ],
    [
      0.4575622342489698,
      0.9778493325658625
    ],
    [
      0.4575622342489698,
      0.9333325694828937
    ],
    [
      0.4575622342489698,
      0.9212987420499529
    ],
    [
      0.4575622342489698,
      0.6813692774238721
    ],
    [
      0.4575622342489698,
      0.5845165074380162
    ],
    [
      0.4575622342489698,
      0.41982420656968844
    ],
    [
      0.4575622342489698,
      0.40888130544998447
    ],
    [
      0.4575622342489698,
      0.08304197195775176
    ],
    [
      0.4575622342489698,
      0.04690769652939186
    ],
    [
      0.4575622342489698,
      0.0006165092953371865
    ],
    [
      0.4575622342489698,
      0.0
    ]
  ],
  "logbook": [
    {
      "gen": 0,
      "nevals": 20,
      "avg": [
        -795.7036816638623,
        0.13776701201660851
      ],
      "min": [
        -827.5280465925696,
        0.13357139948388538
      ],
      "max": [
        -780.3099790315256,
        0.14725235726183783
      ]
    },
    {
      "gen": 1,
      "nevals": 20,
      "avg": [
        -802.7448085773437,
        0.13975852022430083
      ],
      "min": [
        -831.0121607655592,
        0.13357139948388538
      ],
      "max": [
        -780.3099790315256,
        0.1472536658111966
      ]
    },
    {
      "gen": 2,
      "nevals": 20,
      "avg": [
        -802.5177312747466,
        0.1395100395194941
      ],
      "min": [
        -831.0121607655592,
        0.13357135485234373
      ],
      "max": [
        -780.3050642163572,
        0.1472536658111966
      ]
    },
    {
      "gen": 3,
      "nevals": 20,
      "avg": [
        -804.7557263991724,
        0.14026385531422042
      ],