{
  "run_id": 8,
  "seed": 1008,
  "pop_size": 20,
  "n_generations": 10,
  "mode": "trait",
  "elapsed_s": 5.151664733886719,
  "hof_fitness": [
    [
      -829.8253994005094,
      0.14699171559268073
    ],
    [
      -829.2255648523421,
      0.14686630945939846
    ],
    [
      -825.5101829924845,
      0.14684915799838305
    ],
    [
      -825.4004062809879,
      0.14684865110874382
    ],
    [
      -824.48961558353,
      0.14579130805789764
    ],
    [
      -822.7536834904943,
      0.14578202928794717
    ],
    [
      -822.0806681192287,
      0.14577843181518077
    ],
    [
      -820.6858089523346,
      0.1457709756520147
    ],
    [
      -818.4779865594359,
      0.14575917324735746
    ],
    [
      -813.3775218592342,
      0.14271111038964499
    ],
    [
      -812.0272528129831,
      0.14270168515708062
    ],
    [
      -811.6644802004208,
      0.14269915323666799
    ],
    [
      -811.0003401005495,
      0.1426945183242962
    ],
    [
      -809.7316007945652,
      0.142685665320542
    ],
    [
      -809.6238766766179,
      0.1426849137220883
    ],
    [
      -808.7221530125333,
      0.14121406416336202
    ],
    [
      -807.6492879032011,
      0.1412059109490277
    ],
    [
      -806.3582948028132,
      0.14119610260046986
    ],
    [
      -804.9895470861371,
      0.14118570652367535
    ],
    [
      -803.9305154419716,
      0.14117766497007272
    ],
    [
      -802.9191448830558,
      0.14116998705823913
    ],
    [
      -802.8230595711342,
      0.1411692577061233
    ],
    [
      -794.5462759404043,
      0.136148354412852
    ],
    [
      -793.49184858495,
      0.13613891044220655
    ],
    [
      -793.3430412579078,
      0.13613757800609846
    ],
    [
      -793.2266498084878,
      0.13613653588639607
    ],
    [
      -792.8721103753197,
      0.13613336182216698
    ],
    [
      -792.2230435206211,
      0.1361275522533189
    ],
    [
      -792.1626735171114,
      0.13526201660026713
    ],
    [
      -791.2964623229234,
      0.1349406191544393
    ],
    [
      -790.2462673340427,
      0.13493107490459885
    ],
    [
      -789.5394997098127,
      0.13429175792056502
    ],
    [
      -788.2280353064108,
      0.13427979908735546
    ],
    [
      -788.1911635065914,
      0.13379804237468135
    ],
    [
      -787.6936529565115,
      0.1336171101964475
    ],
    [
      -787.6504946219014,
      0.1336014504051826
    ],
    [
      -786.342111296675,
      0.1335895221024955
    ],
    [
      -785.9905925817376,
      0.13358631896165676
    ],
    [
      -785.3470560205378,
      0.13358045661829415
    ],
    [
      -784.0132971204523,
      0.13356831384648926
    ],
    [
      -782.9813391278566,
      0.13355892538840594
    ],
    [
      -782.0630920302974,
      0.1335505763281452
    ],
    [
      -781.9958254123711,
      0.13354996489480342
    ],
    [
      -781.9021967137246,
      0.13354911387919496
    ]
  ],
  "hall_of_fame": [
    [
      0.9214328849291001,
      0.9342018460886633
    ],
    [
      0.9199072286813933,
      0.9342018460886633
    ],
    [
      0.9199072286813933,
      0.4911596860993266
    ],
    [
      0.9199072286813933,
      0.478067807897249
    ],
    [
      0.09335619281038154,
      0.9342018460886633
    ],
    [
      0.09335619281038154,
      0.7260504493804256
    ],
    [
      0.09335619281038154,
      0.6453448674088041
    ],
    [
      0.09335619281038154,
      0.478067807897249
    ],
    [
      0.09335619281038154,
      0.21326785808506576
    ],
    [
      0.8644516869264687,
      0.9342018460886633
    ],
    [
      0.8644516869264687,
      0.7701327593091404
    ],
    [
      0.8644516869264687,
      0.7260504493804256
    ],
    [
      0.8644516869264687,
      0.6453448674088041
    ],
    [
      0.8644516869264687,
      0.4911596860993266
    ],
    [
      0.8644516869264687,
      0.478067807897249
    ],
    [
      0.15981994978197445,
      0.9342018460886633
    ],
    [
      0.15981994978197445,
      0.8031060622619499
    ],
    [
      0.15981994978197445,
      0.6453448674088041
    ],
    [
      0.15981994978197445,
      0.478067807897249
    ],
    [
      0.15981994978197445,
      0.3486317164843735
    ],
    [
      0.15981994978197445,
      0.22501270126561512
    ],
    [
      0.15981994978197445,
      0.21326785808506576
    ],
    [
      0.28406306413803406,
      0.9342018460886633
    ],
    [
      0.28406306413803406,
      0.8031060622619499
    ],
    [
      0.28406306413803406,
      0.7846042790422948
    ],
    [
      0.28406306413803406,
      0.7701327593091404
    ],
    [
      0.28406306413803406,
      0.7260504493804256
    ],
    [
      0.28406306413803406,
      0.6453448674088041
    ],
    [
      0.6786321662465645,
      0.9342018460886633
    ],
    [
      0.6621686729051097,
      0.9342018460886633
    ],
    [
      0.6621686729051097,
      0.8031060622619499
    ],
    [
      0.3797183148082618,
      0.9342018460886633
    ],
    [
      0.3797183148082618,
      0.7701327593091404
    ],
    [
      0.5704440244906251,
      0.9342018460886633
    ],
    [
      0.46314590940643496,
      0.9342018460886633
    ],
    [
      0.5322964736938891,
      0.9342018460886633
    ],
    [
      0.5322964736938891,
      0.7701327593091404
    ],
    [
      0.5322964736938891,
      0.7260504493804256
    ],
    [
      0.5322964736938891,
      0.6453448674088041
    ],
    [
      0.5322964736938891,
      0.478067807897249
    ],
    [
      0.5322964736938891,
      0.3486317164843735
    ],
    [
      0.5322964736938891,
      0.23345062310570175
    ],
    [
      0.5322964736938891,
      0.22501270126561512
    ],
    [
      0.5322964736938891,
      0.21326785808506576
    ]
  ],
  "logbook": [
    {
      "gen": 0,
      "nevals": 20,
      "avg": [
        -794.7672415247436,
        0.13736345801155164
      ],
      "min": [
        -825.4004062809879,
        0.13358045661829415
      ],
      "max": [
        -781.3383342594279,
        0.14696948545044056
      ]
    },
    {
      "gen": 1,
      "nevals": 20,
      "avg": [
        -801.5530143448726,
        0.1393316561130709
      ],
      "min": [
        -828.0784901929288,
        0.13358045661829415
      ],
      "max": [
        -781.3383342594279,
        0.14698381450616585
      ]
    },
    {
      "gen": 2,
      "nevals": 20,
      "avg": [
        -800.6732914774836,
        0.13897176809391393
      ],
      "min": [
        -828.7251574403188,
        0.1335505763281452
      ],
      "max": [
        -782.0630920302974,
        0.1469867395429185
      ]
    },
    {
      "gen": 3,
      "nevals": 20,
      "avg": [
        -801.4183765593184,
        0.13926690196570893
      ],
      "min": [
        -828.7251574403188,
        0.1335505763281452
      ],
      "max": [
        -782.0630920302974,
        0.1469867395429185
      ]
    },
    {
      "gen": 4,
      "nevals": 20,
      "avg": [
        -802.9101997417398,
        0.1395875371520982
      ],
      "min": [
        -828.7251574403188,
        0.13354911387919496
      ],
      "max": [
        -781.9021967137246,
        0.1469867395429185
      ]
    },
    {
      "gen": 5,
      "nevals": 20,
      "avg": [
        -804.3843566051039,
        0.14017571242423402
      ],
      "min": [
        -829.8253994005094,
        0.13354911387919496
      ],
      "max": [
        -781.9021967137246,
        0.14699171559268073
      ]
    },
    {
      "gen": 6,
      "nevals": 20,
      "avg": [
        -805.297674766399,
        0.14039804313239365
      ],
      "min": [
        -829.8253994005094,
        0.13354911387919496
      ],
      "max": [
        -781.9021967137246,
        0.14699171559268073
      ]
    },
    {
      "gen": 7,
      "nevals": 20,
      "avg": [
        -803.8299092962692,
        0.1399481627820147
      ],