{
  "run_id": 0,
  "seed": 1000,
  "pop_size": 20,
  "n_generations": 10,
  "mode": "trait",
  "elapsed_s": 7.737077474594116,
  "hof_fitness": [
    [
      -917.8968388544954,
      0.13980688529159677
    ],
    [
      -797.541210660764,
      0.13714176953977256
    ],
    [
      -797.3219915885289,
      0.13713984282151692
    ],
    [
      -796.7138812448418,
      0.13713449900668268
    ],
    [
      -796.6165828515084,
      0.13713364410879625
    ],
    [
      -796.3366111531798,
      0.13713118436211078
    ],
    [
      -795.9606040231716,
      0.13712788130470574
    ],
    [
      -794.0719116755506,
      0.13711129738672148
    ],
    [
      -793.8403100834732,
      0.13710926462890793
    ],
    [
      -792.5568458865062,
      0.1352916980611882
    ],
    [
      -792.3389709763206,
      0.13528972352632068
    ],
    [
      -791.7345894121368,
      0.13528424730116537
    ],
    [
      -791.7302918670808,
      0.13498507111051664
    ],
    [
      -790.9088770190016,
      0.13497760684124477
    ],
    [
      -790.8122742303477,
      0.13497672920783246
    ],
    [
      -790.1609852270653,
      0.13497081339096637
    ],
    [
      -788.9162898426509,
      0.1339485853246982
    ],
    [
      -788.7978482036502,
      0.133905327648758
    ],
    [
      -788.5809877101608,
      0.13390334837125356
    ],
    [
      -787.9794201914723,
      0.13389785918467334
    ],
    [
      -787.889936547779,
      0.13357506250980086
    ],
    [
      -787.8341748620232,
      0.13355486064276995
    ],
    [
      -787.6175745317182,
      0.1335528852632321
    ],
    [
      -787.0167287191213,
      0.13354740694238826
    ],
    [
      -786.2724505718326,
      0.1335406236026936
    ],
    [
      -784.4063234014653,
      0.1335236291336053
    ],
    [
      -784.1774890488676,
      0.13352154649924702
    ],
    [
      -781.3663637163246,
      0.1335156762581002
    ],
    [
      -780.6722829678181,
      0.13350937153543452
    ],
    [
      -780.6715828937085,
      0.13350936517760195
    ],
    [
      -780.6170230267901,
      0.13348917954900583
    ],
    [
      -780.6163230013577,
      0.13348917319215892
    ]
  ],
  "hall_of_fame": [
    [
      0.005071427534048989,
      0.974363891074215
    ],
    [
      0.7488745204840754,
      0.974363891074215
    ],
    [
      0.7488745204840754,
      0.9471995219767291
    ],
    [
      0.7488745204840754,
      0.8718439370841955
    ],
    [
      0.7488745204840754,
      0.8597866735427614
    ],
    [
      0.7488745204840754,
      0.8250920180563502
    ],
    [
      0.7488745204840754,
      0.7784954586353174
    ],
    [
      0.7488745204840754,
      0.5444225491533554
    ],
    [
      0.7488745204840754,
      0.5157172840235198
    ],
    [
      0.3200841593158338,
      0.974363891074215
    ],
    [
      0.3200841593158338,
      0.9471995219767291
    ],
    [
      0.3200841593158338,
      0.8718439370841955
    ],
    [
      0.33558442041568526,
      0.974363891074215
    ],
    [
      0.33558442041568526,
      0.8718439370841955
    ],
    [
      0.33558442041568526,
      0.8597866735427614
    ],
    [
      0.33558442041568526,
      0.7784954586353174
    ],
    [
      0.5886201827742321,
      0.974363891074215
    ],
    [
      0.5837304855736061,
      0.974363891074215
    ],
    [
      0.5837304855736061,
      0.9471995219767291
    ],
    [
      0.5837304855736061,
      0.8718439370841955
    ],
    [
      0.47874438286109633,
      0.974363891074215
    ],
    [
      0.5065722498592403,
      0.974363891074215
    ],
    [
      0.5065722498592403,
      0.9471995219767291
    ],
    [
      0.5065722498592403,
      0.8718439370841955
    ],
    [
      0.5065722498592403,
      0.7784954586353174
    ],
    [
      0.5065722498592403,
      0.5444225491533554
    ],
    [
      0.5065722498592403,
      0.5157172840235198
    ],
    [
      0.47874438286109633,
      0.15611113958599732
    ],
    [
      0.47874438286109633,
      0.06903150386464907
    ],
    [
      0.47874438286109633,
      0.06894367026654058
    ],
    [
      0.5065722498592403,
      0.06903150386464907
    ],
    [
      0.5065722498592403,
      0.06894367026654058
    ]
  ],
  "logbook": [
    {
      "gen": 0,
      "nevals": 20,
      "avg": [
        -802.7199231199105,
        0.13927338571966116
      ],
      "min": [
        -858.5780688110001,
        0.1335156762581002
      ],
      "max": [
        -780.8135226404819,
        0.15005408964364245
      ]
    },
    {
      "gen": 1,
      "nevals": 20,
      "avg": [
        -808.4043186620329,
        0.14042022160307513
      ],
      "min": [
        -858.5780688110001,
        0.13350937153543452
      ],
      "max": [
        -780.6722829678181,
        0.15005408964364245
      ]
    },
    {
      "gen": 2,
      "nevals": 20,
      "avg": [
        -803.6830330368039,
        0.13730610143137684
      ],
      "min": [
        -911.6817914336807,
        0.13350936517760195
      ],
      "max": [
        -780.6715828937085,
        0.1500536869800491
      ]
    },
    {
      "gen": 3,
      "nevals": 20,
      "avg": [
        -795.3985979558063,
        0.13511780330496018
      ],
      "min": [
        -913.9240257016867,
        0.13350936517760195
      ],
      "max": [
        -780.6715828937085,
        0.1398273994996594
      ]
    },
    {
      "gen": 4,
      "nevals": 20,
      "avg": [
        -801.2095275008639,
        0.13525297697848146
      ],
      "min": [
        -913.9240257016867,
        0.13350936517760195
      ],
      "max": [
        -780.6715828937085,
        0.1398273994996594
      ]
    },
    {
      "gen": 5,
      "nevals": 20,
      "avg": [
        -795.8359022785625,
        0.13511795590132472
      ],
      "min": [
        -917.8968388544954,
        0.13348917319215892
      ],
      "max": [
        -780.6163230013577,
        0.13980688529159677
      ]
    },
    {
      "gen": 6,
      "nevals": 20,
      "avg": [
        -795.9144867782412,
        0.13510369968083863
      ],
      "min": [
        -917.8968388544954,
        0.13348917319215892
      ],
      "max": [
        -780.6163230013577,
        0.13980688529159677
      ]
    },
    {
      "gen": 7,
      "nevals": 20,
      "avg": [
        -802.560641957921,
        0.13543679776835713
      ],
      "min": [
        -917.8968388544954,
        0.13348917319215892
      ],
      "max": [
        -780.6163230013577,
        0.13980688529159677
      ]
    },
    {
      "gen": 8,
      "nevals": 20,
      "avg": [
        -802.5655644992839,
        0.1354347338647423
      ],
      "min": [
        -917.8968388544954,
        0.13348917319215892
      ],
      "max": [
        -780.6163230013577,
        0.13980688529159677
      ]
    },
    {
      "gen": 9,
      "nevals": 20,
      "avg": [
        -802.5173808322027,
        0.13541721051444294
      ],
      "min": [
        -917.8968388544954,
        0.13348917319215892
      ],
      "max": [
        -780.6163230013577,
        0.13980688529159677
      ]
    },
    {
      "gen": 10,
      "nevals": 20,
      "avg": [
        -802.5330000491198,
        0.13543443807389902
      ],
      "min": [
        -917.8968388544954,
        0.13348917319215892
      ],
      "max": [
        -780.6163230013577,
        0.13980688529159677
      ]
    }
  ]
}