{
  "run_id": 2,
  "seed": 1002,
  "pop_size": 20,
  "n_generations": 10,
  "mode": "trait",
  "elapsed_s": 5.03654670715332,
  "hof_fitness": [
    [
      -925.2621294389497,
      0.13746901893736344
    ],
    [
      -794.5606113895889,
      0.13596172482591756
    ],
    [
      -794.5027834807944,
      0.13596120510543513
    ],
    [
      -794.4664550757655,
      0.13594770044277624
    ],
    [
      -794.3423385060304,
      0.13588058880295378
    ],
    [
      -794.2845261834832,
      0.13588006860257762
    ],
    [
      -794.1287998333498,
      0.13580121086099092
    ],
    [
      -794.0710027595085,
      0.1358006902129121
    ],
    [
      -793.9288916745664,
      0.13572690208913504
    ],
    [
      -793.8711088765456,
      0.13572638104166268
    ],
    [
      -790.5791362832118,
      0.13448559216877481
    ],
    [
      -790.5215927654466,
      0.13448506746557565
    ],
    [
      -790.4547471652443,
      0.1344397679784242
    ],
    [
      -790.2436051025873,
      0.13436205141967358
    ],
    [
      -789.9125497404606,
      0.1343590315381377
    ],
    [
      -789.7759082071234,
      0.13435778525567943
    ],
    [
      -788.8430514721408,
      0.1338694451047781
    ],
    [
      -788.5699721167259,
      0.1338669526182192
    ],
    [
      -788.4335586072316,
      0.13386570767439554
    ],
    [
      -788.0542435879212,
      0.13356239309467102
    ],
    [
      -788.0446728066484,
      0.1335589270675279
    ],
    [
      -788.0378943416418,
      0.13355647244900903
    ],
    [
      -788.0339065142729,
      0.13355502844649247
    ],
    [
      -788.0327024342097,
      0.1335545924562023
    ],
    [
      -787.976544896192,
      0.1335545052264636
    ],
    [
      -787.9753409021994,
      0.13355406923783988
    ],
    [
      -787.7037601000652,
      0.13355201728645455
    ],
    [
      -787.5676378155352,
      0.13355082681860936
    ],
    [
      -787.5674937359195,
      0.1335507746191975
    ],
    [
      -787.5662903557122,
      0.13355033864245344
    ],
    [
      -784.548710933182,
      0.1335232713163428
    ],
    [
      -784.5475120831536,
      0.13352283542868712
    ],
    [
      -784.1298781968596,
      0.13351945940273874
    ],
    [
      -783.0081406134476,
      0.13350925490359977
    ],
    [
      -782.5754227314816,
      0.13350672775328756
    ],
    [
      -782.5714620541713,
      0.13350528428773586
    ],
    [
      -782.5702661717694,
      0.13350484845977906
    ],
    [
      -780.1886977903982,
      0.13348363681962727
    ],
    [
      -780.0622194404382,
      0.13348248863229614
    ],
    [
      -780.0610273246248,
      0.1334820528816199
    ]
  ],
  "hall_of_fame": [
    [
      0.003976912424406787,
      1.0
    ],
    [
      0.2913421840770959,
      1.0
    ],
    [
      0.2913421840770959,
      0.9928062363216612
    ],
    [
      0.7081303437270102,
      0.9928062363216612
    ],
    [
      0.2945401852882193,
      1.0
    ],
    [
      0.2945401852882193,
      0.9928062363216612
    ],
    [
      0.2977381864993427,
      1.0
    ],
    [
      0.2977381864993427,
      0.9928062363216612
    ],
    [
      0.30079729705198066,
      1.0
    ],
    [
      0.30079729705198066,
      0.9928062363216612
    ],
    [
      0.36588066748112785,
      1.0
    ],
    [
      0.36588066748112785,
      0.9928062363216612
    ],
    [
      0.36907866869225125,
      1.0
    ],
    [
      0.37472229469470686,
      1.0
    ],
    [
      0.37472229469470686,
      0.958595711147743
    ],
    [
      0.37472229469470686,
      0.9415060204061776
    ],
    [
      0.5792628379534555,
      0.9928062363216612
    ],
    [
      0.5792628379534555,
      0.958595711147743
    ],
    [
      0.5792628379534555,
      0.9415060204061776
    ],
    [
      0.4874332783701801,
      1.0
    ],
    [
      0.4906312795813035,
      1.0
    ],
    [
      0.4938292807924269,
      1.0
    ],
    [
      0.4970272820035503,
      1.0
    ],
    [
      0.5000863925561883,
      1.0
    ],
    [
      0.4970272820035503,
      0.9928062363216612
    ],
    [
      0.5000863925561883,
      0.9928062363216612
    ],
    [
      0.4970272820035503,
      0.958595711147743
    ],
    [
      0.5031455031088262,
      0.9415060204061776
    ],
    [
      0.4970272820035503,
      0.9415060204061776
    ],
    [
      0.5000863925561883,
      0.9415060204061776
    ],
    [
      0.4970272820035503,
      0.5628688113018914
    ],
    [
      0.5000863925561883,
      0.5628688113018914
    ],
    [
      0.4970272820035503,
      0.5103297891283674
    ],
    [
      0.4970272820035503,
      0.3696100600665041
    ],
    [
      0.4938292807924269,
      0.3148267604405873
    ],
    [
      0.4970272820035503,
      0.3148267604405873
    ],
    [
      0.5000863925561883,
      0.3148267604405873
    ],
    [
      0.4970272820035503,
      0.01587009986403598
    ],
    [
      0.4970272820035503,
      0.0
    ],
    [
      0.5000863925561883,
      0.0
    ]
  ],
  "logbook": [
    {
      "gen": 0,
      "nevals": 20,
      "avg": [
        -811.342206040252,
        0.13993345577529287
      ],
      "min": [
        -920.8646604921429,
        0.13350925490359977
      ],
      "max": [
        -783.0081406134476,
        0.14971893645740428
      ]
    },
    {
      "gen": 1,
      "nevals": 20,
      "avg": [
        -805.7981283692144,
        0.13819416815050956
      ],
      "min": [
        -920.8646604921429,
        0.13350925490359977
      ],
      "max": [
        -783.0081406134476,
        0.14971534819880422
      ]
    },
    {
      "gen": 2,
      "nevals": 20,
      "avg": [
        -801.5952001582182,
        0.13516758527861797
      ],
      "min": [
        -920.8646604921429,
        0.13348363681962727
      ],
      "max": [
        -780.1886977903982,
        0.1374957034820106
      ]
    },
    {
      "gen": 3,
      "nevals": 20,
      "avg": [
        -802.3504725195633,
        0.13492347481102923
      ],
      "min": [
        -920.8646604921429,
        0.13348363681962727
      ],
      "max": [
        -780.1886977903982,
        0.1374928266162858
      ]
    },
    {
      "gen": 4,
      "nevals": 20,
      "avg": [
        -795.4489665588204,
        0.13455911339722243
      ],
      "min": [
        -924.8768221988606,
        0.13348363681962727
      ],
      "max": [
        -780.1886977903982,
        0.13747103427427276
      ]
    },
    {
      "gen": 5,
      "nevals": 20,
      "avg": [
        -795.332117642749,
        0.13455472832664941
      ],
      "min": [
        -924.8768221988606,
        0.13348363681962727
      ],
      "max": [
        -780.1886977903982,
        0.13747103427427276
      ]
    },
    {
      "gen": 6,
      "nevals": 20,
      "avg": [
        -795.753104619577,
        0.13462886958985146
      ],
      "min": [
        -925.2621294389497,
        0.13348248863229614
      ],
      "max": [
        -780.0622194404382,
        0.13746901893736344
      ]
    },
    {
      "gen": 7,
      "nevals": 20,
      "avg": [
        -795.3889606580832,
        0.13456146308220407
      ],
      "min": [
        -925.2621294389497,
        0.13348248863229614
      ],
      "max": [
        -780.0622194404382,
        0.13746901893736344
      ]
    },
    {
      "gen": 8,
      "nevals": 20,
      "avg": [
        -802.8812394656642,
        0.1348408806754754
      ],
      "min": [
        -925.2621294389497,
        0.1334820528816199
      ],
      "max": [
        -780.0610273246248,
        0.13746901893736344
      ]
    },
    {
      "gen": 9,
      "nevals": 20,
      "avg": [
        -803.2067625742447,
        0.13494610699266027
      ],
      "min": [
        -925.2621294389497,
        0.1334820528816199
      ],