{
  "run_id": 12,
  "seed": 1012,
  "pop_size": 20,
  "n_generations": 10,
  "mode": "trait",
  "elapsed_s": 4.989172697067261,
  "hof_fitness": [
    [
      -852.2520968477572,
      0.14987234588102008
    ],
    [
      -852.1134024833834,
      0.14987218785026657
    ],
    [
      -851.7689186618888,
      0.14987179515271049
    ],
    [
      -850.9309793195978,
      0.14987083882513552
    ],
    [
      -848.1260976427205,
      0.1498676262254404
    ],
    [
      -846.1535634509512,
      0.14986535645310647
    ],
    [
      -835.8863275948661,
      0.14809964110143395
    ],
    [
      -834.589931523394,
      0.14809496977866107
    ],
    [
      -832.7494029992155,
      0.14808833450491085
    ],
    [
      -832.4843882793135,
      0.1480873787874173
    ],
    [
      -831.8375448298333,
      0.1480850457559572
    ],
    [
      -831.7382201751259,
      0.14808468747060685
    ],
    [
      -831.4618469765959,
      0.1480836904747447
    ],
    [
      -829.9019346953953,
      0.1480780615980197
    ],
    [
      -829.471563549618,
      0.1468923460700656
    ],
    [
      -829.33648419634,
      0.14689172517849777
    ],
    [
      -828.1848819607061,
      0.14688643139802834
    ],
    [
      -827.7914603998277,
      0.14688462270247638
    ],
    [
      -826.3581469337316,
      0.14687803247871523
    ],
    [
      -826.0951184700427,
      0.1468768229684539
    ],
    [
      -825.0802413624435,
      0.1468721557712646
    ],
    [
      -823.5320221038246,
      0.14686503467529652
    ],
    [
      -810.7264791326799,
      0.14183315388089654
    ],
    [
      -810.594386132785,
      0.14183218209505274
    ],
    [
      -810.2662988111789,
      0.14182976851806678
    ],
    [
      -809.4682447867827,
      0.14182389825793637
    ],
    [
      -807.6819012816459,
      0.14181076166179563
    ],
    [
      -806.7968906590121,
      0.14180425504207017
    ],
    [
      -806.4322548404629,
      0.1418015745512725
    ],
    [
      -805.4032061704322,
      0.14004384091047203
    ],
    [
      -804.9459856320054,
      0.14004017568750624
    ],
    [
      -804.2236971750802,
      0.139631452860458
    ],
    [
      -802.9753497604765,
      0.1396212814624667
    ],
    [
      -801.203044332932,
      0.1396068471202398
    ],
    [
      -801.1849534219613,
      0.13854729575330274
    ],
    [
      -801.0543836924421,
      0.1385461908448804
    ],
    [
      -798.1754883105206,
      0.13852184115883234
    ],
    [
      -797.9212428709808,
      0.13851969186734855
    ],
    [
      -797.671544477879,
      0.13726328594814136
    ],
    [
      -797.2186268349461,
      0.13725931696914573
    ],
    [
      -796.6772380293907,
      0.13725457362205618
    ],
    [
      -794.6750208240898,
      0.13723703998395642
    ],
    [
      -794.4218688156034,
      0.1372348240761573
    ],
    [
      -793.4451008922665,
      0.13722627620918165
    ],
    [
      -792.9438157516416,
      0.1355088873450612
    ],
    [
      -792.4935316686418,
      0.1355048171212988
    ],
    [
      -791.9552909485093,
      0.13549995298560352
    ],
    [
      -791.7126405731874,
      0.13549776053878373
    ],
    [
      -789.9647172106746,
      0.13548197483748184
    ],
    [
      -789.7130374555591,
      0.13547970297443007
    ],
    [
      -789.395777739753,
      0.13419621998052914
    ],
    [
      -789.2670930771905,
      0.13419504582026753
    ],
    [
      -788.77582027159,
      0.13396907081473836
    ],
    [
      -788.157563315669,
      0.13374353622645205
    ],
    [
      -787.8338096207526,
      0.13362587513515134
    ],
    [
      -786.438613102373,
      0.1336131538098955
    ],
    [
      -784.6234726465406,
      0.13359661933212655
    ],
    [
      -783.9193353294131,
      0.13359021003526628
    ],
    [
      -783.6382450050162,
      0.13358765220977928
    ],
    [
      -782.1864940629974,
      0.1335744486229766
    ]
  ],
  "hall_of_fame": [
    [
      0.039129157060772246,
      0.9491220744096723
    ],
    [
      0.039129157060772246,
      0.9330186408543529
    ],
    [
      0.039129157060772246,
      0.8930209918047177
    ],
    [
      0.039129157060772246,
      0.7957254800626432
    ],
    [
      0.039129157060772246,
      0.47000904587147163
    ],
    [
      0.039129157060772246,
      0.24091781626678177
    ],
    [
      0.9349330985634463,
      0.9491220744096723
    ],
    [
      0.9349330985634463,
      0.7957254800626432
    ],
    [
      0.9349330985634463,
      0.5779239001843863
    ],
    [
      0.9349330985634463,
      0.5465610442541805
    ],
    [
      0.9349330985634463,
      0.47000904587147163
    ],
    [
      0.9349330985634463,
      0.4582540084111467
    ],
    [
      0.9349330985634463,
      0.4255449747798262
    ],
    [
      0.9349330985634463,
      0.24091781626678177
    ],
    [
      0.9202171886613936,
      0.9491220744096723
    ],
    [
      0.9202171886613936,
      0.9330186408543529
    ],
    [
      0.9202171886613936,
      0.7957254800626432
    ],
    [
      0.9202171886613936,
      0.7488198650763622
    ],
    [
      0.9202171886613936,
      0.5779239001843863
    ],
    [
      0.9202171886613936,
      0.5465610442541805
    ],
    [
      0.9202171886613936,
      0.4255449747798262
    ],
    [
      0.9202171886613936,
      0.24091781626678177
    ],
    [
      0.850596759525343,
      0.9491220744096723
    ],
    [
      0.850596759525343,
      0.9330186408543529
    ],
    [
      0.850596759525343,
      0.8930209918047177
    ],
    [
      0.850596759525343,
      0.7957254800626432
    ],
    [
      0.850596759525343,
      0.5779239001843863
    ],
    [
      0.850596759525343,
      0.47000904587147163
    ],
    [
      0.850596759525343,
      0.4255449747798262
    ],
    [
      0.8185843838314756,
      0.9491220744096723
    ],
    [
      0.8185843838314756,
      0.8930209918047177
    ],
    [
      0.18971045262009334,
      0.9491220744096723
    ],
    [
      0.18971045262009334,
      0.7957254800626432
    ],
    [
      0.18971045262009334,
      0.5779239001843863
    ],
    [
      0.21368159959326993,
      0.9491220744096723
    ],
    [
      0.21368159959326993,
      0.9330186408543529
    ],
    [
      0.21368159959326993,
      0.5779239001843863
    ],
    [
      0.21368159959326993,
      0.5465610442541805
    ],
    [
      0.24747338182046164,
      0.9491220744096723
    ],
    [
      0.24747338182046164,
      0.8930209918047177
    ],
    [
      0.24747338182046164,
      0.8259591616298335
    ],
    [
      0.24747338182046164,
      0.5779239001843863
    ],
    [
      0.24747338182046164,
      0.5465610442541805
    ],
    [
      0.24747338182046164,
      0.4255449747798262
    ],
    [
      0.3100053939363503,
      0.9491220744096723
    ],
    [
      0.3100053939363503,
      0.8930209918047177
    ],
    [
      0.3100053939363503,
      0.8259591616298335
    ],
    [
      0.3100053939363503,
      0.7957254800626432
    ],
    [
      0.3100053939363503,
      0.5779239001843863
    ],
    [
      0.3100053939363503,
      0.5465610442541805
    ],
    [
      0.3875562951104732,
      0.9491220744096723
    ],
    [
      0.3875562951104732,
      0.9330186408543529
    ],
    [
      0.408966818926242,
      0.9491220744096723
    ],
    [
      0.562146407898091,
      0.9491220744096723
    ],
    [
      0.46110799642576417,
      0.9491220744096723
    ],
    [
      0.46110799642576417,
      0.7741816730215779
    ],
    [
      0.46110799642576417,
      0.5465610442541805
    ],
    [
      0.46110799642576417,
      0.4582540084111467
    ],
    [
      0.46110799642576417,
      0.4230008420593674
    ],
    [
      0.46110799642576417,
      0.24091781626678177
    ]
  ],
  "logbook": [
    {
      "gen": 0,
      "nevals": 20,