{
  "run_id": 26,
  "seed": 1026,
  "pop_size": 20,
  "n_generations": 10,
  "mode": "trait",
  "elapsed_s": 5.075705051422119,
  "hof_fitness": [
    [
      -839.8496893853132,
      0.1486714378530584
    ],
    [
      -838.4179994882354,
      0.14866710278018688
    ],
    [
      -838.2702311402336,
      0.14866665518086397
    ],
    [
      -838.1409750598757,
      0.14866626363097588
    ],
    [
      -837.9292476290218,
      0.148665622203062
    ],
    [
      -837.8126820316818,
      0.14866526904070665
    ],
    [
      -837.5548924173147,
      0.148664487939359
    ],
    [
      -837.3004371148669,
      0.1486637168488268
    ],
    [
      -833.6404468514113,
      0.14865261567323362
    ],
    [
      -832.152372874641,
      0.14864809679451443
    ],
    [
      -825.8810268805086,
      0.1460427269810046
    ],
    [
      -824.4725904583349,
      0.14603542404256334
    ],
    [
      -823.8771052820533,
      0.14603233621822828
    ],
    [
      -823.3731811891397,
      0.1460297231044803
    ],
    [
      -819.2827182216776,
      0.14434767828672393
    ],
    [
      -817.8852856590818,
      0.14433903949503735
    ],
    [
      -817.6148902448101,
      0.14433736803052208
    ],
    [
      -817.4082294010251,
      0.14433609056536162
    ],
    [
      -817.2944532230936,
      0.14433538727038397
    ],
    [
      -817.2066025029067,
      0.14433484423446696
    ],
    [
      -816.7944666201406,
      0.14433229672193246
    ],
    [
      -816.6206659545151,
      0.14358774595660231
    ],
    [
      -815.2276760025301,
      0.1435785932553365
    ],
    [
      -814.9581402573159,
      0.14357682241830894
    ],
    [
      -814.8537575597024,
      0.14306067246757886
    ],
    [
      -813.4637173075005,
      0.14305118924168073
    ],
    [
      -812.8760105390886,
      0.14304718028243382
    ],
    [
      -812.6257211028538,
      0.143045473064536
    ],
    [
      -812.3786691012682,
      0.14304378798557213
    ],
    [
      -808.8251796267713,
      0.14301955675911687
    ],
    [
      -808.7791400970564,
      0.14112192054815986
    ],
    [
      -807.3992466290567,
      0.14111138418143934
    ],
    [
      -807.1322451188787,
      0.14110934582678417
    ],
    [
      -806.9281782470865,
      0.14110778801191057
    ],
    [
      -806.815830183624,
      0.14110693039430225
    ],
    [
      -806.5673679376633,
      0.14110503381451336
    ],
    [
      -806.3221195215422,
      0.1411031618693219
    ],
    [
      -803.7264507736106,
      0.14108335576063843
    ],
    [
      -803.7233036982237,
      0.13937975614644366
    ],
    [
      -802.3518619844746,
      0.13936847464132918
    ],
    [
      -802.2103123327643,
      0.13936731051136877
    ],
    [
      -802.0864959271313,
      0.13936629226275546
    ],
    [
      -801.9784986729755,
      0.13920671660973555
    ],
    [
      -801.6298707914847,
      0.13920383261038688
    ],
    [
      -801.3155694818279,
      0.13920123283570843
    ],
    [
      -797.321179959032,
      0.13916821437324206
    ],
    [
      -795.8965485406499,
      0.13915644773269162
    ],
    [
      -793.7379645501784,
      0.1357261838526051
    ],
    [
      -792.4656729333323,
      0.13571471559723491
    ],
    [
      -792.3832334137828,
      0.135713972733682
    ],
    [
      -792.1211009205746,
      0.13571161084414576
    ],
    [
      -791.5665250582334,
      0.13570661490639302
    ],
    [
      -791.3257491997081,
      0.1357044462613335
    ],
    [
      -790.5017658931336,
      0.13452642571988357
    ],
    [
      -789.1524560636844,
      0.13451413008751648
    ],
    [
      -788.8913726127961,
      0.1345117519826223
    ],
    [
      -788.0992039552052,
      0.13450453847255261
    ],
    [
      -787.8484583838073,
      0.13355574944821616
    ],
    [
      -786.5854345319138,
      0.13354423427457063
    ],
    [
      -786.5035955516739,
      0.13354348843905384
    ],
    [
      -786.2433726097732,
      0.1335411171546704
    ],
    [
      -785.934990881323,
      0.13353830750463372
    ],
    [
      -785.4538149551624,
      0.13353392457939067
    ],
    [
      -785.3193714123397,
      0.13353270019023816
    ],
    [
      -782.9240533891735,
      0.13351090246329703
    ],
    [
      -782.0158418773727,
      0.1335026458517684
    ],
    [
      -780.6180499880373,
      0.13348994728149696
    ]
  ],