{
  "config": {
    "pop_size": 20,
    "n_generations": 10,
    "mode": "trait",
    "n_runs": 30,
    "n_eval_episodes": 5,
    "eval_seed": 42,
    "steps": 150,
    "base_seed": 1000
  },
  "config_key": "pop20_ngen10_trait",
  "reference_point": [
    -702.0549245921623,
    0.16505078938196657
  ],
  "hv_per_run": [
    6.027405056803238,
    4.193253655105242,
    6.5140083915586455,
    11.766985605360807,
    4.375784612370248,
    4.543308539129242,
    11.828108157129133,
    5.13638422035733,
    3.655887011895788,
    4.829085436706209,
    3.962555172707119,
    11.831465330795417,
    4.006261680708123,
    11.174349226042608,
    4.01014074158526,
    7.448401109460571,
    3.6956264076157503,
    11.811865583251826,
    4.6514254870792815,
    11.682968719518946,
    11.476872404657383,
    11.699723389401772,
    8.654088718096174,
    5.4131480646180385,
    11.827607069178526,
    4.548104973325719,
    3.8435723373954356,
    11.767917484392182,
    11.77771886470933,
    11.79660188439929
  ],
  "stats": {
    "mean": 7.66502084451182,
    "std": 3.5182558158297277,
    "median": 6.2707067241809415,
    "min": 3.655887011895788,
    "max": 11.831465330795417,
    "n": 30,
    "ci_lower": 6.424169462531274,
    "ci_upper": 8.914043103261792,
    "ci_width": 2.4898736407305178
  }
}