{
  "config": {
    "experiment": "exp_a_enterprise_n20",
    "pop_size": 50,
    "n_generations": 20,
    "n_runs": 20,
    "n_eval_episodes": 5,
    "eval_seed": 42,
    "steps": 50,
    "base_seed": 3000,
    "purpose": "Addresses reviewer CRITICAL #1: enterprise n=2 insufficient"
  },
  "reference_point": [
    -31.811802968782754,
    309.6022040125988
  ],
  "hv_per_run": [
    4141.737908141507,
    4141.737908141507,
    4141.737908141507,
    4141.737908141507,
    4141.737908141507,
    4141.737908141507,
    4141.737908141507,
    4141.737908141507,
    4141.737908141507,
    4141.737908141507,
    4141.737908141507,
    4141.737908141507,
    4141.737908141507,
    4141.737908141507,
    4141.737908141507,
    4141.737908141507,
    4141.737908141507,
    4141.737908141507,
    4141.737908141507,
    4141.737908141507
  ],
  "hv_stats": {
    "mean": 4141.737908141508,
    "std": 9.331218753551675e-13,
    "median": 4141.737908141507,
    "min": 4141.737908141507,
    "max": 4141.737908141507,
    "n": 20,
    "ci_lower": 4141.737908141508,
    "ci_upper": 4141.737908141508,
    "ci_width": 0.0
  },
  "welfare_per_run": [
    61.118929312015666,
    61.118929312015666,
    61.118929312015666,
    61.118929312015666,
    61.118929312015666,
    61.118929312015666,
    61.118929312015666,
    61.118929312015666,
    61.118929312015666,
    61.118929312015666,
    61.118929312015666,
    61.118929312015666,
    61.118929312015666,
    61.118929312015666,
    61.118929312015666,
    61.118929312015666,
    61.118929312015666,
    61.118929312015666,
    61.118929312015666,
    61.118929312015666
  ],
  "welfare_stats": {
    "mean": 61.118929312015645,
    "std": 2.187004395363674e-14,
    "median": 61.118929312015666,
    "min": 61.118929312015666,
    "max": 61.118929312015666,
    "n": 20,
    "ci_lower": 61.118929312015645,
    "ci_upper": 61.118929312015645,
    "ci_width": 0.0
  },
  "wilcoxon": {
    "wilcoxon_stat": 0.0,
    "p_value": 4.656612873077393e-10,
    "cohens_d": 0.0,
    "n_scenarios": 32,
    "n_episodes": 10,
    "champion_genome": [
      0.0,
      0.05284289419045529,
      0.35423744972203575,
      0.3305013119828181
    ],
    "reference_genome": [
      0.1,
      0.2,
      0.0,
      0.0
    ],
    "champion_scores": [
      61.118929312015666,
      61.118929312015666,
      61.118929312015666,
      61.118929312015666,
      61.118929312015666,
      61.118929312015666,
      61.118929312015666,
      61.118929312015666,
      61.118929312015666,
      61.118929312015666,
      61.118929312015666,
      61.118929312015666,
      61.118929312015666,
      61.118929312015666,
      61.118929312015666,
      61.118929312015666,
      61.118929312015666,
      61.118929312015666,
      61.118929312015666,
      61.118929312015666,
      61.118929312015666,
      61.118929312015666,
      61.118929312015666,
      61.118929312015666,
      61.118929312015666,
      61.118929312015666,
      61.118929312015666,
      61.118929312015666,
      61.118929312015666,
      61.118929312015666,
      61.118929312015666,
      61.118929312015666
    ],
    "ref_scores": [
      55.793467533755106,
      55.793467533755106,
      55.793467533755106,
      55.793467533755106,
      55.793467533755106,
      55.793467533755106,
      55.793467533755106,
      55.793467533755106,
      55.793467533755106,
      55.793467533755106,
      55.793467533755106,
      55.793467533755106,
      55.793467533755106,
      55.793467533755106,
      55.793467533755106,
      55.793467533755106,
      55.793467533755106,
      55.793467533755106,
      55.793467533755106,
      55.793467533755106,
      55.793467533755106,
      55.793467533755106,
      55.793467533755106,
      55.793467533755106,
      55.793467533755106,
      55.793467533755106,
      55.793467533755106,
      55.793467533755106,
      55.793467533755106,
      55.793467533755106,
      55.793467533755106,
      55.793467533755106
    ]
  }
}