{
  "wilcoxon_stat": 0.0,
  "p_value": 4.656612873077393e-10,
  "cohens_d": 0.0,
  "n_scenarios": 32,
  "n_episodes": 10,
  "champion_genome": [
    0.0,
    0.05284289419045529,
    0.35423744972203575,
    0.3305013119828181
  ],
  "reference_genome": [
    0.1,
    0.2,
    0.0,
    0.0
  ],
  "champion_scores": [
    61.118929312015666,
    61.118929312015666,
    61.118929312015666,
    61.118929312015666,
    61.118929312015666,
    61.118929312015666,
    61.118929312015666,
    61.118929312015666,
    61.118929312015666,
    61.118929312015666,
    61.118929312015666,
    61.118929312015666,
    61.118929312015666,
    61.118929312015666,
    61.118929312015666,
    61.118929312015666,
    61.118929312015666,
    61.118929312015666,
    61.118929312015666,
    61.118929312015666,
    61.118929312015666,
    61.118929312015666,
    61.118929312015666,
    61.118929312015666,
    61.118929312015666,
    61.118929312015666,
    61.118929312015666,
    61.118929312015666,
    61.118929312015666,
    61.118929312015666,
    61.118929312015666,
    61.118929312015666
  ],
  "ref_scores": [
    55.793467533755106,
    55.793467533755106,
    55.793467533755106,
    55.793467533755106,
    55.793467533755106,
    55.793467533755106,
    55.793467533755106,
    55.793467533755106,
    55.793467533755106,
    55.793467533755106,
    55.793467533755106,
    55.793467533755106,
    55.793467533755106,
    55.793467533755106,
    55.793467533755106,
    55.793467533755106,
    55.793467533755106,
    55.793467533755106,
    55.793467533755106,
    55.793467533755106,
    55.793467533755106,
    55.793467533755106,
    55.793467533755106,
    55.793467533755106,
    55.793467533755106,
    55.793467533755106,
    55.793467533755106,
    55.793467533755106,
    55.793467533755106,
    55.793467533755106,
    55.793467533755106,
    55.793467533755106
  ]
}