{
  "run_id": 5,
  "seed": 38505,
  "pop": 30,
  "ngen": 15,
  "steps": 150,
  "base_seed": 7000,
  "elapsed_s": 3.344473123550415,
  "hof_fitness": [
    [
      -984.3902637119447,
      0.12318279764613678
    ]
  ],
  "hall_of_fame": [
    [
      1.0,
      0.9739037529851846
    ]
  ]
}