{
  "run_id": 10,
  "seed": 38510,
  "pop": 30,
  "ngen": 15,
  "steps": 150,
  "base_seed": 7000,
  "elapsed_s": 3.268523931503296,
  "hof_fitness": [
    [
      -861.4699364167843,
      0.1500466765262909
    ],
    [
      -852.6372125251958,
      0.14988093431034188
    ],
    [
      -852.5081192838579,
      0.1498807903969047
    ],
    [
      -851.7169090562231,
      0.14987990753346173
    ],
    [
      -849.7598458993295,
      0.1498777177142148
    ],
    [
      -849.1623418157221,
      0.1498770474339725
    ],
    [
      -847.8248301526779,
      0.14987554411247306
    ],
    [
      -846.6850441003596,
      0.14987425986916003
    ],
    [
      -846.4274483116454,
      0.1498739692233414
    ],
    [
      -837.8224192983569,
      0.14837565736412914
    ],
    [
      -837.6955111876916,
      0.14837523390598653
    ],
    [
      -836.9176940793772,
      0.14837263809330162
    ],
    [
      -836.0691127798975,
      0.14836980524403812
    ],
    [
      -834.9937625086983,
      0.1483662140550691
    ],
    [
      -834.4063747413996,
      0.14836425182604393
    ],
    [
      -834.2649333801949,
      0.1483637792616957
    ],
    [
      -833.0915101723283,
      0.14835985781086858
    ],
    [
      -831.971025169761,
      0.1483561116588847
    ],
    [
      -831.7177917300198,
      0.14835526479763148
    ],
    [
      -831.5174807707978,
      0.1472671276989576
    ],
    [
      -831.3915048755804,
      0.14726658445146387
    ],
    [
      -830.619401487628,
      0.1472632546356006
    ],
    [
      -828.7096042261621,
      0.14725501639165378
    ],
    [
      -828.672071261067,
      0.147254854458969
    ],
    [
      -828.558978618491,
      0.14665255398807686
    ],
    [
      -828.4334405350758,
      0.1466519551136176
    ],
    [
      -827.6640205728174,
      0.1466482844528066
    ],
    [
      -826.8246009196868,
      0.1466442795065104
    ],
    [
      -825.7608614062835,
      0.14663920380419915
    ],
    [
      -825.1798161596804,
      0.1466364310711719
    ],
    [
      -823.8791502768963,
      0.14663022372086945
    ],
    [
      -822.8859485308758,
      0.14531053476487993
    ],
    [
      -822.761250588057,
      0.14530983142167403
    ],
    [
      -821.9969799899129,
      0.1453055206609668
    ],
    [
      -821.1634270243255,
      0.14489415682214019
    ],
    [
      -820.4006078257896,
      0.1448896703521386
    ],
    [
      -819.946906031357,
      0.14453378328241748
    ],
    [
      -819.8226436442143,
      0.14453302752702357
    ],
    [
      -819.0610426379211,
      0.14452839563650488
    ],
    [
      -818.2301537649267,
      0.1445233425786397
    ],
    [
      -815.3146408224828,
      0.14450561374537263
    ],
    [
      -814.754777866476,
      0.14303406531323443
    ],
    [
      -814.631285408709,
      0.14303322122405804
    ],
    [
      -813.8744034211298,
      0.14302804813274406
    ],
    [
      -813.0486631638196,
      0.14302240501929797
    ],
    [
      -811.4306845037673,
      0.14301134958169842
    ],
    [
      -811.3080323024371,
      0.1430105116145319
    ],
    [
      -810.2322594105568,
      0.14300316247077607
    ],
    [
      -810.1512185230092,
      0.1430026088835863
    ],
    [
      -809.4843031923101,
      0.1413996811284189
    ],
    [
      -808.3265780298459,
      0.1409740585407099
    ],
    [
      -808.2040396024654,
      0.14097311599176351
    ],
    [
      -807.453005010913,
      0.14096733971059303
    ],
    [
      -806.6336444552752,
      0.1409610390557049
    ],
    [
      -805.7911158047239,
      0.14014971985266836
    ],
    [
      -804.2253138583623,
      0.14013722419601876
    ],
    [
      -802.6245330607951,
      0.14012445471255627
    ],
    [
      -802.3943730603751,
      0.1389102291774634
    ],
    [
      -802.2727158283288,
      0.13890921160696573
    ],
    [
      -801.5270822094488,
      0.13890297579967045
    ],
    [
      -800.713614280474,
      0.13889617435952373
    ],
    [
      -799.6965623674545,
      0.13793345314518887
    ],
    [
      -799.5753061290317,
      0.13793240826779643
    ],
    [
      -798.8321302556576,
      0.13792600523635898
    ],
    [
      -798.0213437984878,
      0.13791902163125033
    ],
    [
      -796.432668317449,
      0.13790534365956636
    ],
    [
      -796.3965837697713,
      0.13671790378899548
    ],
    [
      -796.2758182465845,
      0.1367168327823648
    ],
    [
      -795.5356500332597,
      0.13671026978752274
    ],
    [
      -794.7281450173821,
      0.1367031120230884
    ],
    [
      -793.83717125091,
      0.1357671627624658
    ],
    [
      -793.7167864883414,
      0.1357660779487829
    ],
    [
      -793.083385034282,
      0.13553056968305113
    ],
    [
      -791.1935598079845,
      0.1347860064793509
    ],
    [
      -791.0735684932097,
      0.13478491430425332
    ],
    [
      -790.6146758376622,
      0.13461529564904712
    ],
    [
      -790.4054629815959,
      0.13453807519229022
    ],
    [
      -789.9925985123735,
      0.1343859137284705
    ],
    [
      -789.3741402801576,
      0.1341158051059958
    ],
    [
      -789.254419847341,
      0.1341147124682767
    ],
    [
      -787.9775722267948,
      0.13364878170019656
    ],
    [
      -787.8845986730245,
      0.13357279745694126
    ],
    [
      -787.7651000703864,
      0.13357170753227746
    ],
    [
      -786.2336639048347,
      0.13355774652024677
    ],
    [
      -785.2211065934574,
      0.13354852282051108
    ],
    [
      -784.5348384230156,
      0.1335422745863763
    ],
    [
      -784.2265605937639,
      0.1335394686639032
    ],
    [
      -783.4299429426297,
      0.13353222032020964
    ],
    [
      -782.1364558570358,
      0.13352045842054167
    ]
  ],