{
  "run_id": 18,
  "seed": 38518,
  "pop": 30,
  "ngen": 15,
  "steps": 150,
  "base_seed": 7000,
  "elapsed_s": 3.336211919784546,
  "hof_fitness": [
    [
      -984.6446749065778,
      0.12318279764616172
    ],
    [
      -983.9477479760068,
      0.1231827976461612
    ],
    [
      -975.8007836685189,
      0.12318279764614806
    ],
    [
      -975.1010959492645,
      0.12318279764612952
    ]
  ],
  "hall_of_fame": [
    [
      1.0,
      1.0
    ],
    [
      1.0,
      0.9285126688016422
    ],
    [
      1.0,
      0.09283720533108564
    ],
    [
      1.0,
      0.021066686030276727
    ]
  ]
}