{
  "run_id": 3,
  "seed": 38503,
  "pop": 30,
  "ngen": 15,
  "steps": 150,
  "base_seed": 7000,
  "elapsed_s": 3.6524229049682617,
  "hof_fitness": [
    [
      -983.7202582250009,
      0.12318279764615273
    ]
  ],
  "hall_of_fame": [
    [
      0.0,
      0.9051778908486029
    ]
  ]
}