{
  "run_id": 4,
  "seed": 38504,
  "pop": 30,
  "ngen": 15,
  "steps": 150,
  "base_seed": 7000,
  "elapsed_s": 3.377990245819092,
  "hof_fitness": [
    [
      -984.6356067639333,
      0.12318279764616133
    ],
    [
      -984.126388707937,
      0.12318279764615052
    ],
    [
      -984.0059936683836,
      0.12318279764613434
    ],
    [
      -983.3545674164252,
      0.12308948003236594
    ],
    [
      -981.674382461442,
      0.12308941486228683
    ]
  ],
  "hall_of_fame": [
    [
      1.0,
      0.9990698346009682
    ],
    [
      1.0,
      0.946836755027656
    ],
    [
      1.0,
      0.934487224984083
    ],
    [
      0.9999657825110855,
      0.9990698346009682
    ],
    [
      0.9999657825110855,
      0.8266120805310626
    ]
  ]
}