{
  "run_id": 13,
  "seed": 38513,
  "pop": 30,
  "ngen": 15,
  "steps": 150,
  "base_seed": 7000,
  "elapsed_s": 3.2690577507019043,
  "hof_fitness": [
    [
      -984.4825446751553,
      0.12318279764618174
    ],
    [
      -980.4299371722916,
      0.12318279764614637
    ]
  ],
  "hall_of_fame": [
    [
      0.0,
      0.9833694795789436
    ],
    [
      0.0,
      0.5676729666937678
    ]
  ]
}