{
  "run_id": 14,
  "seed": 38514,
  "pop": 30,
  "ngen": 15,
  "steps": 150,
  "base_seed": 7000,
  "elapsed_s": 3.4020237922668457,
  "hof_fitness": [
    [
      -896.7812620831916,
      0.14555914718596055
    ],
    [
      -818.5152599250873,
      0.14423472212402802
    ],
    [
      -818.1014483424965,
      0.14423213971725157
    ],
    [
      -817.9448269962612,
      0.14423116233627295
    ],
    [
      -817.9363699282633,
      0.14423110956104657
    ],
    [
      -816.5683391603761,
      0.1442225729755415
    ],
    [
      -814.4186687199548,
      0.14420916065916378
    ],
    [
      -813.6342863325732,
      0.14420426724025143
    ],
    [
      -811.6533926452337,
      0.14419191058828332
    ],
    [
      -810.1258840035878,
      0.141684763460902
    ],
    [
      -809.7162241136086,
      0.14168172542770283
    ],
    [
      -809.561174149226,
      0.14168057564291756
    ],
    [
      -809.552801931451,
      0.14168051355910066
    ],
    [
      -808.4611668417899,
      0.1416724194652323
    ],
    [
      -808.1984973178845,
      0.1416704721225991
    ],
    [
      -806.0703981398273,
      0.14165469884562226
    ],
    [
      -804.2214043187859,
      0.13982027320247628
    ],
    [
      -803.5562345321425,
      0.13944640258729762
    ],
    [
      -803.1498292900143,
      0.13944306794367972
    ],
    [
      -802.99601118219,
      0.13944180593591696
    ],
    [
      -802.9877054812034,
      0.13944173779302144
    ],
    [
      -802.7675311423359,
      0.13943993146564182
    ],
    [
      -801.9047436769724,
      0.13943285421101947
    ],
    [
      -801.6441612123348,
      0.13943071706191826
    ],
    [
      -801.2053241507086,
      0.13860606278935267
    ],
    [
      -800.8000843082576,
      0.13860264035035866
    ],
    [
      -800.646707294074,
      0.13860134512888808
    ],
    [
      -800.6384254108981,
      0.1386012751928097
    ],
    [
      -799.7477908281572,
      0.13807716239852125
    ],
    [
      -799.1901702511939,
      0.13807237790304266
    ],
    [
      -799.140821051937,
      0.13785540630160603
    ],
    [
      -798.5753544643806,
      0.13785052467595077
    ],
    [
      -797.8571437741736,
      0.13738395059615024
    ],
    [
      -797.4535643900662,
      0.1373804243198007
    ],
    [
      -797.300815844708,
      0.13737908982101185
    ],
    [
      -797.2925678970729,
      0.1373790177644391
    ],
    [
      -796.9369285905595,
      0.13704425502907125
    ],
    [
      -796.533805711852,
      0.137040705159899
    ],
    [
      -796.3729913318844,
      0.1370392892001067
    ],
    [
      -795.0402990077746,
      0.137027558430561
    ],
    [
      -793.2137391168052,
      0.13566161678851266
    ],
    [
      -792.8124639116975,
      0.13565799670404105
    ],
    [
      -792.6605874773343,
      0.1356566267361055
    ],
    [
      -792.6523866212215,
      0.1356565527648668
    ],
    [
      -791.3258029460972,
      0.13564459080634814
    ],
    [
      -790.950726536351,
      0.13482139668766813
    ],
    [
      -790.3991237304531,
      0.1348163787116862
    ],
    [
      -790.3909458372616,
      0.13481630432750202
    ],
    [
      -790.1345923034609,
      0.13451974626440702
    ],
    [
      -789.7348459769058,
      0.13451610327684968
    ],
    [
      -789.5835482090297,
      0.13451472466647318
    ],
    [
      -789.575378599263,
      0.13451465022896933
    ],
    [
      -789.2785861527816,
      0.13451194622223958
    ],
    [
      -788.5888116693872,
      0.1339518636115007
    ],
    [
      -788.1699139735348,
      0.13379896014329265
    ],
    [
      -787.8525507647978,
      0.1336834502788552
    ],
    [
      -787.6339260915671,
      0.13360405564607278
    ],
    [
      -787.5684674117501,
      0.13358031331052134
    ],
    [
      -787.5384209452106,
      0.13356941985397014
    ],
    [
      -787.5254628191902,
      0.13356472273997758
    ],
    [
      -786.9891546510106,
      0.13356441179043038
    ],
    [
      -786.9810113988021,
      0.1335643375548736
    ],
    [
      -786.9680622797723,
      0.1335596406122304
    ],
    [
      -785.6637461966334,
      0.1335523338837615
    ],
    [
      -785.6508183640307,
      0.13354763734965655
    ],
    [
      -783.6237540794533,
      0.13354438171037075
    ],
    [
      -783.5938554208788,
      0.13353349108165635
    ],
    [
      -782.8385860536621,
      0.13352662149916045
    ],
    [
      -782.8257038800226,
      0.13352192585834083
    ],
    [
      -780.9654308307075,
      0.133509597632318
    ],
    [
      -780.9312211511583,
      0.13350928690196626
    ]
  ],