{
  "run_id": 12,
  "seed": 38512,
  "pop": 30,
  "ngen": 15,
  "steps": 150,
  "base_seed": 7000,
  "elapsed_s": 3.353644847869873,
  "hof_fitness": [
    [
      -984.6446749065778,
      0.12318279764616172
    ],
    [
      -983.3659913404174,
      0.12318279764613074
    ]
  ],
  "hall_of_fame": [
    [
      0.0,
      1.0
    ],
    [
      0.0,
      0.8688389390876086
    ]
  ]
}