{
  "run_id": 11,
  "seed": 39511,
  "pop": 30,
  "ngen": 25,
  "steps": 150,
  "base_seed": 7000,
  "elapsed_s": 5.388111114501953,
  "hof_fitness": [
    [
      -984.6446749065778,
      0.12318279764616172
    ],
    [
      -984.4838995417324,
      0.12318279764616165
    ],
    [
      -982.4482857620133,
      0.12318279764615596
    ],
    [
      -982.4327343032368,
      0.1231827976461485
    ]
  ],
  "hall_of_fame": [
    [
      1.0,
      1.0
    ],
    [
      1.0,
      0.9835084551175779
    ],
    [
      1.0,
      0.7747052218382632
    ],
    [
      1.0,
      0.7731100298098574
    ]
  ]
}