{
  "run_id": 7,
  "seed": 39507,
  "pop": 30,
  "ngen": 25,
  "steps": 150,
  "base_seed": 7000,
  "elapsed_s": 5.3438849449157715,
  "hof_fitness": [
    [
      -942.6614848975116,
      0.13146661500610468
    ]
  ],
  "hall_of_fame": [
    [
      0.002080400359068979,
      1.0
    ]
  ]
}