{
  "run_id": 3,
  "seed": 39503,
  "pop": 30,
  "ngen": 25,
  "steps": 150,
  "base_seed": 7000,
  "elapsed_s": 5.449228048324585,
  "hof_fitness": [
    [
      -984.1167159301076,
      0.12318279764615533
    ],
    [
      -983.7202582250009,
      0.12318279764615273
    ]
  ],
  "hall_of_fame": [
    [
      0.0,
      0.9458445691297331
    ],
    [
      0.0,
      0.9051778908486029
    ]
  ]
}