{
  "run_id": 13,
  "seed": 39513,
  "pop": 30,
  "ngen": 25,
  "steps": 150,
  "base_seed": 7000,
  "elapsed_s": 5.47246789932251,
  "hof_fitness": [
    [
      -984.4825446751553,
      0.12318279764618174
    ],
    [
      -980.4299371722916,
      0.12318279764614637
    ],
    [
      -975.2844564262999,
      0.12318279764614556
    ]
  ],
  "hall_of_fame": [
    [
      0.0,
      0.9833694795789436
    ],
    [
      0.0,
      0.5676729666937678
    ],
    [
      0.0,
      0.039874900457852025
    ]
  ]
}