{
  "run_id": 10,
  "seed": 39510,
  "pop": 30,
  "ngen": 25,
  "steps": 150,
  "base_seed": 7000,
  "elapsed_s": 5.400628089904785,
  "hof_fitness": [
    [
      -984.3958943358318,
      0.123182797646185
    ],
    [
      -980.4630236568444,
      0.12318279764617798
    ],
    [
      -978.9490167579255,
      0.12318279764614284
    ]
  ],
  "hall_of_fame": [
    [
      1.0,
      0.9744813146452334
    ],
    [
      1.0,
      0.5710668152822842
    ],
    [
      1.0,
      0.4157674461919887
    ]
  ]
}