{
  "run_id": 8,
  "seed": 39508,
  "pop": 30,
  "ngen": 25,
  "steps": 150,
  "base_seed": 7000,
  "elapsed_s": 5.3952577114105225,
  "hof_fitness": [
    [
      -898.5578391021002,
      0.14521078174546892
    ],
    [
      -815.1742052488007,
      0.14318780233595257
    ],
    [
      -814.6116643247909,
      0.14318399800311818
    ],
    [
      -814.4883068728531,
      0.1429800665698665
    ],
    [
      -813.9262292090892,
      0.1429762109877543
    ],
    [
      -813.3901135993203,
      0.14297253377199895
    ],
    [
      -812.8825294281722,
      0.14296905250473518
    ],
    [
      -812.6814224920412,
      0.14296767328000298
    ],
    [
      -812.249733433726,
      0.14228431280161039
    ],
    [
      -811.6891680373267,
      0.142280294356024
    ],
    [
      -811.1544948968731,
      0.14227646187873805
    ],
    [
      -811.1068635956773,
      0.14227612047987015
    ],
    [
      -810.6006466966688,
      0.14227249232573017
    ],
    [
      -810.4477106684374,
      0.14227139626544996
    ],
    [
      -807.1996416248438,
      0.1406226494373579
    ],
    [
      -806.6964708394663,
      0.1406187153841138
    ],
    [
      -806.3007442993924,
      0.1403148349194591
    ],
    [
      -806.2846675787812,
      0.1403092995596826
    ],
    [
      -805.7281342459033,
      0.14030488758180926
    ],
    [
      -805.4898442834036,
      0.14003435687049848
    ],
    [
      -804.9338484668607,
      0.14002989784237826
    ],
    [
      -804.5959639497449,
      0.13972225707576666
    ],
    [
      -804.0943833529368,
      0.13971818385135273
    ],
    [
      -804.0405727118093,
      0.13971774690117245
    ],
    [
      -803.5108349128824,
      0.13971344570611
    ],
    [
      -803.4636432843621,
      0.13971306256569804
    ],
    [
      -803.0092893374381,
      0.13970937400691166
    ],
    [
      -802.9620992311794,
      0.13970899093283376
    ],
    [
      -802.8105749727289,
      0.13970776094205647
    ],
    [
      -800.7405558631353,
      0.1383453865390256
    ],
    [
      -800.2413310362069,
      0.13834113575284204
    ],
    [
      -798.9315923526564,
      0.1376853286881947
    ],
    [
      -798.4334733119761,
      0.13768100838522235
    ],
    [
      -798.3800340405178,
      0.13768054494111037
    ],
    [
      -797.5592552790949,
      0.1371802322953689
    ],
    [
      -797.0086260690284,
      0.1371753975891938
    ],
    [
      -796.1482955145347,
      0.1366580689402622
    ],
    [
      -795.5986217545722,
      0.13665318912351923
    ],
    [
      -795.2391871979122,
      0.1363205929632081
    ],
    [
      -794.6901291613614,
      0.13631568826607132
    ],
    [
      -794.1664322385038,
      0.13631101120870215
    ],
    [
      -793.4741580331886,
      0.13630483024755413
    ],
    [
      -792.9783546003075,
      0.1363004046166631
    ],
    [
      -792.4925986431779,
      0.1352996052611981
    ],
    [
      -792.1637947480668,
      0.1351775366209257
    ],
    [
      -790.6794069285921,
      0.13462785370776287
    ],
    [
      -790.2082404095124,
      0.1344540331823827
    ],
    [
      -789.9771718561826,
      0.1343689352391053
    ],
    [
      -789.484530973737,
      0.13436444243618328
    ],
    [
      -789.4316794206254,
      0.13436396051061358
    ],
    [
      -788.8718941524547,
      0.13396346323488306
    ],
    [
      -788.5864308312233,
      0.133859225720469
    ],
    [
      -788.0418812887044,
      0.13385425654144115
    ],
    [
      -787.9893146868652,
      0.13364193212234118
    ],
    [
      -787.8053801914504,
      0.1335752155477609
    ],
    [
      -787.7899741086906,
      0.13356963237344419
    ],
    [
      -787.7458109683957,
      0.1335536318919795
    ],
    [
      -787.6052981505101,
      0.13355235046521607
    ],
    [
      -787.2545364234946,
      0.13354915211707885
    ],
    [
      -787.2018314563458,
      0.13354867159620365
    ],
    [
      -786.6829786359808,
      0.1335439419347773
    ],
    [
      -786.6367567114531,
      0.13354352066539596
    ],
    [
      -786.1455186676723,
      0.1335390442181105
    ],
    [
      -784.354468420678,
      0.133522734357011
    ],
    [
      -781.4231056549087,
      0.13351711594589824
    ],
    [
      -781.1299788517697,
      0.13350901099649568
    ]
  ],