{
  "run_id": 18,
  "seed": 39518,
  "pop": 30,
  "ngen": 25,
  "steps": 150,
  "base_seed": 7000,
  "elapsed_s": 5.3735082149505615,
  "hof_fitness": [
    [
      -984.6446749065778,
      0.12318279764616172
    ],
    [
      -983.9477479760068,
      0.1231827976461612
    ],
    [
      -977.5306691398943,
      0.12318279764614588
    ],
    [
      -976.3158825445793,
      0.12318279764612779
    ]
  ],
  "hall_of_fame": [
    [
      1.0,
      1.0
    ],
    [
      1.0,
      0.9285126688016422
    ],
    [
      1.0,
      0.2702803348797329
    ],
    [
      1.0,
      0.14567351045500482
    ]
  ]
}