{
  "run_id": 6,
  "seed": 39506,
  "pop": 30,
  "ngen": 25,
  "steps": 150,
  "base_seed": 7000,
  "elapsed_s": 5.408093214035034,
  "hof_fitness": [
    [
      -984.6446749065778,
      0.12318279764616172
    ],
    [
      -984.6446749065778,
      0.12318279764616172
    ],
    [
      -984.1616112114953,
      0.12318279764615794
    ],
    [
      -980.8113673326804,
      0.12318279764613922
    ],
    [
      -980.8113673326804,
      0.12318279764613922
    ],
    [
      -980.0104104980517,
      0.12318279764612075
    ],
    [
      -980.0104104980517,
      0.12318279764612075
    ]
  ],
  "hall_of_fame": [
    [
      0.0,
      1.0
    ],
    [
      1.0,
      1.0
    ],
    [
      0.0,
      0.9504497059226761
    ],
    [
      1.0,
      0.6067981934695322
    ],
    [
      0.0,
      0.6067981934695322
    ],
    [
      0.0,
      0.5246399872055986
    ],
    [
      1.0,
      0.5246399872055986
    ]
  ]
}