{
  "run_id": 17,
  "seed": 39517,
  "pop": 30,
  "ngen": 25,
  "steps": 150,
  "base_seed": 7000,
  "elapsed_s": 5.356278896331787,
  "hof_fitness": [
    [
      -968.4152095316624,
      0.12351456709152582
    ]
  ],
  "hall_of_fame": [
    [
      0.00037436621461128805,
      0.5675320106588504
    ]
  ]
}