{
  "run_id": 19,
  "seed": 39519,
  "pop": 30,
  "ngen": 25,
  "steps": 150,
  "base_seed": 7000,
  "elapsed_s": 5.447348117828369,
  "hof_fitness": [
    [
      -884.2676931320032,
      0.14810859117532899
    ],
    [
      -834.0707165952242,
      0.1477112718603215
    ],
    [
      -834.0416530895882,
      0.14771115707069843
    ],
    [
      -833.7772392959785,
      0.14771011270112505
    ],
    [
      -832.4176435694404,
      0.14770474157506389
    ],
    [
      -832.2693795701123,
      0.14770415574662255
    ],
    [
      -831.9173846527301,
      0.14770276484198214
    ],
    [
      -831.9095619228408,
      0.14770273392919858
    ],
    [
      -831.6790662421693,
      0.1477018230619623
    ],
    [
      -831.1340518186828,
      0.14769966908600105
    ],
    [
      -830.7742585668577,
      0.14769824697614717
    ],
    [
      -829.4939744045203,
      0.14769318556059116
    ],
    [
      -829.4659513996334,
      0.14769307475838533
    ],
    [
      -829.1342163507327,
      0.14769176303052303
    ],
    [
      -829.1061939468093,
      0.14769165222116143
    ],
    [
      -828.4147233825843,
      0.14768891769503215
    ],
    [
      -828.0511427229765,
      0.14768747967872728
    ],
    [
      -827.7615157728335,
      0.14768633407135726
    ],
    [
      -827.6914155919145,
      0.1476860567811295
    ],
    [
      -827.5242698117229,
      0.14768539559596852
    ],
    [
      -827.3604855697597,
      0.1476847476826916
    ],
    [
      -827.3316961643752,
      0.14768463379221497
    ],
    [
      -827.0811776353405,
      0.14768364271162215
    ],
    [
      -826.2536515213944,
      0.1476803685027137
    ],
    [
      -812.3782754935429,
      0.14223196347617892
    ],
    [
      -812.349951203445,
      0.14223175975300714
    ],
    [
      -812.2640545717976,
      0.14223114194542327
    ],
    [
      -812.0536019858816,
      0.14222962831362715
    ],
    [
      -810.9004597113926,
      0.14222133558174227
    ],
    [
      -810.7672498718249,
      0.1422203777203588
    ],
    [
      -810.272092692446,
      0.14221681742695194
    ],
    [
      -810.2098887886091,
      0.14153181165635265
    ],
    [
      -810.1816385256974,
      0.14153160035476012
    ],
    [
      -810.1300727727752,
      0.14153121466500332
    ],
    [
      -810.09596639076,
      0.1415309595660928
    ],
    [
      -809.9246235205815,
      0.14152967803281513
    ],
    [
      -809.886063842416,
      0.14152938963766123
    ],
    [
      -809.549935239998,
      0.14152687576409154
    ],
    [
      -808.7359355488862,
      0.14152078865280293
    ],
    [
      -808.6030738961317,
      0.14151979520585742
    ],
    [
      -808.4589590382466,
      0.14151871764574395
    ],
    [
      -808.1168148021083,
      0.14151615952871174
    ],
    [
      -808.1092109962768,
      0.14151610267921222
    ],
    [
      -807.8851659353832,
      0.1415144276562587
    ],
    [
      -807.0056810517727,
      0.14150785312507907
    ],
    [
      -805.7612307588306,
      0.1414985523396868
    ],
    [
      -805.4115425289201,
      0.14149593926263154
    ],
    [
      -805.3843044975952,
      0.14149573573183066
    ],
    [
      -805.0618620412321,
      0.1414933264306077
    ],
    [
      -805.0238565515073,
      0.1414930424627578
    ],
    [
      -804.7121892931202,
      0.14149071384362297
    ],
    [
      -804.3625242819376,
      0.1414881015017024
    ],
    [
      -804.3207823964754,
      0.14148778966123224
    ],
    [
      -804.0772668300675,
      0.14148597048639763
    ],
    [
      -804.0091290011998,
      0.14148546148130917
    ],
    [
      -803.6594795385854,
      0.14148284963219648
    ],
    [
      -803.4159741547503,
      0.14148103078021207
    ],
    [
      -802.6341177060859,
      0.13892363073405262
    ],
    [
      -802.6061262544619,
      0.13892339667991613
    ],
    [
      -802.5550329160129,
      0.13892296946170266
    ],
    [
      -802.3132594702057,
      0.13892094796019058
    ],
    [
      -802.2215786472339,
      0.13892018144426832
    ],
    [
      -801.9802103628135,
      0.1389181635420132
    ],
    [
      -801.0420241949665,
      0.13891032151533506
    ],
    [
      -800.5526862928546,
      0.13890623220064308
    ],
    [
      -800.3574525904114,
      0.1381009864775011
    ],
    [
      -800.3295389716524,
      0.13810074703346778
    ],
    [
      -800.2728012169912,
      0.13810026034216413
    ],
    [
      -800.037486539325,
      0.1380982419375801
    ],
    [
      -798.9010645176637,
      0.1380884966557277
    ],
    [
      -798.7697862641675,
      0.13808737114146064
    ],
    [
      -798.2893223520729,
      0.13808325232552948
    ],
    [
      -798.2818091689794,
      0.1380831879236643
    ],
    [
      -797.1914316428465,
      0.13807384317421054
    ],
    [
      -796.1374295123651,
      0.13655744779306525
    ],
    [
      -796.0867399773307,
      0.1365569968022023
    ],
    [
      -795.7073256881318,
      0.13638777081905104
    ],
    [
      -795.6795711258227,
      0.13638752311034244
    ],
    [
      -795.5954022647055,
      0.13638677192369272
    ],
    [
      -795.5112338700594,
      0.13638602076847925
    ],
    [
      -795.4270659418455,
      0.1363852696446909
    ],
    [
      -793.5270498983627,
      0.13557755338836563
    ],
    [
      -793.4488452078991,
      0.1355768468348664
    ],
    [
      -793.4431071616615,
      0.13557679499455264
    ],
    [
      -793.3649029057156,
      0.135576088473101
    ],
    [
      -792.0828541111176,
      0.13556450978170156
    ],
    [
      -791.9989193934732,
      0.13556375197945275
    ],
    [
      -791.9149851415518,
      0.13556299421157314
    ],
    [
      -791.8310513553135,
      0.13556223647806692
    ],
    [
      -791.7471180347187,
      0.1355614787789363
    ],
    [
      -791.6631851797299,
      0.13556072111416242
    ],
    [
      -791.468783246558,
      0.13555896635707138
    ],
    [
      -791.384851935317,
      0.13555820880627895
    ],
    [
      -791.3009210895125,
      0.13555745128983787
    ],
    [
      -790.7429883246792,
      0.1345459967282342
    ],
    [
      -790.7154036923813,
      0.13454574526838722
    ],
    [
      -790.6317501650686,
      0.1345449827105561
    ],
    [
      -790.4267933875622,
      0.13454311453670093
    ],
    [
      -790.3205361674466,
      0.1343903579938429
    ],
    [
      -790.2929660020367,
      0.13439010650277508
    ],
    [
      -790.0045070616693,
      0.13438747544848959
    ],
    [
      -788.8820684921126,
      0.1343772415422144
    ],
    [
      -788.0517827023781,
      0.13436967538579306
    ],
    [
      -788.0363738318908,
      0.13355592186240386
    ],
    [
      -788.0088819054864,
      0.13355567109358718
    ],
    [
      -788.0052401128814,
      0.13355435236437738
    ],
    [
      -787.7212415657178,
      0.13355304761872344
    ],
    [
      -787.3904970990288,
      0.13354874607278944
    ],
    [
      -786.6019884325291,
      0.1335428436001489
    ],
    [
      -786.5983530252909,
      0.13354152499501043
    ],
    [
      -786.4690587661848,
      0.13354034669360862
    ],
    [
      -786.3288134881252,
      0.13353906869586293
    ],
    [
      -786.1851704615425,
      0.13353904530954291
    ],
    [
      -786.114412608342,
      0.13353840061716712
    ],
    [
      -785.9994888611411,
      0.13353735357700297
    ],
    [
      -785.9920891941728,
      0.13353728616306668
    ],
    [
      -785.7740590983997,
      0.13353529995632835
    ],
    [
      -785.7704274490744,
      0.1335339814249647
    ],
    [
      -784.9181866467416,
      0.13352750567014948
    ],
    [
      -783.3668508168944,
      0.13351338817607716
    ],
    [
      -783.3403441640287,
      0.13351314707464956
    ],
    [
