{
  "traits": {
    "A": {
      "risk": 0.6233423083901941,
      "dispersal": 0.5263461295956138
    },
    "B": {
      "risk": 0.6479596492425181,
      "dispersal": 0.5017287887432897
    },
    "C": {
      "risk": 0.6725769900948422,
      "dispersal": 0.47711144789096577
    }
  },
  "episodes_per_scenario": 8,
  "noise_sigma": 10.0,
  "agreement_matrix": [
    [
      1.0,
      0.66875,
      0.73125,
      0.73125
    ],
    [
      0.66875,
      1.0,
      0.7125,
      0.7375
    ],
    [
      0.73125,
      0.7125,
      1.0,
      0.95
    ],
    [
      0.73125,
      0.7375,
      0.95,
      1.0
    ]
  ],
  "mean_offdiag_agreement": 0.7552083333333334,
  "disagreement_score": 0.24479166666666663,
  "total_comparisons": 160
}