{
  "run_id": 8,
  "seed": 6008,
  "steps": 500,
  "n_eval": 5,
  "elapsed_s": 11.00131106376648,
  "hof_fitness": [
    [
      -780.0367448565131,
      0.09850061931307152
    ],
    [
      -779.6230591685635,
      0.09849679076813052
    ],
    [
      -779.3204500888232,
      0.09751793652055282
    ],
    [
      -779.0434629556507,
      0.09751534115338574
    ],
    [
      -778.9071422293773,
      0.0975140639664893
    ],
    [
      -778.5370053873302,
      0.09751059661600968
    ],
    [
      -776.5415318329123,
      0.09749191499254978
    ],
    [
      -776.1940049667551,
      0.09748866342434459
    ],
    [
      -775.9480889839245,
      0.09748636291304048
    ],
    [
      -775.8146516522116,
      0.09748511474741203
    ],
    [
      -774.8372130687507,
      0.09747597447323476
    ],
    [
      -774.6644492818477,
      0.09747435939737953
    ],
    [
      -774.3188013255559,
      0.09747112855454425
    ],
    [
      -773.342845630617,
      0.0974620092192208
    ],
    [
      -772.5309795677838,
      0.08782818830560536
    ],
    [
      -772.2563939532993,
      0.0878254121592525
    ],
    [
      -772.1212551515802,
      0.08782404603530759
    ],
    [
      -771.7543274741964,
      0.08782033731835298
    ],
    [
      -769.7761554361521,
      0.08780035732786402
    ],
    [
      -769.5576148759536,
      0.08779815150284928
    ],
    [
      -769.4316418187774,
      0.08779688013605008
    ],
    [
      -769.1878580730192,
      0.08779442005861
    ],
    [
      -769.0555777255479,
      0.08779308534108435
    ],
    [
      -768.5362469932468,
      0.08212483000359859
    ],
    [
      -768.2630761682956,
      0.08212212375973692
    ],
    [
      -767.7635965769086,
      0.08211717694016381
    ],
    [
      -766.7355276480534,
      0.07970060317321252
    ],
    [
      -766.4629952275922,
      0.07969801106426269
    ],
    [
      -766.436219815737,
      0.07966315051789029
    ],
    [
      -765.9379248908067,
      0.07965841655527281
    ],
    [
      -763.9746132375493,
      0.07963978376378103
    ],
    [
      -763.6326877068375,
      0.07963654186802056
    ],
    [
      -763.3907353424515,
      0.07963424841034514
    ],
    [
      -763.2594487295823,
      0.07963300414463856
    ],
    [
      -761.7877085359816,
      0.07961906516202678
    ]
  ],
  "hall_of_fame": [
    [
      0.07315106113767389,
      1.0
    ],
    [
      0.07315106113767389,
      0.9467927174707556
    ],
    [
      0.9211022526291404,
      1.0
    ],
    [
      0.9211022526291404,
      0.9643420494692717
    ],
    [
      0.9211022526291404,
      0.9467927174707556
    ],
    [
      0.9211022526291404,
      0.8991426673928864
    ],
    [
      0.9211022526291404,
      0.6422462916364934
    ],
    [
      0.9211022526291404,
      0.5975047210659659
    ],
    [
      0.9211022526291404,
      0.5658446168486293
    ],
    [
      0.9211022526291404,
      0.5486653475940616
    ],
    [
      0.9211022526291404,
      0.4228244093489202
    ],
    [
      0.9211022526291404,
      0.40058155615946167
    ],
    [
      0.9211022526291404,
      0.356080105707856
    ],
    [
      0.9211022526291404,
      0.23042609012237492
    ],
    [
      0.8310134479277093,
      1.0
    ],
    [
      0.8310134479277093,
      0.9643420494692717
    ],
    [
      0.8310134479277093,
      0.9467927174707556
    ],
    [
      0.8310134479277093,
      0.8991426673928864
    ],
    [
      0.8310134479277093,
      0.6422462916364934
    ],
    [
      0.8310134479277093,
      0.6138647296704469
    ],
    [
      0.8310134479277093,
      0.5975047210659659
    ],
    [
      0.8310134479277093,
      0.5658446168486293
    ],
    [
      0.8310134479277093,
      0.5486653475940616
    ],
    [
      0.29296408121471906,
      1.0
    ],
    [
      0.29296408121471906,
      0.9643420494692717
    ],
    [
      0.29296408121471906,
      0.8991426673928864
    ],
    [
      0.5557090126562273,
      1.0
    ],
    [
      0.5557090126562273,
      0.9643420494692717
    ],
    [
      0.5495705366993723,
      0.9643420494692717
    ],
    [
      0.5495705366993723,
      0.8991426673928864
    ],
    [
      0.5495705366993723,
      0.6422462916364934
    ],
    [
      0.5495705366993723,
      0.5975047210659659
    ],
    [
      0.5495705366993723,
      0.5658446168486293
    ],
    [
      0.5495705366993723,
      0.5486653475940616
    ],
    [
      0.5495705366993723,
      0.356080105707856
    ]
  ]
}