{
  "run_id": 0,
  "seed": 6000,
  "steps": 500,
  "n_eval": 5,
  "elapsed_s": 13.044036149978638,
  "hof_fitness": [
    [
      -801.8765558817113,
      0.12276031005639465
    ],
    [
      -801.306036583746,
      0.12275713672045171
    ],
    [
      -800.0409647378968,
      0.12275010303906134
    ],
    [
      -797.782132475051,
      0.1227375540241552
    ],
    [
      -795.6291784981404,
      0.12272560498821723
    ],
    [
      -795.317749781149,
      0.12272387748779887
    ],
    [
      -778.5352528524187,
      0.09654393014954628
    ],
    [
      -777.9812416366482,
      0.09653867950003897
    ],
    [
      -777.2510466712781,
      0.09653176140147493
    ],
    [
      -776.7527755128185,
      0.09652704214589584
    ],
    [
      -775.8509530877101,
      0.09274768998888659
    ],
    [
      -775.2988423587637,
      0.09274225674120891
    ],
    [
      -774.0745904448997,
      0.09273021497583009
    ],
    [
      -773.0209079156863,
      0.09271985747675893
    ],
    [
      -771.8886460496558,
      0.0927087342965267
    ],
    [
      -771.7985769931456,
      0.08688469171843927
    ],
    [
      -771.2493371959944,
      0.08687913171374007
    ],
    [
      -770.6590210276536,
      0.086873158027331
    ],
    [
      -770.5254310965591,
      0.08687180647535897
    ],
    [
      -770.0314513834853,
      0.08686680978346317
    ],
    [
      -769.7946115075456,
      0.08400513025438612
    ],
    [
      -769.2467925262346,
      0.08399961915528495
    ],
    [
      -768.1047724285326,
      0.08164234062097009
    ],
    [
      -767.5581522724018,
      0.08163695824377727
    ],
    [
      -766.996524283965,
      0.0801492500471663
    ],
    [
      -766.6305161067548,
      0.0796693219495985
    ],
    [
      -766.5358985976287,
      0.07954647011979007
    ],
    [
      -766.5326589362928,
      0.07954227291195207
    ],
    [
      -765.9903921604687,
      0.07954130164152866
    ],
    [
      -765.9871547997069,
      0.07953710498585105
    ],
    [
      -764.7775525424103,
      0.07952565413480046
    ],
    [
      -762.6177662335211,
      0.0795052374214378
    ],
    [
      -760.5624336274811,
      0.07949000362974565
    ],
    [
      -760.5592191588411,
      0.07948581248735626
    ],
    [
      -760.3220351013887,
      0.07948357653900164
    ],
    [
      -760.2614468571406,
      0.0794830054420315
    ]
  ],
  "hall_of_fame": [
    [
      0.9918021824165638,
      0.9893263825292095
    ],
    [
      0.9918021824165638,
      0.9179413936017254
    ],
    [
      0.9918021824165638,
      0.7596490911655303
    ],
    [
      0.9918021824165638,
      0.47700232697098033
    ],
    [
      0.9918021824165638,
      0.20759210808709017
    ],
    [
      0.9918021824165638,
      0.1686204637870583
    ],
    [
      0.9149795412532902,
      0.9893263825292095
    ],
    [
      0.9149795412532902,
      0.9179413936017254
    ],
    [
      0.9149795412532902,
      0.8238536325133555
    ],
    [
      0.9149795412532902,
      0.7596490911655303
    ],
    [
      0.8861045951781125,
      0.9893263825292095
    ],
    [
      0.8861045951781125,
      0.9179413936017254
    ],
    [
      0.8861045951781125,
      0.7596490911655303
    ],
    [
      0.8861045951781125,
      0.6234075930352627
    ],
    [
      0.8861045951781125,
      0.47700232697098033
    ],
    [
      0.8168725997325466,
      0.9893263825292095
    ],
    [
      0.8168725997325466,
      0.9179413936017254
    ],
    [
      0.8168725997325466,
      0.8412167380512852
    ],
    [
      0.8168725997325466,
      0.8238536325133555
    ],
    [
      0.8168725997325466,
      0.7596490911655303
    ],
    [
      0.7611696212117951,
      0.9893263825292095
    ],
    [
      0.7611696212117951,
      0.9179413936017254
    ],
    [
      0.3111018812066513,
      0.9893263825292095
    ],
    [
      0.3111018812066513,
      0.9179413936017254
    ],
    [
      0.3940700994720189,
      0.9893263825292095
    ],
    [
      0.5503799350139792,
      0.9893263825292095
    ],
    [
      0.5155578028496807,
      0.9893263825292095
    ],
    [
      0.48723097166413876,
      0.9893263825292095
    ],
    [
      0.5155578028496807,
      0.9179413936017254
    ],
    [
      0.48723097166413876,
      0.9179413936017254
    ],
    [
      0.48723097166413876,
      0.7596490911655303
    ],
    [
      0.48723097166413876,
      0.47700232697098033
    ],
    [
      0.5155578028496807,
      0.20759210808709017
    ],
    [
      0.48723097166413876,
      0.20759210808709017
    ],
    [
      0.48723097166413876,
      0.17655011204030047
    ],
    [
      0.48723097166413876,
      0.1686204637870583
    ]
  ]
}