{
  "run_id": 4,
  "seed": 6004,
  "steps": 500,
  "n_eval": 5,
  "elapsed_s": 11.143227577209473,
  "hof_fitness": [
    [
      -1001.540017690109,
      0.06728139011806766
    ]
  ],
  "hall_of_fame": [
    [
      0.0,
      0.9140139362893465
    ]
  ]
}