{
  "run_id": 2,
  "seed": 6002,
  "steps": 500,
  "n_eval": 5,
  "elapsed_s": 11.968543767929077,
  "hof_fitness": [
    [
      -1002.2245163416013,
      0.0672813901180973
    ],
    [
      -1001.732719118145,
      0.06728139011787956
    ],
    [
      -1001.2573740496466,
      0.0672813901178188
    ]
  ],
  "hall_of_fame": [
    [
      1.0,
      0.982983228815178
    ],
    [
      1.0,
      0.9334303093244714
    ],
    [
      1.0,
      0.8855350899425389
    ]
  ]
}