{
  "run_id": 5,
  "seed": 6005,
  "steps": 500,
  "n_eval": 5,
  "elapsed_s": 12.346819400787354,
  "hof_fitness": [
    [
      -812.6029434662717,
      0.13093808278899408
    ],
    [
      -812.4722610430152,
      0.13093754209020672
    ],
    [
      -812.2356218623542,
      0.13093656307204382
    ],
    [
      -812.0477497603968,
      0.13093578588247395
    ],
    [
      -811.7872277902535,
      0.13093470825809256
    ],
    [
      -811.034349928586,
      0.1309315947248183
    ],
    [
      -808.8774236829161,
      0.13092268027874274
    ],
    [
      -807.4380460211162,
      0.13091673598215547
    ],
    [
      -804.9365450383178,
      0.13090641403744477
    ],
    [
      -779.5983840630669,
      0.09833647595257515
    ],
    [
      -779.4729773386401,
      0.09833531304705725
    ],
    [
      -779.1304927159495,
      0.0976943411056227
    ],
    [
      -779.005160850187,
      0.09769316947796655
    ],
    [
      -777.9891055108912,
      0.09611023792508508
    ],
    [
      -777.8639562767257,
      0.09610904603496069
    ],
    [
      -776.6244180006784,
      0.09418642669476669
    ],
    [
      -776.499487167616,
      0.09418521293821906
    ],
    [
      -776.2732629776682,
      0.094183015282643
    ],
    [
      -776.0936595566974,
      0.09418127071670741
    ],
    [
      -775.8446038020618,
      0.09417885181135251
    ],
    [
      -775.5828549511851,
      0.09269960094913435
    ],
    [
      -775.0528048129399,
      0.09269438349205962
    ],
    [
      -774.8040814294417,
      0.09269193575549939
    ],
    [
      -773.8756488562866,
      0.0902371411685778
    ],
    [
      -773.5257307589787,
      0.09023363768240832
    ],
    [
      -773.0985815232694,
      0.09022936189935184
    ],
    [
      -772.3813752806287,
      0.0902221850168082
    ],
    [
      -768.955472281398,
      0.09018794413126698
    ],
    [
      -768.88408074823,
      0.08304714052026942
    ],
    [
      -768.760389822424,
      0.08304590425950141
    ],
    [
      -768.5364108569031,
      0.08304366592138394
    ],
    [
      -768.1782498489707,
      0.08206320560762226
    ],
    [
      -767.6532399941035,
      0.08205800964447518
    ],
    [
      -767.4068817518618,
      0.0820555721631311
    ],
    [
      -766.6949357620259,
      0.08204853063819846
    ],
    [
      -766.6161076020603,
      0.07995343532178795
    ],
    [
      -766.4927805260951,
      0.07995225577701424
    ],
    [
      -766.295785190188,
      0.07953550379519782
    ],
    [
      -766.1725095312211,
      0.07953433607465038
    ],
    [
      -765.9492825304869,
      0.07953222188224282
    ],
    [
      -765.5263025821306,
      0.07952821691862551
    ],
    [
      -764.8160968474873,
      0.07952149560248754
    ],
    [
      -761.4236343261591,
      0.07948944545462094
    ],
    [
      -759.0639278266356,
      0.07946720651281712
    ]
  ],
  "hall_of_fame": [
    [
      0.0028229478499490757,
      0.9587894020779294
    ],
    [
      0.0028229478499490757,
      0.9426573957924137
    ],
    [
      0.0028229478499490757,
      0.9134455213742412
    ],
    [
      0.0028229478499490757,
      0.8902535920570663
    ],
    [
      0.0028229478499490757,
      0.8580932357240528
    ],
    [
      0.0028229478499490757,
      0.765152661993081
    ],
    [
      0.0028229478499490757,
      0.4988788105369407
    ],
    [
      0.0028229478499490757,
      0.3211805030274002
    ],
    [
      0.0028229478499490757,
      0.012345900996747927
    ],
    [
      0.07406521609586669,
      0.9587894020779294
    ],
    [
      0.07406521609586669,
      0.9426573957924137
    ],
    [
      0.9221828547215315,
      0.9587894020779294
    ],
    [
      0.9221828547215315,
      0.9426573957924137
    ],
    [
      0.0878827615390606,
      0.9587894020779294
    ],
    [
      0.0878827615390606,
      0.9426573957924137
    ],
    [
      0.8981150806875551,
      0.9587894020779294
    ],
    [
      0.8981150806875551,
      0.9426573957924137
    ],
    [
      0.8981150806875551,
      0.9134455213742412
    ],
    [
      0.8981150806875551,
      0.8902535920570663
    ],
    [
      0.8981150806875551,
      0.8580932357240528
    ],
    [
      0.11430109285739576,
      0.9587894020779294
    ],
    [
      0.11430109285739576,
      0.8902535920570663
    ],
    [
      0.11430109285739576,
      0.8580932357240528
    ],
    [
      0.8612647784639434,
      0.9587894020779294
    ],
    [
      0.8612647784639434,
      0.9134455213742412
    ],
    [
      0.8612647784639434,
      0.8580932357240528
    ],
    [
      0.8612647784639434,
      0.765152661993081
    ],
    [
      0.8612647784639434,
      0.3211805030274002
    ],
    [
      0.7362918431110909,
      0.9587894020779294
    ],
    [
      0.7362918431110909,
      0.9426573957924137
    ],
    [
      0.7362918431110909,
      0.9134455213742412
    ],
    [
      0.2950408290989708,
      0.9587894020779294
    ],
    [
      0.2950408290989708,
      0.8902535920570663
    ],
    [
      0.2950408290989708,
      0.8580932357240528
    ],
    [
      0.2950408290989708,
      0.765152661993081
    ],
    [
      0.5881601735168942,
      0.9587894020779294
    ],
    [
      0.5881601735168942,
      0.9426573957924137
    ],
    [
      0.49121295380457763,
      0.9587894020779294
    ],
    [
      0.49121295380457763,
      0.9426573957924137
    ],
    [
      0.49121295380457763,
      0.9134455213742412
    ],
    [
      0.49121295380457763,
      0.8580932357240528
    ],
    [
      0.49121295380457763,
      0.765152661993081
    ],
    [
      0.49121295380457763,
      0.3211805030274002
    ],
    [
      0.49121295380457763,
      0.012345900996747927
    ]
  ]
}