{
  "run_id": 7,
  "seed": 6007,
  "steps": 500,
  "n_eval": 5,
  "elapsed_s": 11.092156410217285,
  "hof_fitness": [
    [
      -782.6656616805531,
      0.1030106348898939
    ],
    [
      -781.5668739756173,
      0.10300111282628781
    ],
    [
      -780.6474309278799,
      0.10299314892101985
    ],
    [
      -779.5112246288387,
      0.10298331246771072
    ],
    [
      -779.4628609049139,
      0.102982893891661
    ],
    [
      -778.8663495186742,
      0.0979441115549684
    ],
    [
      -777.7728659795366,
      0.0979339265712989
    ],
    [
      -777.3468538245019,
      0.0979299601434686
    ],
    [
      -776.85786143159,
      0.09792540840788527
    ],
    [
      -776.4318575731315,
      0.0979214439315608
    ],
    [
      -775.7271401343324,
      0.09791488760556044
    ],
    [
      -775.6790098873747,
      0.0979144399136893
    ],
    [
      -775.530575978886,
      0.0979130592998552
    ],
    [
      -774.2825574375663,
      0.09790145540840717
    ],
    [
      -772.7410716888328,
      0.09788713320897133
    ],
    [
      -772.7407066359928,
      0.08923235463723164
    ],
    [
      -772.5910272822669,
      0.0892308489485039
    ],
    [
      -771.6557809020604,
      0.08922144392980784
    ],
    [
      -771.2331028399162,
      0.08921719510769957
    ],
    [
      -770.1821394949732,
      0.08552339451960718
    ],
    [
      -769.1007914186022,
      0.08551246289155442
    ],
    [
      -768.6795071977049,
      0.08550820610901705
    ],
    [
      -767.0301735060896,
      0.08549155200280557
    ],
    [
      -766.8833869869488,
      0.08549007069799015
    ],
    [
      -765.9556369344006,
      0.07966278412603714
    ],
    [
      -765.8591792287887,
      0.07953745889054722
    ],
    [
      -764.7838825888149,
      0.0795272796022849
    ],
    [
      -764.3649559786599,
      0.07952331634701225
    ],
    [
      -762.7248524818822,
      0.07950781367872299
    ],
    [
      -762.5788874355875,
      0.07950643502448801
    ],
    [
      -762.2168383155786,
      0.07950301617080835
    ],
    [
      -761.3516270710344,
      0.07949485017103813
    ],
    [
      -760.9327319040464,
      0.07949089872288866
    ],
    [
      -759.8357812350455,
      0.07948055780312602
    ]
  ],
  "hall_of_fame": [
    [
      0.051413192663653295,
      0.9010350822316372
    ],
    [
      0.051413192663653295,
      0.7603184610224856
    ],
    [
      0.051413192663653295,
      0.6425671662675583
    ],
    [
      0.051413192663653295,
      0.49705226708026606
    ],
    [
      0.051413192663653295,
      0.49085820685729153
    ],
    [
      0.923688031829141,
      0.9010350822316372
    ],
    [
      0.923688031829141,
      0.7603184610224856
    ],
    [
      0.923688031829141,
      0.7054955403673662
    ],
    [
      0.923688031829141,
      0.6425671662675583
    ],
    [
      0.923688031829141,
      0.5877442456124389
    ],
    [
      0.923688031829141,
      0.49705226708026606
    ],
    [
      0.923688031829141,
      0.49085820685729153
    ],
    [
      0.923688031829141,
      0.4717556560304027
    ],
    [
      0.923688031829141,
      0.311140797327226
    ],
    [
      0.923688031829141,
      0.1127520424220233
    ],
    [
      0.15038190819555763,
      0.9010350822316372
    ],
    [
      0.15038190819555763,
      0.8816216243592483
    ],
    [
      0.15038190819555763,
      0.7603184610224856
    ],
    [
      0.15038190819555763,
      0.7054955403673662
    ],
    [
      0.7934659033068473,
      0.9010350822316372
    ],
    [
      0.7934659033068473,
      0.7603184610224856
    ],
    [
      0.7934659033068473,
      0.7054955403673662
    ],
    [
      0.7934659033068473,
      0.49085820685729153
    ],
    [
      0.7934659033068473,
      0.4717556560304027
    ],
    [
      0.5503567191934142,
      0.9010350822316372
    ],
    [
      0.48611664476812133,
      0.9010350822316372
    ],
    [
      0.48611664476812133,
      0.7603184610224856
    ],
    [
      0.48611664476812133,
      0.7054955403673662
    ],
    [
      0.48611664476812133,
      0.49085820685729153
    ],
    [
      0.48611664476812133,
      0.4717556560304027
    ],
    [
      0.48611664476812133,
      0.4243737636080167
    ],
    [
      0.48611664476812133,
      0.311140797327226
    ],
    [
      0.48611664476812133,
      0.2563178766721066
    ],
    [
      0.48611664476812133,
      0.1127520424220233
    ]
  ]
}