{
  "run_id": 6,
  "seed": 6006,
  "steps": 500,
  "n_eval": 5,
  "elapsed_s": 11.173022985458374,
  "hof_fitness": [
    [
      -1002.3934024719732,
      0.06728139011798752
    ],
    [
      -1002.3327238200825,
      0.06728139011785009
    ],
    [
      -1000.7463851657225,
      0.06728139011775575
    ]
  ],
  "hall_of_fame": [
    [
      1.0,
      1.0
    ],
    [
      1.0,
      0.9938860892076308
    ],
    [
      1.0,
      0.8340484409391274
    ]
  ]
}