{
  "run_id": 3,
  "seed": 6003,
  "steps": 500,
  "n_eval": 5,
  "elapsed_s": 11.614166975021362,
  "hof_fitness": [
    [
      -791.1487912317169,
      0.11474962598308332
    ],
    [
      -788.3442410944061,
      0.10911532954423935
    ],
    [
      -788.1482479179863,
      0.10911380479607098
    ],
    [
      -787.0670098990655,
      0.10910539574517768
    ],
    [
      -786.0521397814512,
      0.10909750677307033
    ],
    [
      -785.917632114946,
      0.1090964614783454
    ],
    [
      -785.5446866988443,
      0.10909356356893288
    ],
    [
      -784.8925408872925,
      0.10908849740960605
    ],
    [
      -784.0496212073167,
      0.10387139166802159
    ],
    [
      -783.8546893869056,
      0.10386972460282393
    ],
    [
      -782.2481783310494,
      0.10385599171485686
    ],
    [
      -781.7699324920532,
      0.10385190562799948
    ],
    [
      -781.2652275340749,
      0.10384759451446393
    ],
    [
      -780.6872667845097,
      0.1038426589689517
    ],
    [
      -780.6166134734067,
      0.10384205571467212
    ],
    [
      -779.6636157794393,
      0.09806560409726683
    ],
    [
      -779.4697682902299,
      0.09806380007052351
    ],
    [
      -778.718290184215,
      0.09805680820438122
    ],
    [
      -777.3966083455496,
      0.0980445176550426
    ],
    [
      -776.8947109946771,
      0.09803985261980044
    ],
    [
      -776.2497051268687,
      0.09803385919262657
    ],
    [
      -772.7742099879086,
      0.088537499016998
    ],
    [
      -771.8725713101952,
      0.0869527562912191
    ],
    [
      -769.628109878163,
      0.08693004824381924
    ],
    [
      -769.131204145852,
      0.08692502518155287
    ],
    [
      -769.1261269965134,
      0.08620184011855618
    ],
    [
      -768.9926332610189,
      0.08283569218612953
    ],
    [
      -768.8014271140133,
      0.08283378431006318
    ],
    [
      -768.571421516006,
      0.08251253301032117
    ],
    [
      -767.5169070532662,
      0.08250204750361617
    ],
    [
      -766.9037876968242,
      0.07999168973971554
    ],
    [
      -766.7130995174331,
      0.07998986417393324
    ],
    [
      -766.6263924494044,
      0.07987604938376267
    ],
    [
      -766.5796225050415,
      0.0795684025629938
    ],
    [
      -766.5604578739373,
      0.07954356436402554
    ],
    [
      -766.3698548729667,
      0.0795417582953878
    ],
    [
      -765.3183532087786,
      0.07953179998060712
    ],
    [
      -764.7990198481792,
      0.07952688487382228
    ],
    [
      -764.331394657942,
      0.07952246099745323
    ],
    [
      -763.8378980253021,
      0.0795177942705563
    ],
    [
      -763.2036883057959,
      0.07951179976249663
    ],
    [
      -763.0063785887822,
      0.07950993546120029
    ],
    [
      -760.8518012028383,
      0.07948959798720018
    ]
  ],
  "hall_of_fame": [
    [
      0.9812451121604469,
      0.7011581152703855
    ],
    [
      0.03114212862520216,
      0.9928595341954519
    ],
    [
      0.03114212862520216,
      0.9679172523789643
    ],
    [
      0.03114212862520216,
      0.8303160179691136
    ],
    [
      0.03114212862520216,
      0.7011581152703855
    ],
    [
      0.03114212862520216,
      0.6840397313793081
    ],
    [
      0.03114212862520216,
      0.6365758452907865
    ],
    [
      0.03114212862520216,
      0.5535778952402758
    ],
    [
      0.048026962465283485,
      0.9928595341954519
    ],
    [
      0.048026962465283485,
      0.9679172523789643
    ],
    [
      0.048026962465283485,
      0.7623540311739159
    ],
    [
      0.048026962465283485,
      0.7011581152703855
    ],
    [
      0.048026962465283485,
      0.6365758452907865
    ],
    [
      0.048026962465283485,
      0.5626188889569063
    ],
    [
      0.048026962465283485,
      0.5535778952402758
    ],
    [
      0.07564052608479799,
      0.9928595341954519
    ],
    [
      0.07564052608479799,
      0.9679172523789643
    ],
    [
      0.07564052608479799,
      0.87122387915519
    ],
    [
      0.07564052608479799,
      0.7011581152703855
    ],
    [
      0.07564052608479799,
      0.6365758452907865
    ],
    [
      0.07564052608479799,
      0.5535778952402758
    ],
    [
      0.84074116757774,
      0.9679172523789643
    ],
    [
      0.18205752020359955,
      0.9928595341954519
    ],
    [
      0.18205752020359955,
      0.7011581152703855
    ],
    [
      0.18205752020359955,
      0.6365758452907865
    ],
    [
      0.19403080262725758,
      0.7011581152703855
    ],
    [
      0.7300541882810508,
      0.9928595341954519
    ],
    [
      0.7300541882810508,
      0.9679172523789643
    ],
    [
      0.27986714633103815,
      0.9679172523789643
    ],
    [
      0.27986714633103815,
      0.8303160179691136
    ],
    [
      0.40826834306600446,
      0.9928595341954519
    ],
    [
      0.40826834306600446,
      0.9679172523789643
    ],
    [
      0.4202416254896625,
      0.9679172523789643
    ],
    [
      0.5254841252399426,
      0.9928595341954519
    ],
    [
      0.5135108428162846,
      0.9928595341954519
    ],
    [
      0.5135108428162846,
      0.9679172523789643
    ],
    [
      0.5135108428162846,
      0.8303160179691136
    ],
    [
      0.5135108428162846,
      0.7623540311739159
    ],
    [
      0.5135108428162846,
      0.7011581152703855
    ],
    [
      0.5135108428162846,
      0.6365758452907865
    ],
    [
      0.5135108428162846,
      0.5535778952402758
    ],
    [
      0.5135108428162846,
      0.5277560724187979
    ],
    [
      0.5135108428162846,
      0.24578037250958984
    ]
  ]
}