{
  "run_id": 1,
  "seed": 6001,
  "steps": 500,
  "n_eval": 5,
  "elapsed_s": 12.183595180511475,
  "hof_fitness": [
    [
      -778.0284641194299,
      0.09572075197403875
    ],
    [
      -777.4922142159146,
      0.09571562248405897
    ],
    [
      -777.3038916686864,
      0.09571382143435161
    ],
    [
      -776.2876767629149,
      0.09570410582461504
    ],
    [
      -776.1598577367938,
      0.09307257977897443
    ],
    [
      -776.0248648552225,
      0.09307125471973497
    ],
    [
      -775.6248892564109,
      0.09306732923030288
    ],
    [
      -775.4370167276791,
      0.09306548568782101
    ],
    [
      -774.849176028194,
      0.09305971859977655
    ],
    [
      -774.5076200289529,
      0.09305636857891333
    ],
    [
      -774.4232302100618,
      0.09305554097100478
    ],
    [
      -773.3132539586462,
      0.09304465905798905
    ],
    [
      -773.2332896421406,
      0.0930438753661461
    ],
    [
      -772.0558446853246,
      0.08713921417745837
    ],
    [
      -771.5841861015914,
      0.08645650650286327
    ],
    [
      -771.0523574249792,
      0.08645112171222927
    ],
    [
      -770.2941201102853,
      0.08460098799725083
    ],
    [
      -770.1601430611291,
      0.08459963613886541
    ],
    [
      -769.7631773235435,
      0.08459563138155748
    ],
    [
      -769.5767185630068,
      0.0845937506765222
    ],
    [
      -769.1749707715564,
      0.08301507855296084
    ],
    [
      -768.644796797927,
      0.0830097807092656
    ],
    [
      -768.4586080337365,
      0.08300792066535442
    ],
    [
      -768.1201088887859,
      0.08300453965879648
    ],
    [
      -767.8760357524159,
      0.08300210230730518
    ],
    [
      -767.5375409094983,
      0.08299872274869483
    ],
    [
      -767.4539074270399,
      0.08299788787128078
    ],
    [
      -766.6569958580708,
      0.08298993514043165
    ],
    [
      -766.6118218812097,
      0.07953993400486105
    ],
    [
      -766.0834099055065,
      0.07953492800299103
    ],
    [
      -765.8978399298031,
      0.07953317050596138
    ],
    [
      -765.3172038050158,
      0.07952767320045306
    ],
    [
      -764.9798339425435,
      0.07952448031685641
    ],
    [
      -764.8964784148583,
      0.07952369157708056
    ],
    [
      -764.7681104922633,
      0.07952247702294422
    ],
    [
      -763.9672843036288,
      0.07952239359740637
    ],
    [
      -763.8001062709641,
      0.07951332249851432
    ],
    [
      -763.7211220223777,
      0.07951257586708194
    ]
  ],
  "hall_of_fame": [
    [
      0.9094292062664366,
      1.0
    ],
    [
      0.9094292062664366,
      0.9308516217054024
    ],
    [
      0.9094292062664366,
      0.9065676084924161
    ],
    [
      0.9094292062664366,
      0.7755259749576732
    ],
    [
      0.8889328447400053,
      1.0
    ],
    [
      0.8889328447400053,
      0.982551310897252
    ],
    [
      0.8889328447400053,
      0.9308516217054024
    ],
    [
      0.8889328447400053,
      0.9065676084924161
    ],
    [
      0.8889328447400053,
      0.8305839060875803
    ],
    [
      0.8889328447400053,
      0.7864342775657109
    ],
    [
      0.8889328447400053,
      0.7755259749576732
    ],
    [
      0.8889328447400053,
      0.6320476239424163
    ],
    [
      0.8889328447400053,
      0.6217111012187744
    ],
    [
      0.1791676423979094,
      1.0
    ],
    [
      0.19010750818958533,
      1.0
    ],
    [
      0.19010750818958533,
      0.9308516217054024
    ],
    [
      0.22531917599032136,
      1.0
    ],
    [
      0.22531917599032136,
      0.982551310897252
    ],
    [
      0.22531917599032136,
      0.9308516217054024
    ],
    [
      0.22531917599032136,
      0.9065676084924161
    ],
    [
      0.2647154491120869,
      1.0
    ],
    [
      0.2647154491120869,
      0.9308516217054024
    ],
    [
      0.2647154491120869,
      0.9065676084924161
    ],
    [
      0.2647154491120869,
      0.8624179799705468
    ],
    [
      0.2647154491120869,
      0.8305839060875803
    ],
    [
      0.2647154491120869,
      0.7864342775657109
    ],
    [
      0.2647154491120869,
      0.7755259749576732
    ],
    [
      0.2647154491120869,
      0.6715839206497951
    ],
    [
      0.5102203971329095,
      1.0
    ],
    [
      0.5102203971329095,
      0.9308516217054024
    ],
    [
      0.5102203971329095,
      0.9065676084924161
    ],
    [
      0.5102203971329095,
      0.8305839060875803
    ],
    [
      0.5102203971329095,
      0.7864342775657109
    ],
    [
      0.5102203971329095,
      0.7755259749576732
    ],
    [
      0.5102203971329095,
      0.7587270963209182
    ],
    [
      0.48429699248469016,
      0.6531656985199567
    ],
    [
      0.5102203971329095,
      0.6320476239424163
    ],
    [
      0.5102203971329095,
      0.6217111012187744
    ]
  ]
}