{
  "run_id": 9,
  "seed": 6009,
  "steps": 500,
  "n_eval": 5,
  "elapsed_s": 10.690133094787598,
  "hof_fitness": [
    [
      -804.3658095044831,
      0.12487843731677699
    ],
    [
      -803.6661043489128,
      0.12487479834042932
    ],
    [
      -802.7935508453587,
      0.1248702620073836
    ],
    [
      -802.4263814207878,
      0.12486835364819493
    ],
    [
      -800.9170760799474,
      0.12199496778517285
    ],
    [
      -800.8755887459979,
      0.12199473163668786
    ],
    [
      -800.6126206732743,
      0.12199323490822256
    ],
    [
      -800.2203519161751,
      0.12199100257056636
    ],
    [
      -798.9859107477163,
      0.12198398012829312
    ],
    [
      -798.2553617131574,
      0.12197982603827154
    ],
    [
      -795.8002997543905,
      0.12196587587689882
    ],
    [
      -795.2261450317374,
      0.12196261562363057
    ],
    [
      -795.2046807399415,
      0.12196249375801724
    ],
    [
      -793.3693986409875,
      0.12195207808931671
    ],
    [
      -778.6168590014453,
      0.10415337793760789
    ],
    [
      -777.7888484004316,
      0.09559832840102475
    ],
    [
      -777.7485520131786,
      0.09559794242419867
    ],
    [
      -777.6013509344482,
      0.09533472500408657
    ],
    [
      -777.5610642110294,
      0.09533433803742095
    ],
    [
      -776.9247895391062,
      0.09532822752261803
    ],
    [
      -776.0810974297829,
      0.0953201282572641
    ],
    [
      -775.7260729847295,
      0.09531672118767119
    ],
    [
      -775.0166663611265,
      0.09530991514449172
    ],
    [
      -772.6326570931292,
      0.09528706182318543
    ],
    [
      -772.0542765597056,
      0.09528152179083636
    ],
    [
      -771.1327474290676,
      0.08602264454787702
    ],
    [
      -770.4617885608853,
      0.08601585341840794
    ],
    [
      -769.6250830535889,
      0.08600738878662051
    ],
    [
      -769.6075302956816,
      0.08478657303973441
    ],
    [
      -769.4674336635009,
      0.08478515919184798
    ],
    [
      -768.7717490687374,
      0.08477814034063672
    ],
    [
      -768.420053543035,
      0.08477459328144284
    ],
    [
      -767.7416989310855,
      0.08129494767567591
    ],
    [
      -767.6744155777902,
      0.08114987019289407
    ],
    [
      -767.634641055263,
      0.08114948123978448
    ],
    [
      -767.0064559487557,
      0.08114333983909115
    ],
    [
      -766.4684928178036,
      0.07954869677014516
    ],
    [
      -766.4287806258222,
      0.0795483204263618
    ],
    [
      -765.8015799499888,
      0.07954237826176816
    ],
    [
      -764.6199586729053,
      0.07953119203413325
    ],
    [
      -763.9206692601157,
      0.07952457724153522
    ],
    [
      -761.5706603169864,
      0.07950237647800422
    ],
    [
      -761.5632157797857,
      0.07949268039792592
    ],
    [
      -759.2437826634563,
      0.07948043773551418
    ]
  ],
  "hall_of_fame": [
    [
      0.9936124066090264,
      0.9802142085485974
    ],
    [
      0.9936124066090264,
      0.8929419739310482
    ],
    [
      0.9936124066090264,
      0.7841091396900073
    ],
    [
      0.9936124066090264,
      0.7383118497323921
    ],
    [
      0.9910617862129729,
      0.9802142085485974
    ],
    [
      0.9910617862129729,
      0.9750175058707571
    ],
    [
      0.9910617862129729,
      0.9420780284522536
    ],
    [
      0.9910617862129729,
      0.8929419739310482
    ],
    [
      0.9910617862129729,
      0.7383118497323921
    ],
    [
      0.9910617862129729,
      0.6467990790278219
    ],
    [
      0.9910617862129729,
      0.3392540198774029
    ],
    [
      0.9910617862129729,
      0.2673275905452932
    ],
    [
      0.9910617862129729,
      0.2646386653007189
    ],
    [
      0.9910617862129729,
      0.03472059376614656
    ],
    [
      0.04677125193787102,
      0.2646386653007189
    ],
    [
      0.091415694140212,
      0.9802142085485974
    ],
    [
      0.091415694140212,
      0.9750175058707571
    ],
    [
      0.09328486559564364,
      0.9802142085485974
    ],
    [
      0.09328486559564364,
      0.9750175058707571
    ],
    [
      0.09328486559564364,
      0.8929419739310482
    ],
    [
      0.09328486559564364,
      0.7841091396900073
    ],
    [
      0.09328486559564364,
      0.7383118497323921
    ],
    [
      0.09328486559564364,
      0.6467990790278219
    ],
    [
      0.09328486559564364,
      0.3392540198774029
    ],
    [
      0.09328486559564364,
      0.2646386653007189
    ],
    [
      0.8024672475761453,
      0.9802142085485974
    ],
    [
      0.8024672475761453,
      0.8929419739310482
    ],
    [
      0.8024672475761453,
      0.7841091396900073
    ],
    [
      0.7788136905522077,
      0.8929419739310482
    ],
    [
      0.7788136905522077,
      0.8746991639088919
    ],
    [
      0.7788136905522077,
      0.7841091396900073
    ],
    [
      0.7788136905522077,
      0.7383118497323921
    ],
    [
      0.32587558757963897,
      0.9750175058707571
    ],
    [
      0.6673735279245084,
      0.9802142085485974
    ],
    [
      0.6673735279245084,
      0.9750175058707571
    ],
    [
      0.6673735279245084,
      0.8929419739310482
    ],
    [
      0.48278508496825334,
      0.9802142085485974
    ],
    [
      0.48278508496825334,
      0.9750175058707571
    ],
    [
      0.48278508496825334,
      0.8929419739310482
    ],
    [
      0.48278508496825334,
      0.7383118497323921
    ],
    [
      0.48278508496825334,
      0.6467990790278219
    ],
    [
      0.48278508496825334,
      0.3392540198774029
    ],
    [
      0.48933964681176845,
      0.3392540198774029
    ],
    [
      0.48278508496825334,
      0.03472059376614656
    ]
  ]
}