{
  "run_id": 17,
  "seed": 19517,
  "pop": 10,
  "ngen": 25,
  "steps": 150,
  "base_seed": 7000,
  "elapsed_s": 1.9036169052124023,
  "hof_fitness": [
    [
      -971.3262226068367,
      0.12351260693764007
    ]
  ],
  "hall_of_fame": [
    [
      0.00037436621461128805,
      0.8682266854629003
    ]
  ]
}