{
  "run_id": 8,
  "seed": 19508,
  "pop": 10,
  "ngen": 25,
  "steps": 150,
  "base_seed": 7000,
  "elapsed_s": 1.7751920223236084,
  "hof_fitness": [
    [
      -876.1322415689613,
      0.14848152346862717
    ],
    [
      -834.1709210855126,
      0.14772941796243472
    ],
    [
      -833.287489386196,
      0.14772594209787865
    ],
    [
      -832.0137432222087,
      0.14772092921508115
    ],
    [
      -831.4729670987624,
      0.1477188004955046
    ],
    [
      -830.2436371142746,
      0.14696643694593967
    ],
    [
      -828.8594571298902,
      0.14667242067815697
    ],
    [
      -827.9815191802711,
      0.1466682442009622
    ],
    [
      -825.5659590328478,
      0.14592122799186258
    ],
    [
      -824.6914302006948,
      0.1459166242803795
    ],
    [
      -823.4305213275596,
      0.14590998630410665
    ],
    [
      -820.7538620414241,
      0.14469670322070158
    ],
    [
      -818.6305956696214,
      0.14468397848623976
    ],
    [
      -818.2815357707526,
      0.14401138082429082
    ],
    [
      -816.1645262333731,
      0.14399792010770981
    ],
    [
      -812.9418288604292,
      0.14397743374727082
    ],
    [
      -812.6280392606169,
      0.14231109017166052
    ],
    [
      -810.8108012628006,
      0.1417281623359612
    ],
    [
      -809.9515671938276,
      0.14172180338845028
    ],
    [
      -808.5414844687426,
      0.14097775846273414
    ],
    [
      -806.5990623491376,
      0.14031719956212188
    ],
    [
      -805.7442000949148,
      0.14031042390799747
    ],
    [
      -804.7287389802838,
      0.13966679557297748
    ],
    [
      -803.1873694353379,
      0.13912131254584972
    ],
    [
      -801.7014357029279,
      0.13858831055382737
    ],
    [
      -801.5530203207779,
      0.13853472555628304
    ],
    [
      -800.3507792579956,
      0.13852454725293264
    ],
    [
      -800.259237155229,
      0.1380651998298352
    ],
    [
      -800.1233378779427,
      0.13801564593391272
    ],
    [
      -799.0077290530278,
      0.1376073587908412
    ],
    [
      -798.1607533167341,
      0.13759999725748964
    ],
    [
      -797.7899747880076,
      0.13715904601518616
    ],
    [
      -796.7316220171582,
      0.1367676641422069
    ],
    [
      -796.6724937391808,
      0.1367457599240801
    ],
    [
      -795.7012758731339,
      0.13638552468118445
    ],
    [
      -794.7562370722926,
      0.13603443722811412
    ],
    [
      -794.3041307520255,
      0.13586638597287573
    ],
    [
      -793.4620459476521,
      0.13585880863412095
    ],
    [
      -793.1402214627502,
      0.1354338350652327
    ],
    [
      -792.4138577407839,
      0.13516419898883286
    ],
    [
      -791.2283776673838,
      0.1350283824939847
    ],
    [
      -791.1857273659894,
      0.134709437893878
    ],
    [
      -790.0624764767676,
      0.1345966592228621
    ],
    [
      -789.7468853485211,
      0.13417957884693757
    ],
    [
      -788.0969851604747,
      0.1335778754419143
    ],
    [
      -787.261360282362,
      0.13357025448032273
    ],
    [
      -786.0565474327351,
      0.13355927323618613
    ],
    [
      -785.5450390009379,
      0.13355461350854814
    ],
    [
      -784.5138299954948,
      0.13354522378447936
    ],
    [
      -782.9504334995098,
      0.1335309993156045
    ],
    [
      -782.092659008479,
      0.13352320059520328
    ],
    [
      -781.4231056549087,
      0.13351711594589824
    ],
    [
      -781.2349335901051,
      0.13351540635087247
    ]
  ],
  "hall_of_fame": [
    [
      0.016022601683426202,
      0.35450785632149473
    ],
    [
      0.9303705530587089,
      1.0
    ],
    [
      0.9303705530587089,
      0.895209158949168
    ],
    [
      0.9303705530587089,
      0.744110280968943
    ],
    [
      0.9303705530587089,
      0.6799569226841959
    ],
    [
      0.07890496000785556,
      1.0
    ],
    [
      0.917510550087646,
      1.0
    ],
    [
      0.917510550087646,
      0.895209158949168
    ],
    [
      0.09176496297891834,
      1.0
    ],
    [
      0.09176496297891834,
      0.895209158949168
    ],
    [
      0.09176496297891834,
      0.744110280968943
    ],
    [
      0.8924993724109628,
      1.0
    ],
    [
      0.8924993724109628,
      0.744110280968943
    ],
    [
      0.11677614065560163,
      1.0
    ],
    [
      0.11677614065560163,
      0.744110280968943
    ],
    [
      0.11677614065560163,
      0.35450785632149473
    ],
    [
      0.14178731833228492,
      1.0
    ],
    [
      0.8488184196407713,
      1.0
    ],
    [
      0.8488184196407713,
      0.895209158949168
    ],
    [
      0.8359584166697085,
      1.0
    ],
    [
      0.823807241964088,
      1.0
    ],
    [
      0.823807241964088,
      0.895209158949168
    ],
    [
      0.8109472389930252,
      1.0
    ],
    [
      0.799359388361138,
      1.0
    ],
    [
      0.7872082136555175,
      1.0
    ],
    [
      0.785936061316342,
      1.0
    ],
    [
      0.785936061316342,
      0.8517158843818226
    ],
    [
      0.7743482106844547,
      1.0
    ],
    [
      0.7730760583452791,
      1.0
    ],
    [
      0.7621970359788343,
      1.0
    ],
    [
      0.7621970359788343,
      0.895209158949168
    ],
    [
      0.7493370330077714,
      1.0
    ],
    [
      0.737185858302151,
      1.0
    ],
    [
      0.7364770300367086,
      1.0
    ],
    [
      0.7243258553310882,
      1.0
    ],
    [
      0.7114658523600254,
      1.0
    ],
    [
      0.2951072563085142,
      1.0
    ],
    [
      0.2951072563085142,
      0.895209158949168
    ],
    [
      0.6864546746833421,
      1.0
    ],
    [
      0.6735946717122793,
      1.0
    ],
    [
      0.3329784369562603,
      0.895209158949168
    ],
    [
      0.648583494035596,
      1.0
    ],
    [
      0.3579896146329436,
      0.895209158949168
    ],
    [
      0.6107123133878499,
      1.0
    ],
    [
      0.4782984565594395,
      1.0
    ],
    [
      0.4782984565594395,
      0.895209158949168
    ],
    [
      0.4782984565594395,
      0.744110280968943
    ],
    [
      0.4782984565594395,
      0.6799569226841959
    ],
    [
      0.4782984565594395,
      0.5506160747058565
    ],
    [
      0.4782984565594395,
      0.35450785632149473
    ],
    [
      0.4782984565594395,
      0.24690225290861523
    ],
    [
      0.4782984565594395,
      0.1629042284197154
    ],
    [
      0.4782984565594395,
      0.13929664949573572
    ]
  ]
}