{
  "run_id": 6,
  "seed": 19506,
  "pop": 10,
  "ngen": 25,
  "steps": 150,
  "base_seed": 7000,
  "elapsed_s": 1.7705442905426025,
  "hof_fitness": [
    [
      -870.014626077934,
      0.1495815868339239
    ],
    [
      -822.2569363358112,
      0.14516777989870816
    ],
    [
      -820.777190573743,
      0.1451593095402108
    ],
    [
      -816.8573061310751,
      0.1451368723670269
    ],
    [
      -816.1353945273557,
      0.14513274035942716
    ],
    [
      -815.6056289162177,
      0.1451297081730921
    ],
    [
      -813.8841145960106,
      0.14278982893445374
    ],
    [
      -812.419112290346,
      0.14277965318371802
    ],
    [
      -812.3424957149565,
      0.14230844227963318
    ],
    [
      -810.8802099821589,
      0.14229797561475335
    ],
    [
      -808.9142125790131,
      0.14228390760654622
    ],
    [
      -807.6957212312993,
      0.14078551065396766
    ],
    [
      -806.520823754341,
      0.14038487101766883
    ],
    [
      -806.1827791251667,
      0.14026854021725502
    ],
    [
      -804.7313537428143,
      0.14025701494548853
    ],
    [
      -802.9222280361079,
      0.13912441170666515
    ],
    [
      -801.7340509846772,
      0.13869860863509412
    ],
    [
      -800.2904751952435,
      0.13868645297285107
    ],
    [
      -798.2034214837454,
      0.1374117460533067
    ],
    [
      -796.7660789401485,
      0.13739919609144594
    ],
    [
      -788.728897984588,
      0.1339053717628077
    ],
    [
      -788.1103504084858,
      0.13368007665004772
    ],
    [
      -787.9914953097498,
      0.1336369153301338
    ],
    [
      -786.5722006835848,
      0.13362397296129097
    ],
    [
      -782.1200688889111,
      0.13358344564387378
    ]
  ],
  "hall_of_fame": [
    [
      0.02175499903451894,
      0.7875355434727895
    ],
    [
      0.10131386967866551,
      0.9654901181108362
    ],
    [
      0.10131386967866551,
      0.7875355434727895
    ],
    [
      0.10131386967866551,
      0.31605101532284796
    ],
    [
      0.10131386967866551,
      0.22920695855066076
    ],
    [
      0.10131386967866551,
      0.16547511069066134
    ],
    [
      0.134383018149314,
      0.9654901181108362
    ],
    [
      0.134383018149314,
      0.7875355434727895
    ],
    [
      0.1417970239204115,
      0.9654901181108362
    ],
    [
      0.1417970239204115,
      0.7875355434727895
    ],
    [
      0.1417970239204115,
      0.5482553095052894
    ],
    [
      0.16745216661996248,
      0.9654901181108362
    ],
    [
      0.17486617239105998,
      0.9654901181108362
    ],
    [
      0.17707949092525577,
      0.9654901181108362
    ],
    [
      0.17707949092525577,
      0.7875355434727895
    ],
    [
      0.20052131509061097,
      0.9654901181108362
    ],
    [
      0.21014863939590425,
      0.9654901181108362
    ],
    [
      0.21014863939590425,
      0.7875355434727895
    ],
    [
      0.24321778786655274,
      0.9654901181108362
    ],
    [
      0.24321778786655274,
      0.7875355434727895
    ],
    [
      0.41618902444437444,
      0.9654901181108362
    ],
    [
      0.4492581729150229,
      0.9654901181108362
    ],
    [
      0.4586432426605267,
      0.9654901181108362
    ],
    [
      0.4586432426605267,
      0.7875355434727895
    ],
    [
      0.4586432426605267,
      0.22920695855066076
    ]
  ]
}