split,sc_id,frag,shock,K,move_cost,champ_biomass,ref_biomass,delta,win
ood,0,0.65,0.35,200.0,0.45,201.45170302435758,200.06816374776633,1.3835392765912502,1
ood,1,0.65,0.35,200.0,0.6,201.45170302435758,200.06816374776633,1.3835392765912502,1
in_dist,0,0.1,0.03,60.0,0.08,60.53314000359647,60.11445672326314,0.41868328033333313,1
in_dist,1,0.1,0.03,60.0,0.12,60.53314000359647,60.11445672326314,0.41868328033333313,1
