{
  "config": {
    "phase": "1_training",
    "anchor_scenario": {
      "fragmentation": 0.2,
      "shock_prob": 0.05,
      "K": 80.0,
      "move_cost": 0.1
    },
    "n_runs": 15,
    "pop_size": 30,
    "n_gen": 15,
    "steps": 500,
    "n_eval": 5,
    "base_seed": 8000,
    "purpose": "Single-anchor training for true OOD test"
  },
  "reference_point": [
    -72.63522502448964,
    0.003558990681312098
  ],
  "hv_per_run": [
    0.0064777425851859,
    0.006466391489244565,
    0.0068497725125454025,
    0.0059657650497132635,
    0.006300423709444625,
    0.006847904693307427,
    0.006811461907542778,
    0.006735246783402608,
    0.0067939873715677345,
    0.006612961726545766,
    0.006823696235611265,
    0.006797165814460692,
    0.0068504088041307434,
    0.006804301347461709,
    0.00681198588996477
  ],
  "hv_stats": {
    "mean": 0.00666328106134195,
    "std": 0.00025741525911298724,
    "median": 0.006797165814460692,
    "min": 0.0059657650497132635,
    "max": 0.0068504088041307434,
    "n": 15,
    "ci_lower": 0.006525159813887207,
    "ci_upper": 0.006775577465730088,
    "ci_width": 0.00025041765184288106
  },
  "selected_champion": [
    0.9590349141412826,
    0.9201047835519963
  ],
  "selected_run_id": 11,
  "selection_method": "median-HV run"
}