{
  "run_id": 8,
  "seed": 6008,
  "steps": 300,
  "n_eval": 20,
  "elapsed_s": 42.84409952163696,
  "hof_fitness": [
    [
      -824.1509227349527,
      0.13857299263864734
    ],
    [
      -823.973992071314,
      0.13857219443643662
    ],
    [
      -823.7293450609523,
      0.13857109080088523
    ],
    [
      -822.9249004704812,
      0.13856746234298786
    ],
    [
      -822.4790257025304,
      0.13856545154909855
    ],
    [
      -821.6930141222854,
      0.1385619073885676
    ],
    [
      -819.909070853248,
      0.13855386622260277
    ],
    [
      -819.5972407973188,
      0.13855246102774035
    ],
    [
      -818.339416186862,
      0.13854679407917841
    ],
    [
      -816.4464987994269,
      0.1385382693330512
    ],
    [
      -805.9465349907169,
      0.12857939031438667
    ],
    [
      -805.7734729453953,
      0.1285781224562222
    ],
    [
      -804.3111951025926,
      0.1285674128981556
    ],
    [
      -801.7974376827098,
      0.12854901551891298
    ],
    [
      -801.4924267427209,
      0.12854678436760908
    ],
    [
      -800.8907424336727,
      0.12498482090939929
    ],
    [
      -800.4809435838599,
      0.12498147121856036
    ],
    [
      -799.2655588726719,
      0.12497153976727145
    ],
    [
      -796.7674142277881,
      0.12495114080179666
    ],
    [
      -796.4642977729434,
      0.1249486669848729
    ],
    [
      -792.1466791613185,
      0.11793940083276513
    ],
    [
      -791.9765514517765,
      0.11793776576015032
    ],
    [
      -791.7413111372423,
      0.11793550509878022
    ],
    [
      -790.539067732007,
      0.11792395513513405
    ],
    [
      -790.1713035511872,
      0.11621442650135468
    ],
    [
      -790.0015961008654,
      0.1162127446954823
    ],
    [
      -789.7669368940168,
      0.11621041942700061
    ],
    [
      -788.5676634224253,
      0.11619853949675503
    ],
    [
      -786.9226763865904,
      0.1132879294637726
    ],
    [
      -785.3255689492311,
      0.1132713908815804
    ],
    [
      -785.1642431167345,
      0.11203354339144007
    ],
    [
      -781.2440215391382,
      0.10797808854923766
    ],
    [
      -781.0762144849033,
      0.10797625476781045
    ],
    [
      -780.8441830239569,
      0.10797371942575577
    ],
    [
      -778.774594291366,
      0.10579333741475057
    ],
    [
      -777.0095276792795,
      0.10397167448750147
    ],
    [
      -776.842622915938,
      0.1039698305134155
    ],
    [
      -775.4323719054447,
      0.10395425773059434
    ],
    [
      -774.1643792248507,
      0.10133792104805248
    ],
    [
      -772.7191515201883,
      0.10004138368164314
    ],
    [
      -772.5531617624806,
      0.10003960289767758
    ],
    [
      -772.3236431409058,
      0.10003714093066103
    ],
    [
      -771.7641292099869,
      0.09954542932548832
    ],
    [
      -770.1171619308387,
      0.09952791726438061
    ],
    [
      -767.8903502589133,
      0.09950427584919266
    ]
  ],
  "hall_of_fame": [
    [
      0.012288920467318887,
      0.9545196193557591
    ],
    [
      0.012288920467318887,
      0.9330738446319928
    ],
    [
      0.012288920467318887,
      0.9034199706469626
    ],
    [
      0.012288920467318887,
      0.8059109368125367
    ],
    [
      0.012288920467318887,
      0.751864112252815
    ],
    [
      0.012288920467318887,
      0.6565856656064374
    ],
    [
      0.012288920467318887,
      0.4403315664200017
    ],
    [
      0.012288920467318887,
      0.40252949398452764
    ],
    [
      0.012288920467318887,
      0.2500440299762501
    ],
    [
      0.012288920467318887,
      0.020555219589117102
    ],
    [
      0.036235939407936346,
      0.9545196193557591
    ],
    [
      0.036235939407936346,
      0.9330738446319928
    ],
    [
      0.036235939407936346,
      0.751864112252815
    ],
    [
      0.036235939407936346,
      0.4403315664200017
    ],
    [
      0.036235939407936346,
      0.40252949398452764
    ],
    [
      0.049273749827093205,
      0.9545196193557591
    ],
    [
      0.049273749827093205,
      0.9034199706469626
    ],
    [
      0.049273749827093205,
      0.751864112252815
    ],
    [
      0.049273749827093205,
      0.4403315664200017
    ],
    [
      0.049273749827093205,
      0.40252949398452764
    ],
    [
      0.08513583996863827,
      0.9545196193557591
    ],
    [
      0.08513583996863827,
      0.9330738446319928
    ],
    [
      0.08513583996863827,
      0.9034199706469626
    ],
    [
      0.08513583996863827,
      0.751864112252815
    ],
    [
      0.09673343636169476,
      0.9545196193557591
    ],
    [
      0.09673343636169476,
      0.9330738446319928
    ],
    [
      0.09673343636169476,
      0.9034199706469626
    ],
    [
      0.09673343636169476,
      0.751864112252815
    ],
    [
      0.1199603418051189,
      0.9545196193557591
    ],
    [
      0.1199603418051189,
      0.751864112252815
    ],
    [
      0.1315579381981754,
      0.9034199706469626
    ],
    [
      0.17905629188199224,
      0.9545196193557591
    ],
    [
      0.17905629188199224,
      0.9330738446319928
    ],
    [
      0.17905629188199224,
      0.9034199706469626
    ],
    [
      0.21388079371847285,
      0.9330738446319928
    ],
    [
      0.2514620200914368,
      0.9545196193557591
    ],
    [
      0.2514620200914368,
      0.9330738446319928
    ],
    [
      0.2514620200914368,
      0.751864112252815
    ],
    [
      0.6664187389513869,
      0.9545196193557591
    ],
    [
      0.4101875164951435,
      0.9545196193557591
    ],
    [
      0.4101875164951435,
      0.9330738446319928
    ],
    [
      0.4101875164951435,
      0.9034199706469626
    ],
    [
      0.49905659419466597,
      0.9034199706469626
    ],
    [
      0.49905659419466597,
      0.6904709319494994
    ],
    [
      0.49905659419466597,
      0.40252949398452764
    ]
  ]
}