{
  "run_id": 9,
  "seed": 6009,
  "steps": 300,
  "n_eval": 20,
  "elapsed_s": 41.31890153884888,
  "hof_fitness": [
    [
      -873.5808967235932,
      0.14624605238242297
    ],
    [
      -825.8422405474992,
      0.14045614490149144
    ],
    [
      -824.7950319534808,
      0.1386961484614771
    ],
    [
      -823.6111184053786,
      0.1386908550263139
    ],
    [
      -823.095663406408,
      0.1386885508688005
    ],
    [
      -822.7567510284429,
      0.13868703605069402
    ],
    [
      -822.1725945113797,
      0.13868442539233247
    ],
    [
      -821.4632584050174,
      0.13868125582708318
    ],
    [
      -821.3767262903239,
      0.13868086921098652
    ],
    [
      -819.5182154819142,
      0.13867256768967748
    ],
    [
      -813.7075539525526,
      0.1331862611624774
    ],
    [
      -813.6909120314526,
      0.1331861592032424
    ],
    [
      -812.0141888923149,
      0.13317588931776467
    ],
    [
      -811.7872510452324,
      0.13207400390243024
    ],
    [
      -808.4223086457912,
      0.1320523818611661
    ],
    [
      -807.0525520739706,
      0.1290769035110742
    ],
    [
      -807.0360448792358,
      0.12907678458488764
    ],
    [
      -804.4695021013682,
      0.12905830238078692
    ],
    [
      -803.6905979142628,
      0.12905269665682345
    ],
    [
      -801.8717031129439,
      0.12903961220909194
    ],
    [
      -798.8232867765417,
      0.12313178387572868
    ],
    [
      -789.490777468278,
      0.11530691401347619
    ],
    [
      -789.1026138853035,
      0.11494451734977766
    ],
    [
      -789.0864702850554,
      0.11494435402332055
    ],
    [
      -788.7103889902442,
      0.11459124412773655
    ],
    [
      -788.6942533403602,
      0.11459108000495413
    ],
    [
      -788.3296517643192,
      0.11424689252213535
    ],
    [
      -788.3135238322593,
      0.11424672764179175
    ],
    [
      -787.9598441141575,
      0.11391112058102652
    ],
    [
      -787.9437236786689,
      0.11391095498017585
    ],
    [
      -787.6004483595066,
      0.11358360683781561
    ],
    [
      -787.584335209815,
      0.11358344055184406
    ],
    [
      -787.2509834322386,
      0.11326404863133706
    ],
    [
      -787.234877367304,
      0.11326388169412031
    ],
    [
      -786.9110015121,
      0.11295216059904196
    ],
    [
      -786.8949023399401,
      0.112951993043046
    ],
    [
      -781.9007518419461,
      0.10828181971497888
    ],
    [
      -781.2730761484473,
      0.10767233478821754
    ],
    [
      -781.2570913235136,
      0.10767215973522079
    ],
    [
      -779.6520198396206,
      0.10765459017197228
    ],
    [
      -779.6465742325562,
      0.1076545305894308
    ],
    [
      -778.771769826613,
      0.10764496134193872
    ],
    [
      -778.1890516211897,
      0.1047522329995874
    ],
    [
      -778.1731293881678,
      0.1047520569692055
    ],
    [
      -777.1102356567368,
      0.10375289792639801
    ],
    [
      -776.2122245786721,
      0.10290040227536194
    ],
    [
      -776.1963424858658,
      0.10290022729728258
    ],
    [
      -775.4116490613598,
      0.10217443930700217
    ],
    [
      -772.6401855651857,
      0.09966613124692843
    ],
    [
      -772.6243760499694,
      0.09966596260971543
    ],
    [
      -772.5295887409974,
      0.09956949187490748
    ],
    [
      -772.5137814739754,
      0.09956932354298947
    ],
    [
      -770.0560675864034,
      0.09954317674179737
    ],
    [
      -769.3101927580503,
      0.09953525162034603
    ],
    [
      -767.5684308291058,
      0.09951676302601847
    ]
  ],
  "hall_of_fame": [
    [
      0.0007056088131713358,
      0.9979563196420602
    ],
    [
      0.9907093136250276,
      0.5837488968362116
    ],
    [
      0.9879155933541218,
      0.9979563196420602
    ],
    [
      0.9879155933541218,
      0.8545026468859989
    ],
    [
      0.9879155933541218,
      0.7920437829357857
    ],
    [
      0.9879155933541218,
      0.7509764399089986
    ],
    [
      0.9879155933541218,
      0.6801908722433831
    ],
    [
      0.9879155933541218,
      0.5942348303930012
    ],
    [
      0.9879155933541218,
      0.5837488968362116
    ],
    [
      0.9879155933541218,
      0.3585282686775275
    ],
    [
      0.023278644750211575,
      1.0
    ],
    [
      0.023278644750211575,
      0.9979563196420602
    ],
    [
      0.023278644750211575,
      0.7920437829357857
    ],
    [
      0.026072365021117337,
      0.9979563196420602
    ],
    [
      0.026072365021117337,
      0.5837488968362116
    ],
    [
      0.9653425574170816,
      1.0
    ],
    [
      0.9653425574170816,
      0.9979563196420602
    ],
    [
      0.9653425574170816,
      0.6801908722433831
    ],
    [
      0.9653425574170816,
      0.5837488968362116
    ],
    [
      0.9653425574170816,
      0.3585282686775275
    ],
    [
      0.9427695214800415,
      1.0
    ],
    [
      0.8965580309306341,
      0.9979563196420602
    ],
    [
      0.8937643106597284,
      1.0
    ],
    [
      0.8937643106597284,
      0.9979563196420602
    ],
    [
      0.8909705903888226,
      1.0
    ],
    [
      0.8909705903888226,
      0.9979563196420602
    ],
    [
      0.8881768701179169,
      1.0
    ],
    [
      0.8881768701179169,
      0.9979563196420602
    ],
    [
      0.8853831498470112,
      1.0
    ],
    [
      0.8853831498470112,
      0.9979563196420602
    ],
    [
      0.8825894295761054,
      1.0
    ],
    [
      0.8825894295761054,
      0.9979563196420602
    ],
    [
      0.8797957093051997,
      1.0
    ],
    [
      0.8797957093051997,
      0.9979563196420602
    ],
    [
      0.8770019890342939,
      1.0
    ],
    [
      0.8770019890342939,
      0.9979563196420602
    ],
    [
      0.17489076614210985,
      0.9979563196420602
    ],
    [
      0.18349382075819456,
      1.0
    ],
    [
      0.18349382075819456,
      0.9979563196420602
    ],
    [
      0.18349382075819456,
      0.792740050151714
    ],
    [
      0.18349382075819456,
      0.7920437829357857
    ],
    [
      0.18349382075819456,
      0.6801908722433831
    ],
    [
      0.7657663153057706,
      1.0
    ],
    [
      0.7657663153057706,
      0.9979563196420602
    ],
    [
      0.7431932793687304,
      0.9979563196420602
    ],
    [
      0.7206202434316902,
      1.0
    ],
    [
      0.7206202434316902,
      0.9979563196420602
    ],
    [
      0.69804720749465,
      0.9979563196420602
    ],
    [
      0.5433975395458545,
      1.0
    ],
    [
      0.5433975395458545,
      0.9979563196420602
    ],
    [
      0.5164664941557322,
      1.0
    ],
    [
      0.5164664941557322,
      0.9979563196420602
    ],
    [
      0.5164664941557322,
      0.6801908722433831
    ],
    [
      0.5164664941557322,
      0.5837488968362116
    ],
    [
      0.5164664941557322,
      0.3585282686775275
    ]
  ]
}