{
  "run_id": 6,
  "seed": 6006,
  "steps": 300,
  "n_eval": 20,
  "elapsed_s": 38.49719214439392,
  "hof_fitness": [
    [
      -997.1590012320569,
      0.08693058577591667
    ]
  ],
  "hall_of_fame": [
    [
      1.0,
      0.9834587497688435
    ]
  ]
}