{
  "run_id": 2,
  "seed": 6002,
  "steps": 300,
  "n_eval": 20,
  "elapsed_s": 40.86436891555786,
  "hof_fitness": [
    [
      -826.4868206545309,
      0.13947178929186438
    ],
    [
      -825.5380569954217,
      0.13946779516913696
    ],
    [
      -825.0618656667663,
      0.13946579084351413
    ],
    [
      -824.6702091317896,
      0.13946414250827358
    ],
    [
      -823.9231319062452,
      0.1394609987836703
    ],
    [
      -823.9143807181606,
      0.13946096196183183
    ],
    [
      -823.0857031604717,
      0.13945747554751603
    ],
    [
      -822.2804389514661,
      0.1394540883223106
    ],
    [
      -822.1768628561589,
      0.13945365269368554
    ],
    [
      -818.6363128572901,
      0.13943876827011806
    ],
    [
      -795.1269194821683,
      0.12230796175123035
    ],
    [
      -794.3184684724315,
      0.12230089288310515
    ],
    [
      -794.1919861550415,
      0.11954548989959908
    ],
    [
      -793.2799282034904,
      0.11953699723029845
    ],
    [
      -791.9308634696444,
      0.11761798025561725
    ],
    [
      -791.0213775061222,
      0.1176091875775896
    ],
    [
      -790.1894584970922,
      0.11760114785632943
    ],
    [
      -788.6705533938598,
      0.1175864765886683
    ],
    [
      -788.5957129278507,
      0.11466782358759615
    ],
    [
      -787.6900215684942,
      0.11465862502531228
    ],
    [
      -786.8615736258613,
      0.11465021436067732
    ],
    [
      -785.3490061672093,
      0.1146348666289851
    ],
    [
      -784.7675358605234,
      0.11115077328858898
    ],
    [
      -783.866201693711,
      0.11114119157352424
    ],
    [
      -783.0417394348548,
      0.1111324308559218
    ],
    [
      -782.3236974328009,
      0.11112480391641406
    ],
    [
      -781.5364492265804,
      0.11111644504216507
    ],
    [
      -781.4938753330424,
      0.10806882756063921
    ],
    [
      -779.775216578115,
      0.10805006329645254
    ],
    [
      -779.0684237045278,
      0.10804235167523106
    ],
    [
      -779.06014440852,
      0.10804226135979952
    ],
    [
      -777.3378849022332,
      0.10413615521371566
    ],
    [
      -776.4450138143874,
      0.10412628997346138
    ],
    [
      -775.6282930308261,
      0.10411727094830539
    ],
    [
      -775.5512241213293,
      0.1024696621617143
    ],
    [
      -774.6603899244933,
      0.10245987251850815
    ],
    [
      -773.144072284805,
      0.10244322275908255
    ],
    [
      -772.8728535756632,
      0.10004261480081338
    ],
    [
      -772.460054553765,
      0.09967942759200563
    ],
    [
      -771.572746464843,
      0.0996699650479511
    ],
    [
      -770.7611143383964,
      0.09966131527912149
    ],
    [
      -770.0624309064756,
      0.09965387362439616
    ],
    [
      -769.2792499070854,
      0.09964553681551938
    ],
    [
      -768.5261510624971,
      0.099637525034197
    ],
    [
      -765.1181077512994,
      0.09960132770679421
    ]
  ],
  "hall_of_fame": [
    [
      0.989181907148766,
      0.9744395664890848
    ],
    [
      0.989181907148766,
      0.8597381323157371
    ],
    [
      0.989181907148766,
      0.8021673661804832
    ],
    [
      0.989181907148766,
      0.7548160756624744
    ],
    [
      0.989181907148766,
      0.6644927959402472
    ],
    [
      0.989181907148766,
      0.6634347455106627
    ],
    [
      0.989181907148766,
      0.5632433031852011
    ],
    [
      0.989181907148766,
      0.4658801643134659
    ],
    [
      0.989181907148766,
      0.4533567748850639
    ],
    [
      0.989181907148766,
      0.02524434817697696
    ],
    [
      0.9390439057832705,
      0.6644927959402472
    ],
    [
      0.9390439057832705,
      0.5632433031852011
    ],
    [
      0.07548944636013966,
      0.9744395664890848
    ],
    [
      0.07548944636013966,
      0.8597381323157371
    ],
    [
      0.0872048048612537,
      0.9744395664890848
    ],
    [
      0.0872048048612537,
      0.8597381323157371
    ],
    [
      0.0872048048612537,
      0.7548160756624744
    ],
    [
      0.0872048048612537,
      0.5632433031852011
    ],
    [
      0.10840134945535274,
      0.9744395664890848
    ],
    [
      0.10840134945535274,
      0.8597381323157371
    ],
    [
      0.10840134945535274,
      0.7548160756624744
    ],
    [
      0.10840134945535274,
      0.5632433031852011
    ],
    [
      0.14054343362951072,
      0.9744395664890848
    ],
    [
      0.14054343362951072,
      0.8597381323157371
    ],
    [
      0.14054343362951072,
      0.7548160756624744
    ],
    [
      0.14054343362951072,
      0.6634347455106627
    ],
    [
      0.14054343362951072,
      0.5632433031852011
    ],
    [
      0.8221933254582332,
      0.9744395664890848
    ],
    [
      0.8221933254582332,
      0.7548160756624744
    ],
    [
      0.8221933254582332,
      0.6644927959402472
    ],
    [
      0.8221933254582332,
      0.6634347455106627
    ],
    [
      0.2476753009776529,
      0.9744395664890848
    ],
    [
      0.2476753009776529,
      0.8597381323157371
    ],
    [
      0.2476753009776529,
      0.7548160756624744
    ],
    [
      0.7077412201786649,
      0.9744395664890848
    ],
    [
      0.7077412201786649,
      0.8597381323157371
    ],
    [
      0.7077412201786649,
      0.6644927959402472
    ],
    [
      0.4102252827152867,
      0.9744395664890848
    ],
    [
      0.5462491535165114,
      0.9744395664890848
    ],
    [
      0.5462491535165114,
      0.8597381323157371
    ],
    [
      0.5462491535165114,
      0.7548160756624744
    ],
    [
      0.5462491535165114,
      0.6644927959402472
    ],
    [
      0.5462491535165114,
      0.5632433031852011
    ],
    [
      0.5462491535165114,
      0.4658801643134659
    ],
    [
      0.5462491535165114,
      0.02524434817697696
    ]
  ]
}