{
  "run_id": 5,
  "seed": 6005,
  "steps": 300,
  "n_eval": 20,
  "elapsed_s": 37.85920166969299,
  "hof_fitness": [
    [
      -997.255563388507,
      0.0869305857758995
    ]
  ],
  "hall_of_fame": [
    [
      1.0,
      0.993237712331896
    ]
  ]
}