{
  "run_id": 3,
  "seed": 6003,
  "steps": 300,
  "n_eval": 20,
  "elapsed_s": 39.36019730567932,
  "hof_fitness": [
    [
      -822.0851847195843,
      0.137689786069554
    ],
    [
      -822.0385254946088,
      0.1376895622638735
    ],
    [
      -821.3202280515177,
      0.13768611724070293
    ],
    [
      -821.1736520379798,
      0.13768541433186646
    ],
    [
      -820.812659381107,
      0.13768368330379574
    ],
    [
      -819.4094769335912,
      0.1376769564126268
    ],
    [
      -819.0979971512278,
      0.1376754635232822
    ],
    [
      -818.9375889611932,
      0.1376746947538819
    ],
    [
      -817.896405176875,
      0.13766970562019326
    ],
    [
      -817.0940339361388,
      0.13766586180096968
    ],
    [
      -815.5173041250277,
      0.13765831083015398
    ],
    [
      -813.3718740252519,
      0.1332633948818907
    ],
    [
      -812.5160258209731,
      0.13325817183983163
    ],
    [
      -810.7702612409134,
      0.13324752231306497
    ],
    [
      -810.5352900118919,
      0.13156441770575222
    ],
    [
      -810.4892796512248,
      0.13156411571976134
    ],
    [
      -809.6364336860169,
      0.13155851896735762
    ],
    [
      -807.8967933418133,
      0.13154710765324276
    ],
    [
      -807.5896455141407,
      0.13154509358478145
    ],
    [
      -806.4047652615009,
      0.13153732588582107
    ],
    [
      -802.2690419969387,
      0.1260427522899134
    ],
    [
      -802.22349615352,
      0.12604239100528597
    ],
    [
      -801.3792605795659,
      0.12603569536960316
    ],
    [
      -801.0268822049095,
      0.1260329012831118
    ],
    [
      -800.5467905095297,
      0.12602909512407273
    ],
    [
      -799.6571844719655,
      0.12602204415459878
    ],
    [
      -799.3531378535788,
      0.12601963483710618
    ],
    [
      -799.2293164506792,
      0.12601865373384508
    ],
    [
      -798.1802213736229,
      0.1260103430200698
    ],
    [
      -797.3969989760774,
      0.1260041406256107
    ],
    [
      -790.3593409838146,
      0.11643095603570949
    ],
    [
      -790.3144647443917,
      0.11643051294070612
    ],
    [
      -789.6236158644756,
      0.11642369282090217
    ],
    [
      -789.4826410865759,
      0.11642230136456314
    ],
    [
      -787.7858838605699,
      0.11640556082393778
    ],
    [
      -787.7077709116385,
      0.11409644552768314
    ],
    [
      -787.0191796499435,
      0.11408939363829426
    ],
    [
      -786.8786655678755,
      0.11408795490826958
    ],
    [
      -786.5326025660794,
      0.11408441195825407
    ],
    [
      -786.1877616163439,
      0.11266483927714921
    ],
    [
      -786.1431200704487,
      0.11266437306011819
    ],
    [
      -783.6277636528705,
      0.11263812006078204
    ],
    [
      -781.4124584015773,
      0.11261502520952058
    ],
    [
      -780.2973423000277,
      0.10717550572008024
    ],
    [
      -779.4759693272571,
      0.10716649090311343
    ],
    [
      -777.8005302287569,
      0.10714811536702258
    ],
    [
      -776.4247357982499,
      0.10351717645952865
    ],
    [
      -773.9402183147193,
      0.10348977486309736
    ],
    [
      -772.5103321283297,
      0.10347402457648354
    ],
    [
      -772.2876266639764,
      0.09974864177364882
    ],
    [
      -772.1138506663191,
      0.09955864114259104
    ],
    [
      -772.0700019915743,
      0.09955817440559954
    ],
    [
      -771.3949721513526,
      0.09955099123997616
    ],
    [
      -771.2572254467724,
      0.09954952591067424
    ],
    [
      -770.4557767116675,
      0.09954100336609574
    ],
    [
      -769.5993219332871,
      0.09953190183048675
    ],
    [
      -769.306605831838,
      0.09952879254591389
    ],
    [
      -768.1773998328499,
      0.09951680461920918
    ],
    [
      -767.4233661814213,
      0.09950880554316008
    ],
    [
      -765.9416271394748,
      0.09949310051176413
    ]
  ],
  "hall_of_fame": [
    [
      0.9861726544741569,
      0.947213179566569
    ],
    [
      0.9861726544741569,
      0.9415439588510607
    ],
    [
      0.9861726544741569,
      0.8542678377147956
    ],
    [
      0.9861726544741569,
      0.8364579992689265
    ],
    [
      0.9861726544741569,
      0.7925949381256548
    ],
    [
      0.9861726544741569,
      0.6220939678573656
    ],
    [
      0.9861726544741569,
      0.5842449715235735
    ],
    [
      0.9861726544741569,
      0.5647530664679298
    ],
    [
      0.9861726544741569,
      0.4382318378301606
    ],
    [
      0.9861726544741569,
      0.34072748179800927
    ],
    [
      0.9861726544741569,
      0.14911567622955824
    ],
    [
      0.976914830055871,
      0.9415439588510607
    ],
    [
      0.976914830055871,
      0.8364579992689265
    ],
    [
      0.976914830055871,
      0.6220939678573656
    ],
    [
      0.9725871294453414,
      0.947213179566569
    ],
    [
      0.9725871294453414,
      0.9415439588510607
    ],
    [
      0.9725871294453414,
      0.8364579992689265
    ],
    [
      0.9725871294453414,
      0.6220939678573656
    ],
    [
      0.9725871294453414,
      0.5842449715235735
    ],
    [
      0.9725871294453414,
      0.4382318378301606
    ],
    [
      0.045129878781425936,
      0.947213179566569
    ],
    [
      0.045129878781425936,
      0.9415439588510607
    ],
    [
      0.045129878781425936,
      0.8364579992689265
    ],
    [
      0.045129878781425936,
      0.7925949381256548
    ],
    [
      0.045129878781425936,
      0.7328336578892597
    ],
    [
      0.045129878781425936,
      0.6220939678573656
    ],
    [
      0.045129878781425936,
      0.5842449715235735
    ],
    [
      0.045129878781425936,
      0.5688310552864525
    ],
    [
      0.045129878781425936,
      0.4382318378301606
    ],
    [
      0.045129878781425936,
      0.34072748179800927
    ],
    [
      0.9048029365265132,
      0.947213179566569
    ],
    [
      0.9048029365265132,
      0.9415439588510607
    ],
    [
      0.9048029365265132,
      0.8542678377147956
    ],
    [
      0.9048029365265132,
      0.8364579992689265
    ],
    [
      0.9048029365265132,
      0.6220939678573656
    ],
    [
      0.11302698994425031,
      0.9415439588510607
    ],
    [
      0.11302698994425031,
      0.8542678377147956
    ],
    [
      0.11302698994425031,
      0.8364579992689265
    ],
    [
      0.11302698994425031,
      0.7925949381256548
    ],
    [
      0.8744078045554556,
      0.947213179566569
    ],
    [
      0.8744078045554556,
      0.9415439588510607
    ],
    [
      0.8744078045554556,
      0.6220939678573656
    ],
    [
      0.8744078045554556,
      0.34072748179800927
    ],
    [
      0.8091484021875701,
      0.9415439588510607
    ],
    [
      0.8091484021875701,
      0.8364579992689265
    ],
    [
      0.8091484021875701,
      0.6220939678573656
    ],
    [
      0.26257276010206687,
      0.9415439588510607
    ],
    [
      0.26257276010206687,
      0.6220939678573656
    ],
    [
      0.26257276010206687,
      0.4382318378301606
    ],
    [
      0.5576861409195168,
      0.9415439588510607
    ],
    [
      0.4872680719749586,
      0.947213179566569
    ],
    [
      0.4872680719749586,
      0.9415439588510607
    ],
    [
      0.4872680719749586,
      0.8542678377147956
    ],
    [
      0.4872680719749586,
      0.8364579992689265
    ],
    [
      0.4872680719749586,
      0.7328336578892597
    ],
    [
      0.4872680719749586,
      0.6220939678573656
    ],
    [
      0.4872680719749586,
      0.5842449715235735
    ],
    [
      0.4872680719749586,
      0.4382318378301606
    ],
    [
      0.4872680719749586,
      0.34072748179800927
    ],
    [
      0.4872680719749586,
      0.14911567622955824
    ]
  ]
}