{
  "run_id": 4,
  "seed": 6004,
  "steps": 300,
  "n_eval": 20,
  "elapsed_s": 39.745991945266724,
  "hof_fitness": [
    [
      -809.7052811556258,
      0.13090028915061017
    ],
    [
      -809.5289197127895,
      0.1308991006985553
    ],
    [
      -809.2762042259451,
      0.13089739784203663
    ],
    [
      -808.2471308213954,
      0.1308904652202171
    ],
    [
      -807.5452314937687,
      0.13088573808891274
    ],
    [
      -807.3546450315894,
      0.13088445472819038
    ],
    [
      -806.3350630501099,
      0.13087759053988474
    ],
    [
      -803.164973581866,
      0.13085626360936825
    ],
    [
      -799.0664403702611,
      0.12345650714301733
    ],
    [
      -798.8923730368647,
      0.12345502525101967
    ],
    [
      -798.6429448946493,
      0.12345290196469123
    ],
    [
      -798.2910319878918,
      0.12344990661890295
    ],
    [
      -797.6272580307764,
      0.12344425796101706
    ],
    [
      -796.7463823485491,
      0.12343676406158748
    ],
    [
      -796.606104111639,
      0.12343557090783745
    ],
    [
      -795.9133592727247,
      0.12342967964565048
    ],
    [
      -795.7400642272753,
      0.123428206155176
    ],
    [
      -793.918470101213,
      0.11929268668041774
    ],
    [
      -793.7455133048458,
      0.11929106756199874
    ],
    [
      -793.2300881916254,
      0.11928624316265797
    ],
    [
      -793.1480088142326,
      0.11928547499364098
    ],
    [
      -792.488469820226,
      0.11927930343270668
    ],
    [
      -791.6132143716383,
      0.11927111598974478
    ],
    [
      -790.6133170282742,
      0.11926176631350274
    ],
    [
      -787.5044350566573,
      0.11923272153111537
    ],
    [
      -786.5947226891947,
      0.11922422974189398
    ],
    [
      -784.5339278313154,
      0.11090738368346702
    ],
    [
      -784.3629967371236,
      0.11090556149317352
    ],
    [
      -783.348343466125,
      0.1108947481498059
    ],
    [
      -782.6680520725536,
      0.11088750127055944
    ],
    [
      -782.2556725402122,
      0.11088310956628081
    ],
    [
      -781.2674871250621,
      0.11087258944920546
    ],
    [
      -781.1952583809888,
      0.10776044062956561
    ],
    [
      -780.7811478956611,
      0.10775590897492367
    ],
    [
      -780.517809502673,
      0.10775302777471099
    ],
    [
      -779.60402726718,
      0.10774303328348303
    ],
    [
      -778.926616088384,
      0.10773562735707247
    ],
    [
      -778.9252601397748,
      0.10560865085561197
    ],
    [
      -778.7555408399129,
      0.10560677682811696
    ],
    [
      -778.1692208776108,
      0.1056003041805565
    ],
    [
      -777.4774880289226,
      0.10462593757911695
    ],
    [
      -775.9544305346357,
      0.10335094716755133
    ],
    [
      -775.779431684998,
      0.10334901694273693
    ],
    [
      -774.8325023029224,
      0.1030601413621541
    ],
    [
      -773.7752656869069,
      0.10082397336671159
    ],
    [
      -772.9206247820445,
      0.100208822568532
    ],
    [
      -772.7095958027435,
      0.09985353523959367
    ],
    [
      -772.6846735530762,
      0.09985326859884175
    ],
    [
      -771.2926018609875,
      0.09983838311204835
    ],
    [
      -769.1658905358291,
      0.09955387495270386
    ]
  ],
  "hall_of_fame": [
    [
      0.9707599215691654,
      0.9779112658392077
    ],
    [
      0.9707599215691654,
      0.9561521471995972
    ],
    [
      0.9707599215691654,
      0.9249724019558568
    ],
    [
      0.9707599215691654,
      0.7980038512516148
    ],
    [
      0.9707599215691654,
      0.7114000570923503
    ],
    [
      0.9707599215691654,
      0.6878842184586142
    ],
    [
      0.9707599215691654,
      0.5620788560087875
    ],
    [
      0.9707599215691654,
      0.17089747097525465
    ],
    [
      0.9442353766105852,
      0.9779112658392077
    ],
    [
      0.9442353766105852,
      0.9561521471995972
    ],
    [
      0.9442353766105852,
      0.9249724019558568
    ],
    [
      0.9442353766105852,
      0.8809811129755121
    ],
    [
      0.9442353766105852,
      0.7980038512516148
    ],
    [
      0.9442353766105852,
      0.6878842184586142
    ],
    [
      0.9442353766105852,
      0.6703475188969469
    ],
    [
      0.9442353766105852,
      0.5837437247376824
    ],
    [
      0.9442353766105852,
      0.5620788560087875
    ],
    [
      0.07694401295158737,
      0.9779112658392077
    ],
    [
      0.07694401295158737,
      0.9561521471995972
    ],
    [
      0.07694401295158737,
      0.8913074716799433
    ],
    [
      0.07694401295158737,
      0.8809811129755121
    ],
    [
      0.07694401295158737,
      0.7980038512516148
    ],
    [
      0.07694401295158737,
      0.6878842184586142
    ],
    [
      0.07694401295158737,
      0.5620788560087875
    ],
    [
      0.07694401295158737,
      0.17089747097525465
    ],
    [
      0.07694401295158737,
      0.05642329092859366
    ],
    [
      0.8568734775980572,
      0.9779112658392077
    ],
    [
      0.8568734775980572,
      0.9561521471995972
    ],
    [
      0.8568734775980572,
      0.826986558427721
    ],
    [
      0.8568734775980572,
      0.7403827642684565
    ],
    [
      0.8568734775980572,
      0.6878842184586142
    ],
    [
      0.8568734775980572,
      0.5620788560087875
    ],
    [
      0.8178108896332728,
      0.9779112658392077
    ],
    [
      0.8178108896332728,
      0.9249724019558568
    ],
    [
      0.8178108896332728,
      0.8913074716799433
    ],
    [
      0.8178108896332728,
      0.7744880126178787
    ],
    [
      0.8178108896332728,
      0.6878842184586142
    ],
    [
      0.21733790645015083,
      0.9779112658392077
    ],
    [
      0.21733790645015083,
      0.9561521471995972
    ],
    [
      0.21733790645015083,
      0.8809811129755121
    ],
    [
      0.23676022050299173,
      0.9249724019558568
    ],
    [
      0.2667883417515925,
      0.903486146017451
    ],
    [
      0.2667883417515925,
      0.8809811129755121
    ],
    [
      0.2743871897387681,
      0.7980038512516148
    ],
    [
      0.35805580804200243,
      0.9779112658392077
    ],
    [
      0.39642755977630206,
      0.9561521471995972
    ],
    [
      0.42933666156292316,
      0.9811320656207785
    ],
    [
      0.42933666156292316,
      0.9779112658392077
    ],
    [
      0.42933666156292316,
      0.7980038512516148
    ],
    [
      0.4752409978030052,
      0.5620788560087875
    ]
  ]
}