{
  "run_id": 0,
  "seed": 6000,
  "steps": 300,
  "n_eval": 20,
  "elapsed_s": 40.06440567970276,
  "hof_fitness": [
    [
      -799.1630342672247,
      0.12365839219947153
    ],
    [
      -798.7671120732252,
      0.12365503943756288
    ],
    [
      -798.3244323414382,
      0.1236512913376209
    ],
    [
      -797.9155661771837,
      0.12364783010916143
    ],
    [
      -797.6275005624143,
      0.12364539184225712
    ],
    [
      -797.6051175779571,
      0.12364520239800987
    ],
    [
      -796.1098680896071,
      0.12124131760070207
    ],
    [
      -795.7154436982856,
      0.1212377768476641
    ],
    [
      -795.2744386781416,
      0.12123381861571567
    ],
    [
      -794.8448208046958,
      0.12122996327493345
    ],
    [
      -794.5578452195119,
      0.1212273883665242
    ],
    [
      -794.2421020191632,
      0.11968327775929959
    ],
    [
      -794.219854974612,
      0.11968307116995011
    ],
    [
      -792.6714811638923,
      0.11966869748785666
    ],
    [
      -792.4500869218388,
      0.1196666430311157
    ],
    [
      -791.0345980821162,
      0.11965351233356299
    ],
    [
      -791.0123534557647,
      0.11965330604492412
    ],
    [
      -789.1986592074412,
      0.11963649297933591
    ],
    [
      -788.1290840805393,
      0.11962658394445744
    ],
    [
      -788.1068416381769,
      0.11962637792745574
    ],
    [
      -786.3458404888607,
      0.11273960056265049
    ],
    [
      -785.9562084266095,
      0.11273553543497557
    ],
    [
      -785.54258966956,
      0.11273122088716932
    ],
    [
      -785.520561765965,
      0.11273099113351011
    ],
    [
      -784.8126753103893,
      0.11272360909757968
    ],
    [
      -784.5934557323702,
      0.11272132352794913
    ],
    [
      -783.1698448776984,
      0.11270648694729339
    ],
    [
      -780.292875259731,
      0.1126765349179643
    ],
    [
      -779.9331498985631,
      0.10671606641198994
    ],
    [
      -778.3272655859987,
      0.10519472845655646
    ],
    [
      -777.9415732350794,
      0.10519046731631847
    ],
    [
      -777.5103316072932,
      0.10518570411867005
    ],
    [
      -776.8899609143607,
      0.10384090587034973
    ],
    [
      -776.5049753048629,
      0.10383665367178294
    ],
    [
      -776.0745238914786,
      0.10383190053022366
    ],
    [
      -775.6769521381758,
      0.10382751160707611
    ],
    [
      -775.158474149412,
      0.10382178962493756
    ],
    [
      -775.1564533398724,
      0.10222809948394532
    ],
    [
      -774.7723204007418,
      0.10222388385179919
    ],
    [
      -774.3428223660007,
      0.10221917167106098
    ],
    [
      -774.0024187903842,
      0.10221543795791006
    ],
    [
      -773.9244144952139,
      0.10221458249056933
    ],
    [
      -773.6418255162357,
      0.1008472966438931
    ],
    [
      -773.2584378637201,
      0.10084313988548363
    ],
    [
      -772.4338516200954,
      0.10083420351549836
    ],
    [
      -772.4121770728398,
      0.10083396869239052
    ],
    [
      -772.1814756253676,
      0.09955176321025744
    ],
    [
      -772.1813430466771,
      0.09955164752661688
    ],
    [
      -771.7988068218239,
      0.09954769083160825
    ],
    [
      -771.7986743084074,
      0.09954757515697611
    ],
    [
      -771.3709458497165,
      0.09954313896845465
    ],
    [
      -771.3708134092833,
      0.09954302330390095
    ],
    [
      -770.6755783059399,
      0.09953563022529252
    ],
    [
      -770.4604089555492,
      0.09953345718724706
    ],
    [
      -770.4602766704352,
      0.09953334154418059
    ],
    [
      -769.0838739678478,
      0.09951883359784047
    ],
    [
      -769.0622415193993,
      0.09951860391246264
    ],
    [
      -767.3493332845815,
      0.099500429294952
    ],
    [
      -767.2984618651369,
      0.09949988990420831
    ],
    [
      -766.7300736902818,
      0.09949375058177012
    ],
    [
      -766.2366933516697,
      0.09948863687963304
    ],
    [
      -766.2365617870805,
      0.09948852133661162
    ]
  ],