{
  "run_id": 1,
  "seed": 6001,
  "steps": 300,
  "n_eval": 20,
  "elapsed_s": 38.505779504776,
  "hof_fitness": [
    [
      -807.5686455041467,
      0.12952308576868712
    ],
    [
      -807.1317193419092,
      0.1295199873482043
    ],
    [
      -807.1289858411222,
      0.12951996796533943
    ],
    [
      -805.7409807278163,
      0.12951012822480817
    ],
    [
      -805.3005344679224,
      0.12950700684966038
    ],
    [
      -804.9911423265326,
      0.1295048145237538
    ],
    [
      -804.7724369244211,
      0.12950326493995606
    ],
    [
      -804.6461874482119,
      0.129502370484272
    ],
    [
      -804.6434541705569,
      0.12950235111990233
    ],
    [
      -801.2395012284522,
      0.12509447604227386
    ],
    [
      -800.8032528029341,
      0.12509092053764165
    ],
    [
      -799.4260172698886,
      0.1250796997023929
    ],
    [
      -798.9889885452973,
      0.12507614030470957
    ],
    [
      -798.681997084775,
      0.12507364035567065
    ],
    [
      -798.3397188581821,
      0.12507085339832108
    ],
    [
      -798.3370067893065,
      0.1250708313170983
    ],
    [
      -797.8595765902681,
      0.1224972559168527
    ],
    [
      -797.8568755965857,
      0.1224972323674421
    ],
    [
      -797.4224507339947,
      0.12249344503699075
    ],
    [
      -794.9665143455405,
      0.12247204646715777
    ],
    [
      -791.9518805775328,
      0.12244580864988816
    ],
    [
      -790.8661851741566,
      0.12243636704540269
    ],
    [
      -790.3984873316809,
      0.11661474119183794
    ],
    [
      -788.7804659062326,
      0.11659882284267893
    ],
    [
      -788.469977002493,
      0.11451552678279979
    ],
    [
      -788.0406148183396,
      0.11451115546353223
    ],
    [
      -786.6851197349005,
      0.1144973609513887
    ],
    [
      -786.2549899478764,
      0.11449298545288104
    ],
    [
      -785.9555139967339,
      0.11448993954829563
    ],
    [
      -785.9528447105927,
      0.11448991240148647
    ],
    [
      -785.6133005486113,
      0.11448645948918852
    ],
    [
      -782.6338030056196,
      0.11445618356813266
    ],
    [
      -782.4668817260539,
      0.1089490765585676
    ],
    [
      -782.0434090417747,
      0.1089444804029784
    ],
    [
      -782.040759709289,
      0.10894445165174041
    ],
    [
      -780.2686104310014,
      0.10892522894185457
    ],
    [
      -779.968745465159,
      0.10892197806892964
    ],
    [
      -779.6344129558697,
      0.10891835414209416
    ],
    [
      -779.6317638458405,
      0.10891832543020948
    ],
    [
      -776.6774025147022,
      0.10888633035684483
    ],
    [
      -776.6747536770085,
      0.10888630169312959
    ],
    [
      -775.6098121863703,
      0.10887478097721419
    ],
    [
      -773.4202170204485,
      0.10086285753755561
    ],
    [
      -773.4175966753099,
      0.10086282912248604
    ],
    [
      -773.2594633626084,
      0.10051571558346488
    ],
    [
      -772.4484857090398,
      0.09963251554427714
    ],
    [
      -772.0303939658207,
      0.09962805951729119
    ],
    [
      -772.0277782977993,
      0.09962803164406896
    ],
    [
      -769.652009408788,
      0.09960273841569653
    ],
    [
      -769.6493939625179,
      0.09960271059671341
    ],
    [
      -766.7299616659492,
      0.09957169381151382
    ]
  ],
  "hall_of_fame": [
    [
      0.033271630590123724,
      0.9799422457920131
    ],
    [
      0.033271630590123724,
      0.9258927134697353
    ],
    [
      0.033271630590123724,
      0.9255545659291359
    ],
    [
      0.033271630590123724,
      0.7538475576124138
    ],
    [
      0.033271630590123724,
      0.6993592995758082
    ],
    [
      0.033271630590123724,
      0.6610834692464693
    ],
    [
      0.033271630590123724,
      0.6340265331434055
    ],
    [
      0.033271630590123724,
      0.6184076078292395
    ],
    [
      0.033271630590123724,
      0.6180694602886401
    ],
    [
      0.95116159284224,
      0.9799422457920131
    ],
    [
      0.95116159284224,
      0.9255545659291359
    ],
    [
      0.95116159284224,
      0.7538475576124138
    ],
    [
      0.95116159284224,
      0.6993592995758082
    ],
    [
      0.95116159284224,
      0.6610834692464693
    ],
    [
      0.95116159284224,
      0.6184076078292395
    ],
    [
      0.95116159284224,
      0.6180694602886401
    ],
    [
      0.06016217230274434,
      0.9802803933326125
    ],
    [
      0.06016217230274434,
      0.9799422457920131
    ],
    [
      0.06016217230274434,
      0.9255545659291359
    ],
    [
      0.06016217230274434,
      0.6180694602886401
    ],
    [
      0.06016217230274434,
      0.24060035690512227
    ],
    [
      0.06016217230274434,
      0.10464864555458353
    ],
    [
      0.09390275136368731,
      0.9255545659291359
    ],
    [
      0.09390275136368731,
      0.7211969783919655
    ],
    [
      0.8903753487499857,
      0.9799422457920131
    ],
    [
      0.8903753487499857,
      0.9255545659291359
    ],
    [
      0.8903753487499857,
      0.7538475576124138
    ],
    [
      0.8903753487499857,
      0.6993592995758082
    ],
    [
      0.8903753487499857,
      0.6614216167870688
    ],
    [
      0.8903753487499857,
      0.6610834692464693
    ],
    [
      0.8903753487499857,
      0.6180694602886401
    ],
    [
      0.8903753487499857,
      0.24060035690512227
    ],
    [
      0.16604516733741803,
      0.9799422457920131
    ],
    [
      0.16604516733741803,
      0.9258927134697353
    ],
    [
      0.16604516733741803,
      0.9255545659291359
    ],
    [
      0.16604516733741803,
      0.6993592995758082
    ],
    [
      0.16604516733741803,
      0.6610834692464693
    ],
    [
      0.16604516733741803,
      0.6184076078292395
    ],
    [
      0.16604516733741803,
      0.6180694602886401
    ],
    [
      0.16604516733741803,
      0.24093850444572174
    ],
    [
      0.16604516733741803,
      0.24060035690512227
    ],
    [
      0.16604516733741803,
      0.10464864555458353
    ],
    [
      0.3557998652746913,
      0.9258927134697353
    ],
    [
      0.3557998652746913,
      0.9255545659291359
    ],
    [
      0.37547688862920214,
      0.9554193861446317
    ],
    [
      0.5367667176143291,
      0.9799422457920131
    ],
    [
      0.5367667176143291,
      0.9258927134697353
    ],
    [
      0.5367667176143291,
      0.9255545659291359
    ],
    [
      0.5367667176143291,
      0.6184076078292395
    ],
    [
      0.5367667176143291,
      0.6180694602886401
    ],
    [
      0.5367667176143291,
      0.24060035690512227
    ]
  ]
}