{
  "run_id": 7,
  "seed": 6007,
  "steps": 300,
  "n_eval": 20,
  "elapsed_s": 35.01872658729553,
  "hof_fitness": [
    [
      -832.3008535276006,
      0.1425497715057052
    ],
    [
      -815.081103270986,
      0.13395756524327448
    ],
    [
      -814.8190808062863,
      0.13395601635693308
    ],
    [
      -813.3111498121526,
      0.13394710506088353
    ],
    [
      -812.9806533012814,
      0.13394515252067943
    ],
    [
      -812.5595176845508,
      0.13394266478944553
    ],
    [
      -811.8329403162699,
      0.13393837353221866
    ],
    [
      -810.1566021180602,
      0.13392847662735802
    ],
    [
      -807.8334354158447,
      0.12959136814230954
    ],
    [
      -807.5737191741409,
      0.1295895306254596
    ],
    [
      -806.4581715338104,
      0.1295816399262777
    ],
    [
      -806.0790607868462,
      0.12957895903298852
    ],
    [
      -805.7514733454135,
      0.12957664277558784
    ],
    [
      -804.6138628986317,
      0.12956860119308813
    ],
    [
      -802.9522810158857,
      0.12955686150560938
    ],
    [
      -799.6183754425837,
      0.12394265755506875
    ],
    [
      -798.5190886812069,
      0.12393341765190782
    ],
    [
      -798.1382941566625,
      0.1239302178592034
    ],
    [
      -797.8139016998608,
      0.1239274923840529
    ],
    [
      -797.0111658290115,
      0.12392074945175251
    ],
    [
      -796.6873867046002,
      0.12391803032350764
    ],
    [
      -795.0420114255226,
      0.12390421759933327
    ],
    [
      -794.4708051545532,
      0.11961069594568827
    ],
    [
      -794.2153426712816,
      0.11960831976715577
    ],
    [
      -791.6255792120736,
      0.11958424556148302
    ],
    [
      -791.3039667548851,
      0.11958125771221421
    ],
    [
      -790.5501528099118,
      0.11957425620124115
    ],
    [
      -790.1721356676738,
      0.11957074596979819
    ],
    [
      -789.6696023420986,
      0.11956608035649066
    ],
    [
      -786.7480540856582,
      0.11280233807349346
    ],
    [
      -786.4950517931737,
      0.11279969992440857
    ],
    [
      -784.9553202049569,
      0.11278365152596943
    ],
    [
      -783.930229702013,
      0.11277297377700317
    ],
    [
      -783.6117147494037,
      0.11276965707574886
    ],
    [
      -782.4907847577487,
      0.11275798887070602
    ],
    [
      -781.9930916398426,
      0.11275281020989339
    ],
    [
      -779.2074989883254,
      0.10594920634249963
    ],
    [
      -778.4743255750419,
      0.10502141201100976
    ],
    [
      -778.2239615437682,
      0.1050186447594055
    ],
    [
      -777.1485848420757,
      0.10500676349245204
    ],
    [
      -776.1118832543582,
      0.10280723682329465
    ],
    [
      -775.8622732305944,
      0.10280448814189298
    ],
    [
      -775.1649435782415,
      0.10279681162813994
    ],
    [
      -775.1597207454159,
      0.10279675414627817
    ],
    [
      -774.7953580026954,
      0.10279274450667694
    ],
    [
      -774.7901352381954,
      0.10279268703967068
    ],
    [
      -774.4257772611525,
      0.10278867843584585
    ],
    [
      -774.0811996898171,
      0.1009472225468901
    ],
    [
      -773.8322381023062,
      0.10094451955783353
    ],
    [
      -772.7628853538225,
      0.10093291509873854
    ],
    [
      -772.5360804515809,
      0.09957515704529611
    ],
    [
      -772.2876124700958,
      0.09957251108384947
    ],
    [
      -771.5882744157152,
      0.09956506653466944
    ],
    [
      -771.2203799179247,
      0.09956115189044396
    ],
    [
      -769.7687588925269,
      0.09954571671410545
    ],
    [
      -769.1610454219716,
      0.09953926008913744
    ],
    [
      -768.7617162611319,
      0.09953501911354556
    ],
    [
      -768.3623927742593,
      0.09953077952963187
    ],
    [
      -767.9630749589857,
      0.09952654133690884
    ],
    [
      -767.8663416435223,
      0.09952551485005447
    ],
    [
      -767.5637628129479,
      0.09952230453484329
    ],
    [
      -767.1644563337815,
      0.0995180691229234
    ],
    [
      -766.7651555191242,
      0.09951383510067059
    ],
    [
      -766.3658603666158,
      0.09950960246757275
    ],
    [
      -765.9665708738993,
      0.09950537122310689
    ],
    [
      -765.5672870386156,
      0.09950114136678971
    ]
  ],