{
  "run_id": 5,
  "seed": 58505,
  "pop": 50,
  "ngen": 15,
  "steps": 150,
  "base_seed": 7000,
  "elapsed_s": 5.525285720825195,
  "hof_fitness": [
    [
      -984.4636899938832,
      0.1231827976461521
    ],
    [
      -984.3902637119447,
      0.12318279764613678
    ]
  ],
  "hall_of_fame": [
    [
      1.0,
      0.9814354592594957
    ],
    [
      1.0,
      0.9739037529851846
    ]
  ]
}