{
  "run_id": 9,
  "seed": 58509,
  "pop": 50,
  "ngen": 15,
  "steps": 150,
  "base_seed": 7000,
  "elapsed_s": 5.55308198928833,
  "hof_fitness": [
    [
      -907.6315252099855,
      0.1429484591683673
    ],
    [
      -813.8561110005716,
      0.14269540573628323
    ],
    [
      -813.6012843787008,
      0.1426163159010526
    ],
    [
      -813.5100188173705,
      0.14258790578898442
    ],
    [
      -813.4718609723703,
      0.14258763723194878
    ],
    [
      -813.4634660735832,
      0.14258757814840184
    ],
    [
      -813.4565491523826,
      0.14258752946696196
    ],
    [
      -812.1529250904142,
      0.1425783554752177
    ],
    [
      -811.7502784683843,
      0.14257552230996448
    ],
    [
      -811.2470436880574,
      0.14186960594718886
    ],
    [
      -811.2006177273893,
      0.14186926500272176
    ],
    [
      -810.9411879197831,
      0.14186735984880622
    ],
    [
      -810.9216462847057,
      0.14186721634625252
    ],
    [
      -810.6853524822614,
      0.14168731549676433
    ],
    [
      -810.6389579966959,
      0.14168697135472838
    ],
    [
      -810.6320645899328,
      0.1416869202215246
    ],
    [
      -810.3601756884729,
      0.14168490348749954
    ],
    [
      -809.8033781806604,
      0.14139800430919236
    ],
    [
      -809.5131908161972,
      0.14130201113650995
    ],
    [
      -809.475216536007,
      0.14130172370406924
    ],
    [
      -809.4668620223724,
      0.14130166046793968
    ],
    [
      -809.4599783762666,
      0.1413016083650377
    ],
    [
      -808.7106685453108,
      0.14129593723390904
    ],
    [
      -808.5193533163417,
      0.14129448941546416
    ],
    [
      -808.1626259032276,
      0.14129178996366865
    ],
    [
      -807.7619164776337,
      0.141288757934047
    ],
    [
      -807.3953202601037,
      0.14058991205214835
    ],
    [
      -807.1327163713402,
      0.1405002612725131
    ],
    [
      -807.0948514704389,
      0.1404999635215042
    ],
    [
      -807.0865210207788,
      0.14049989801531024
    ],
    [
      -806.5825668439991,
      0.14031152258685323
    ],
    [
      -806.5447272269308,
      0.14031122256455866
    ],
    [
      -806.5364023398369,
      0.14031115655869036
    ],
    [
      -806.5127818007497,
      0.1402874937645962
    ],
    [
      -805.6811851967242,
      0.1399996732836188
    ],
    [
      -804.8604691829258,
      0.1397130332813831
    ],
    [
      -804.8227087230421,
      0.13971272645245547
    ],
    [
      -804.8144012509136,
      0.1397126589491362
    ],
    [
      -804.5569721391149,
      0.13971056725752062
    ],
    [
      -804.5527193306774,
      0.13962074056665424
    ],
    [
      -804.4418383392414,
      0.13956587845380122
    ],
    [
      -804.4040971249052,
      0.1395655700435192
    ],
    [
      -804.39579388689,
      0.13956550219231445
    ],
    [
      -804.3889524890126,
      0.13956544628687995
    ],
    [
      -804.1191149340841,
      0.1395632413595074
    ],
    [
      -803.7926640118382,
      0.13933647629164078
    ],
    [
      -803.4701958252042,
      0.13933381874567055
    ],
    [
      -801.7958576054584,
      0.13862236994784552
    ],
    [
      -801.749961590397,
      0.1386219823832219
    ],
    [
      -801.493493165434,
      0.1386198167667529
    ],
    [
      -801.474174599466,
      0.1386196536483728
    ],
    [
      -801.2082894427178,
      0.13861740872349088
    ],
    [
      -801.1397557677226,
      0.13861683011081968
    ],
    [
      -801.0008322488665,
      0.13861565725418146
    ],
    [
      -800.7495261432156,
      0.1386135357474298
    ],
    [
      -800.7000715155294,
      0.13822564852977648
    ],
    [
      -799.6747150661568,
      0.13785177099535686
    ],
    [
      -799.6195411077517,
      0.13783158699300488
    ],
    [
      -799.5820216708865,
      0.137831262745231
    ],
    [
      -799.5737672249902,
      0.13783119140984443
    ],
    [
      -798.8266314156438,
      0.13782473550442417
    ],
    [
      -798.4195295234252,
      0.137821218525106
    ],
    [
      -798.2851534872032,
      0.13782005775594078
    ],
    [
      -798.106091438054,
      0.1372756548349262
    ],
    [
      -798.060402511413,
      0.13727525444292374
    ],
    [
      -797.5211744996111,
      0.13727052948904042
    ],
    [
      -797.3446821017104,
      0.13726898319959124
    ],
    [
      -797.3146534171825,
      0.13726872012210664
    ],
    [
      -796.7741805348113,
      0.13726398563236578
    ],
    [
      -796.4327633550793,
      0.13665691584704023
    ],
    [
      -796.395390564613,
      0.1366565839634034
    ],
    [
      -796.3891806756933,
      0.13664075829171976
    ],
    [
      -796.3518098912667,
      0.13664042632174353
    ],
    [
      -796.3435881496265,
      0.13664035328753926
    ],
    [
      -796.0696248280533,
      0.13663791979949588
    ],
    [
      -796.0666057005303,
      0.13652111810603382
    ],
    [
      -794.9825029893873,
      0.13611852771663338
    ],
    [
      -794.9451969592254,
      0.1361181932453854
    ],
    [
      -794.9369894638357,
      0.13611811966094536
    ],
    [
      -794.6826584227605,
      0.13611583958479384
    ],
    [
      -794.6635008572947,
      0.13611566784779258
    ],
    [
      -794.1941033916946,
      0.13611146041623895
    ],
    [
      -793.8416634057415,
      0.13569447972568377
    ],
    [
      -793.8044099027713,
      0.13569414365165114
    ],
    [
      -793.7962139636177,
      0.1356940697146323
    ],
    [
      -793.7894609739661,
      0.1356940087949292
    ],
    [
      -793.5422410260821,
      0.1356917787201719
    ],
    [
      -793.5231104351036,
      0.13569160616132245
    ],
    [
      -793.0543739066253,
      0.13568737861753902
    ],
    [
      -792.9408707895559,
      0.13535979865573927
    ],
    [
      -792.3767046656397,
      0.1351504179279925
    ],
    [
      -792.3395186270175,
      0.1351500803964893
    ],
    [
      -792.3313375303464,
      0.13515000613887196
    ],
    [
      -792.3245967700661,
      0.13514994495502453
    ],
    [
      -792.0778245302184,
      0.13514770521945416
    ],
    [
      -792.0587285844583,
      0.1351475319137488
    ],
    [
      -791.7959074195229,
      0.13514514684164414
    ],
    [
      -791.6206581234906,
      0.13514355664784422
    ],
    [
      -791.5908409435399,
      0.13514328610369286
    ],
    [
      -791.3424309074785,
      0.13514103232840458
    ],
    [
      -791.0541749040962,
      0.13513841738825463
    ],
    [
      -790.7215146833015,
      0.13453807772785206
    ],
    [
      -790.560855438935,
      0.13447885584163236
    ],
    [
      -789.0977397729654,
      0.13394196405227657
    ],
    [
      -789.0607047956232,
      0.1339416259730187
    ],
    [
      -789.0525569331626,
      0.13394155159501986
    ],
    [
      -788.9712215033619,
      0.1339118527077078
    ],
    [
      -788.8628074878148,
      0.13385623394937937
    ],
    [
      -788.8257833369311,
      0.1338558959876913
    ],
    [
      -788.8176378563437,
      0.13385582163556345
    ],
    [
      -788.3171337401856,
      0.13367080807202605
    ],
    [
      -788.3089934171336,
      0.13367073379281805
    ],
    [
      -788.3022862520205,
      0.13367067259123475
    ],
    [
      -788.045306938009,
      0.13355915670690707
    ],
    [
      -788.0083204636567,
      0.13355881932994396
    ],
    [
      -788.0001832720867,
      0.13355874510649945
    ],
    [
      -787.9934786871389,
      0.13355868395085535
    ],
    [
      -787.7290373359397,
      0.13355627205512882
    ],
    [
      -787.2636607621372,
      0.13355202841864067
    ],
    [
      -787.0165839257512,
      0.1335497758790053
    ],
    [
      -786.9912727347229,
      0.1335495451419493
    ],
    [
      -786.7298749974764,
