{
  "run_id": 1,
  "seed": 58501,
  "pop": 50,
  "ngen": 15,
  "steps": 150,
  "base_seed": 7000,
  "elapsed_s": 5.486876010894775,
  "hof_fitness": [
    [
      -984.5460737414717,
      0.12318279764617326
    ],
    [
      -984.5460737414717,
      0.12318279764617326
    ],
    [
      -983.987988042631,
      0.12318279764614873
    ],
    [
      -983.987988042631,
      0.12318279764614873
    ],
    [
      -980.1216730413953,
      0.12318279764614784
    ],
    [
      -980.1216730413953,
      0.12318279764614784
    ],
    [
      -978.5794022901121,
      0.12318279764614196
    ],
    [
      -978.5794022901121,
      0.12318279764614196
    ]
  ],
  "hall_of_fame": [
    [
      1.0,
      0.9898859782322003
    ],
    [
      0.0,
      0.9898859782322003
    ],
    [
      0.0,
      0.9326402965973477
    ],
    [
      1.0,
      0.9326402965973477
    ],
    [
      1.0,
      0.5360527507784326
    ],
    [
      0.0,
      0.5360527507784326
    ],
    [
      1.0,
      0.3778542149518578
    ],
    [
      0.0,
      0.3778542149518578
    ]
  ]
}