{
  "run_id": 7,
  "seed": 58507,
  "pop": 50,
  "ngen": 15,
  "steps": 150,
  "base_seed": 7000,
  "elapsed_s": 5.576003074645996,
  "hof_fitness": [
    [
      -984.0177629188229,
      0.12318279764614623
    ]
  ],
  "hall_of_fame": [
    [
      0.0,
      0.9356944567139981
    ]
  ]
}