{
  "run_id": 15,
  "seed": 58515,
  "pop": 50,
  "ngen": 15,
  "steps": 150,
  "base_seed": 7000,
  "elapsed_s": 5.577488899230957,
  "hof_fitness": [
    [
      -984.6446749065778,
      0.12318279764616172
    ],
    [
      -984.5603757004026,
      0.12318279764616138
    ],
    [
      -984.3140803914224,
      0.12318279764612479
    ]
  ],
  "hall_of_fame": [
    [
      0.0,
      1.0
    ],
    [
      0.0,
      0.99135300272203
    ],
    [
      0.0,
      0.9660892432752369
    ]
  ]
}