{
  "run_id": 8,
  "seed": 58508,
  "pop": 50,
  "ngen": 15,
  "steps": 150,
  "base_seed": 7000,
  "elapsed_s": 5.5835583209991455,
  "hof_fitness": [
    [
      -984.6446749065778,
      0.12318279764616172
    ],
    [
      -984.5934155587622,
      0.12318279764614301
    ],
    [
      -984.2970608098598,
      0.12318279764613885
    ]
  ],
  "hall_of_fame": [
    [
      1.0,
      1.0
    ],
    [
      1.0,
      0.9947420686249467
    ],
    [
      1.0,
      0.9643434584439117
    ]
  ]
}