{
  "run_id": 12,
  "seed": 58512,
  "pop": 50,
  "ngen": 15,
  "steps": 150,
  "base_seed": 7000,
  "elapsed_s": 5.500565052032471,
  "hof_fitness": [
    [
      -984.6446749065778,
      0.12318279764616172
    ],
    [
      -984.345243645663,
      0.12318279764612736
    ]
  ],
  "hall_of_fame": [
    [
      1.0,
      1.0
    ],
    [
      1.0,
      0.9692858163726752
    ]
  ]
}