{
  "run_id": 2,
  "seed": 58502,
  "pop": 50,
  "ngen": 15,
  "steps": 150,
  "base_seed": 7000,
  "elapsed_s": 5.52072811126709,
  "hof_fitness": [
    [
      -984.6446749065778,
      0.12318279764616172
    ],
    [
      -984.452622463729,
      0.12318279764612691
    ]
  ],
  "hall_of_fame": [
    [
      1.0,
      1.0
    ],
    [
      1.0,
      0.9803002065390282
    ]
  ]
}