{
  "run_id": 6,
  "seed": 58506,
  "pop": 50,
  "ngen": 15,
  "steps": 150,
  "base_seed": 7000,
  "elapsed_s": 5.560520172119141,
  "hof_fitness": [
    [
      -984.6446749065778,
      0.12318279764616172
    ],
    [
      -984.5340346987298,
      0.12318279764616165
    ],
    [
      -984.3082395458505,
      0.12318279764613957
    ],
    [
      -983.0250723745263,
      0.12318279764613196
    ]
  ],
  "hall_of_fame": [
    [
      1.0,
      1.0
    ],
    [
      1.0,
      0.9886510725368081
    ],
    [
      1.0,
      0.9654901181108362
    ],
    [
      1.0,
      0.8338691510691378
    ]
  ]
}