{
  "run_id": 0,
  "seed": 58500,
  "pop": 50,
  "ngen": 15,
  "steps": 150,
  "base_seed": 7000,
  "elapsed_s": 5.53376317024231,
  "hof_fitness": [
    [
      -984.3947495784683,
      0.12318279764615747
    ],
    [
      -982.4852366182397,
      0.12318279764614917
    ],
    [
      -980.0409184685095,
      0.12318279764613475
    ]
  ],
  "hall_of_fame": [
    [
      0.0,
      0.974363891074215
    ],
    [
      0.0,
      0.7784954586353174
    ],
    [
      0.0,
      0.5277693445209781
    ]
  ]
}