{
  "run_id": 4,
  "seed": 58504,
  "pop": 50,
  "ngen": 15,
  "steps": 150,
  "base_seed": 7000,
  "elapsed_s": 5.532671928405762,
  "hof_fitness": [
    [
      -984.6446749065778,
      0.12318279764616172
    ]
  ],
  "hall_of_fame": [
    [
      0.0,
      1.0
    ]
  ]
}