{
  "run_id": 18,
  "seed": 7018,
  "strategy": "random",
  "steps": 1000,
  "n_eval": 5,
  "elapsed_s": 19.84741497039795,
  "hof_fitness": [
    [
      -759.8843680167457,
      0.060009710907921086
    ]
  ],
  "hall_of_fame": [
    [
      0.33875044317680125,
      0.6352289479009092
    ]
  ],
  "logbook": []
}