{
  "run_id": 1,
  "seed": 7001,
  "strategy": "random",
  "steps": 200,
  "n_eval": 5,
  "elapsed_s": 0.75742506980896,
  "hof_fitness": [
    [
      -797.507959316436,
      0.13147400729298905
    ],
    [
      -780.3884437906655,
      0.11855589452738483
    ],
    [
      -780.3884437906655,
      0.11855589452738483
    ],
    [
      -780.3884437906655,
      0.11855589452738483
    ],
    [
      -780.3884437906655,
      0.11855589452738483
    ],
    [
      -780.3884437906655,
      0.11855589452738483
    ],
    [
      -780.3884437906655,
      0.11855589452738483
    ],
    [
      -780.3884437906655,
      0.11855589452738483
    ],
    [
      -780.3884437906655,
      0.11855589452738483
    ],
    [
      -780.3884437906655,
      0.11855589452738483
    ],
    [
      -780.3884437906655,
      0.11855589452738483
    ],
    [
      -780.3884437906655,
      0.11855589452738483
    ],
    [
      -780.3884437906655,
      0.11855589452738483
    ],
    [
      -780.3884437906655,
      0.11855589452738483
    ],
    [
      -780.3884437906655,
      0.11855589452738483
    ],
    [
      -780.3884437906655,
      0.11855589452738483
    ],
    [
      -780.3884437906655,
      0.11855589452738483
    ],
    [
      -780.3884437906655,
      0.11855589452738483
    ],
    [
      -780.3884437906655,
      0.11855589452738483
    ],
    [
      -780.3884437906655,
      0.11855589452738483
    ],
    [
      -780.3884437906655,
      0.11855589452738483
    ],
    [
      -780.3884437906655,
      0.11855589452738483
    ],
    [
      -780.3884437906655,
      0.11855589452738483
    ],
    [
      -780.3884437906655,
      0.11855589452738483
    ],
    [
      -780.3884437906655,
      0.11855589452738483
    ],
    [
      -780.3884437906655,
      0.11855589452738483
    ],
    [
      -780.3884437906655,
      0.11855589452738483
    ],
    [
      -780.3884437906655,
      0.11855589452738483
    ],
    [
      -780.3884437906655,
      0.11855589452738483
    ],
    [
      -780.3884437906655,
      0.11855589452738483
    ],
    [
      -780.3884437906655,
      0.11855589452738483
    ],
    [
      -780.3884437906655,
      0.11855589452738483
    ],
    [
      -780.3884437906655,
      0.11855589452738483
    ],
    [
      -780.3884437906655,
      0.11855589452738483
    ],
    [
      -780.3884437906655,
      0.11855589452738483
    ],
    [
      -780.3884437906655,
      0.11855589452738483
    ],
    [
      -780.3884437906655,
      0.11855589452738483
    ],
    [
      -780.3884437906655,
      0.11855589452738483
    ],
    [
      -780.3884437906655,
      0.11855589452738483
    ],
    [
      -780.3884437906655,
      0.11855589452738483
    ],
    [
      -780.3884437906655,
      0.11855589452738483
    ],
    [
      -780.3884437906655,
      0.11855589452738483
    ],
    [
      -780.3884437906655,
      0.11855589452738483
    ],
    [
      -780.3884437906655,
      0.11855589452738483
    ],
    [
      -780.3884437906655,
      0.11855589452738483
    ],
    [
      -780.3884437906655,
      0.11855589452738483
    ],
    [
      -780.3884437906655,
      0.11855589452738483
    ],
    [
      -780.3884437906655,
      0.11855589452738483
    ],
    [
      -780.3884437906655,
      0.11855589452738483
    ],
    [
      -780.3884437906655,
      0.11855589452738483
    ],
    [
      -780.3884437906655,
      0.11855589452738483
    ],
    [
      -780.3884437906655,
      0.11855589452738483
    ],
    [
      -780.3884437906655,
      0.11855589452738483
    ],
    [
      -780.3884437906655,
      0.11855589452738483
    ],
    [
      -780.3884437906655,
      0.11855589452738483
    ],
    [
      -780.3884437906655,
      0.11855589452738483
    ],
    [
      -780.3884437906655,
      0.11855589452738483
    ],
    [
      -780.3884437906655,
      0.11855589452738483
    ],
    [
      -780.3884437906655,
      0.11855589452738483
    ],
    [
      -780.3884437906655,
      0.11855589452738483
    ]
  ],
  "hall_of_fame": [
    [
      0.11745487678440847,
      0.320691987386889
    ],
    [
      0.46395470385717796,
      0.9847929745795515
    ],
    [
      0.46395470385717796,
      0.9847929745795515
    ],
    [
      0.46395470385717796,
      0.9847929745795515
    ],
    [
      0.46395470385717796,
      0.9847929745795515
    ],
    [
      0.46395470385717796,
      0.9847929745795515
    ],
    [
      0.46395470385717796,
      0.9847929745795515
    ],
    [
      0.46395470385717796,
      0.9847929745795515
    ],
    [
      0.46395470385717796,
      0.9847929745795515
    ],
    [
      0.46395470385717796,
      0.9847929745795515
    ],
    [
      0.46395470385717796,
      0.9847929745795515
    ],
    [
      0.46395470385717796,
      0.9847929745795515
    ],
    [
      0.46395470385717796,
      0.9847929745795515
    ],
    [
      0.46395470385717796,
      0.9847929745795515
    ],
    [
      0.46395470385717796,
      0.9847929745795515
    ],
    [
      0.46395470385717796,
      0.9847929745795515
    ],
    [
      0.46395470385717796,
      0.9847929745795515
    ],
    [
      0.46395470385717796,
      0.9847929745795515
    ],
    [
      0.46395470385717796,
      0.9847929745795515
    ],
    [
      0.46395470385717796,
      0.9847929745795515
    ],
    [
      0.46395470385717796,
      0.9847929745795515
    ],
    [
      0.46395470385717796,
      0.9847929745795515
    ],
    [
      0.46395470385717796,
      0.9847929745795515
    ],
    [
      0.46395470385717796,
      0.9847929745795515
    ],
    [
      0.46395470385717796,
      0.9847929745795515
    ],
    [
      0.46395470385717796,
      0.9847929745795515
    ],
    [
      0.46395470385717796,
      0.9847929745795515
    ],
    [
      0.46395470385717796,
      0.9847929745795515
    ],
    [
      0.46395470385717796,
      0.9847929745795515
    ],
    [
      0.46395470385717796,
      0.9847929745795515
    ],
    [
      0.46395470385717796,
      0.9847929745795515
    ],
    [
      0.46395470385717796,
      0.9847929745795515
    ],
    [
      0.46395470385717796,
      0.9847929745795515
    ],
    [
      0.46395470385717796,
      0.9847929745795515
    ],
    [
      0.46395470385717796,
      0.9847929745795515
    ],
    [
      0.46395470385717796,
      0.9847929745795515
    ],
    [
      0.46395470385717796,
      0.9847929745795515
    ],
    [
      0.46395470385717796,
      0.9847929745795515
    ],
    [
      0.46395470385717796,
      0.9847929745795515
    ],
    [
      0.46395470385717796,
      0.9847929745795515
    ],
    [
      0.46395470385717796,
      0.9847929745795515
    ],
    [
      0.46395470385717796,
      0.9847929745795515
    ],
    [
      0.46395470385717796,
      0.9847929745795515
    ],
    [
      0.46395470385717796,
      0.9847929745795515
    ],
    [
      0.46395470385717796,
      0.9847929745795515
    ],
    [
      0.46395470385717796,
      0.9847929745795515
    ],
    [
      0.46395470385717796,
      0.9847929745795515
    ],
    [
      0.46395470385717796,
      0.9847929745795515
    ],
    [
      0.46395470385717796,
      0.9847929745795515
    ],
    [
      0.46395470385717796,
      0.9847929745795515
    ],
    [
      0.46395470385717796,
      0.9847929745795515
    ],
    [
      0.46395470385717796,
      0.9847929745795515
    ],
    [
      0.46395470385717796,
      0.9847929745795515
    ],
    [
      0.46395470385717796,
      0.9847929745795515
    ],
    [
      0.46395470385717796,
      0.9847929745795515
    ],
    [
      0.46395470385717796,
      0.9847929745795515
    ],
    [
      0.46395470385717796,
      0.9847929745795515
    ],
    [
      0.46395470385717796,
      0.9847929745795515
    ],
    [
      0.46395470385717796,
      0.9847929745795515
    ],
    [
      0.46395470385717796,
      0.9847929745795515
    ]
  ],
  "logbook": []
}