{
  "run_id": 0,
  "seed": 7000,
  "strategy": "random",
  "steps": 200,
  "n_eval": 5,
  "elapsed_s": 0.7425625324249268,
  "hof_fitness": [
    [
      -778.6184536230923,
      0.12041466042449986
    ],
    [
      -819.1145962558433,
      0.1410199801437913
    ],
    [
      -819.1145962558433,
      0.1410199801437913
    ],
    [
      -819.1145962558433,
      0.1410199801437913
    ],
    [
      -819.1145962558433,
      0.1410199801437913
    ],
    [
      -819.1145962558433,
      0.1410199801437913
    ],
    [
      -819.1145962558433,
      0.1410199801437913
    ],
    [
      -819.1145962558433,
      0.1410199801437913
    ],
    [
      -819.1145962558433,
      0.1410199801437913
    ],
    [
      -819.1145962558433,
      0.1410199801437913
    ],
    [
      -819.1145962558433,
      0.1410199801437913
    ],
    [
      -819.1145962558433,
      0.1410199801437913
    ],
    [
      -819.1145962558433,
      0.1410199801437913
    ],
    [
      -819.1145962558433,
      0.1410199801437913
    ],
    [
      -819.1145962558433,
      0.1410199801437913
    ],
    [
      -819.1145962558433,
      0.1410199801437913
    ],
    [
      -819.1145962558433,
      0.1410199801437913
    ],
    [
      -819.1145962558433,
      0.1410199801437913
    ],
    [
      -819.1145962558433,
      0.1410199801437913
    ],
    [
      -819.1145962558433,
      0.1410199801437913
    ],
    [
      -819.1145962558433,
      0.1410199801437913
    ],
    [
      -819.1145962558433,
      0.1410199801437913
    ],
    [
      -819.1145962558433,
      0.1410199801437913
    ],
    [
      -819.1145962558433,
      0.1410199801437913
    ],
    [
      -819.1145962558433,
      0.1410199801437913
    ],
    [
      -819.1145962558433,
      0.1410199801437913
    ],
    [
      -819.1145962558433,
      0.1410199801437913
    ],
    [
      -819.1145962558433,
      0.1410199801437913
    ],
    [
      -819.1145962558433,
      0.1410199801437913
    ],
    [
      -819.1145962558433,
      0.1410199801437913
    ],
    [
      -819.1145962558433,
      0.1410199801437913
    ],
    [
      -819.1145962558433,
      0.1410199801437913
    ],
    [
      -819.1145962558433,
      0.1410199801437913
    ],
    [
      -819.1145962558433,
      0.1410199801437913
    ],
    [
      -819.1145962558433,
      0.1410199801437913
    ],
    [
      -819.1145962558433,
      0.1410199801437913
    ],
    [
      -819.1145962558433,
      0.1410199801437913
    ],
    [
      -819.1145962558433,
      0.1410199801437913
    ],
    [
      -819.1145962558433,
      0.1410199801437913
    ],
    [
      -819.1145962558433,
      0.1410199801437913
    ],
    [
      -819.1145962558433,
      0.1410199801437913
    ],
    [
      -819.1145962558433,
      0.1410199801437913
    ],
    [
      -819.1145962558433,
      0.1410199801437913
    ],
    [
      -819.1145962558433,
      0.1410199801437913
    ],
    [
      -819.1145962558433,
      0.1410199801437913
    ],
    [
      -819.1145962558433,
      0.1410199801437913
    ],
    [
      -819.1145962558433,
      0.1410199801437913
    ],
    [
      -819.1145962558433,
      0.1410199801437913
    ],
    [
      -819.1145962558433,
      0.1410199801437913
    ],
    [
      -819.1145962558433,
      0.1410199801437913
    ],
    [
      -819.1145962558433,
      0.1410199801437913
    ],
    [
      -819.1145962558433,
      0.1410199801437913
    ],
    [
      -819.1145962558433,
      0.1410199801437913
    ],
    [
      -819.1145962558433,
      0.1410199801437913
    ],
    [
      -819.1145962558433,
      0.1410199801437913
    ],
    [
      -819.1145962558433,
      0.1410199801437913
    ],
    [
      -819.1145962558433,
      0.1410199801437913
    ],
    [
      -819.1145962558433,
      0.1410199801437913
    ],
    [
      -819.1145962558433,
      0.1410199801437913
    ],
    [
      -819.1145962558433,
      0.1410199801437913
    ]
  ],
  "hall_of_fame": [
    [
      0.32245340231603203,
      0.33955395652292353
    ],
    [
      0.9526566336312239,
      0.3557801533336886
    ],
    [
      0.9526566336312239,
      0.3557801533336886
    ],
    [
      0.9526566336312239,
      0.3557801533336886
    ],
    [
      0.9526566336312239,
      0.3557801533336886
    ],
    [
      0.9526566336312239,
      0.3557801533336886
    ],
    [
      0.9526566336312239,
      0.3557801533336886
    ],
    [
      0.9526566336312239,
      0.3557801533336886
    ],
    [
      0.9526566336312239,
      0.3557801533336886
    ],
    [
      0.9526566336312239,
      0.3557801533336886
    ],
    [
      0.9526566336312239,
      0.3557801533336886
    ],
    [
      0.9526566336312239,
      0.3557801533336886
    ],
    [
      0.9526566336312239,
      0.3557801533336886
    ],
    [
      0.9526566336312239,
      0.3557801533336886
    ],
    [
      0.9526566336312239,
      0.3557801533336886
    ],
    [
      0.9526566336312239,
      0.3557801533336886
    ],
    [
      0.9526566336312239,
      0.3557801533336886
    ],
    [
      0.9526566336312239,
      0.3557801533336886
    ],
    [
      0.9526566336312239,
      0.3557801533336886
    ],
    [
      0.9526566336312239,
      0.3557801533336886
    ],
    [
      0.9526566336312239,
      0.3557801533336886
    ],
    [
      0.9526566336312239,
      0.3557801533336886
    ],
    [
      0.9526566336312239,
      0.3557801533336886
    ],
    [
      0.9526566336312239,
      0.3557801533336886
    ],
    [
      0.9526566336312239,
      0.3557801533336886
    ],
    [
      0.9526566336312239,
      0.3557801533336886
    ],
    [
      0.9526566336312239,
      0.3557801533336886
    ],
    [
      0.9526566336312239,
      0.3557801533336886
    ],
    [
      0.9526566336312239,
      0.3557801533336886
    ],
    [
      0.9526566336312239,
      0.3557801533336886
    ],
    [
      0.9526566336312239,
      0.3557801533336886
    ],
    [
      0.9526566336312239,
      0.3557801533336886
    ],
    [
      0.9526566336312239,
      0.3557801533336886
    ],
    [
      0.9526566336312239,
      0.3557801533336886
    ],
    [
      0.9526566336312239,
      0.3557801533336886
    ],
    [
      0.9526566336312239,
      0.3557801533336886
    ],
    [
      0.9526566336312239,
      0.3557801533336886
    ],
    [
      0.9526566336312239,
      0.3557801533336886
    ],
    [
      0.9526566336312239,
      0.3557801533336886
    ],
    [
      0.9526566336312239,
      0.3557801533336886
    ],
    [
      0.9526566336312239,
      0.3557801533336886
    ],
    [
      0.9526566336312239,
      0.3557801533336886
    ],
    [
      0.9526566336312239,
      0.3557801533336886
    ],
    [
      0.9526566336312239,
      0.3557801533336886
    ],
    [
      0.9526566336312239,
      0.3557801533336886
    ],
    [
      0.9526566336312239,
      0.3557801533336886
    ],
    [
      0.9526566336312239,
      0.3557801533336886
    ],
    [
      0.9526566336312239,
      0.3557801533336886
    ],
    [
      0.9526566336312239,
      0.3557801533336886
    ],
    [
      0.9526566336312239,
      0.3557801533336886
    ],
    [
      0.9526566336312239,
      0.3557801533336886
    ],
    [
      0.9526566336312239,
      0.3557801533336886
    ],
    [
      0.9526566336312239,
      0.3557801533336886
    ],
    [
      0.9526566336312239,
      0.3557801533336886
    ],
    [
      0.9526566336312239,
      0.3557801533336886
    ],
    [
      0.9526566336312239,
      0.3557801533336886
    ],
    [
      0.9526566336312239,
      0.3557801533336886
    ],
    [
      0.9526566336312239,
      0.3557801533336886
    ],
    [
      0.9526566336312239,
      0.3557801533336886
    ],
    [
      0.9526566336312239,
      0.3557801533336886
    ]
  ],
  "logbook": []
}