{
  "run_id": 8,
  "seed": 7008,
  "strategy": "random",
  "steps": 1000,
  "n_eval": 5,
  "elapsed_s": 19.728281021118164,
  "hof_fitness": [
    [
      -761.5370817488129,
      0.062115236094841285
    ]
  ],
  "hall_of_fame": [
    [
      0.7554986273349402,
      0.7231248117353527
    ]
  ],
  "logbook": []
}