{
  "run_id": 15,
  "seed": 7015,
  "strategy": "nsga2",
  "steps": 1000,
  "n_eval": 5,
  "elapsed_s": 19.657514095306396,
  "hof_fitness": [
    [
      -778.3564329258642,
      0.09323277117316413
    ],
    [
      -778.0613923976741,
      0.09323109382983068
    ],
    [
      -777.8379240397054,
      0.0932298235604262
    ],
    [
      -777.7365789263281,
      0.09322924753094797
    ],
    [
      -777.4695588396555,
      0.093227729981419
    ],
    [
      -777.3526387783735,
      0.09151053020639151
    ],
    [
      -777.0579775410666,
      0.09150880128361101
    ],
    [
      -776.8347964647713,
      0.09150749195240913
    ],
    [
      -776.7335816366951,
      0.09150689820951566
    ],
    [
      -776.4754952158829,
      0.09150538437806163
    ],
    [
      -776.4669048212181,
      0.09150533399386622
    ],
    [
      -776.114742650262,
      0.09150326869998109
    ],
    [
      -775.8480676160067,
      0.09150170501479093
    ],
    [
      -775.5897696457449,
      0.09150019066313882
    ],
    [
      -775.464751966876,
      0.09149945778380679
    ],
    [
      -774.8380712634652,
      0.08696306120239901
    ],
    [
      -774.5443602469352,
      0.08696119590604078
    ],
    [
      -774.321898884751,
      0.08695978329792853
    ],
    [
      -774.2210104546859,
      0.08695914272208517
    ],
    [
      -773.9551936213422,
      0.08695745512523621
    ],
    [
      -773.604167110121,
      0.08695522692683763
    ],
    [
      -773.3383520576288,
      0.08695353990292042
    ],
    [
      -773.0808870567246,
      0.08695190610410013
    ],
    [
      -772.9562725405169,
      0.08695111541771613
    ],
    [
      -772.7215146245936,
      0.08694962600935649
    ],
    [
      -772.4640513470275,
      0.08694799276485018
    ],
    [
      -772.3107636564182,
      0.08694702047645339
    ],
    [
      -772.2065887884391,
      0.08694635975162758
    ],
    [
      -769.3633695793319,
      0.08692834105974123
    ],
    [
      -769.233289376378,
      0.07558023978109307
    ],
    [
      -768.9416970863601,
      0.07557806168418253
    ],
    [
      -768.7208404849328,
      0.07557641219864017
    ],
    [
      -768.6206798308475,
      0.0755756642086596
    ],
    [
      -768.356780516038,
      0.07557369363750874
    ],
    [
      -768.0082862062386,
      0.07557109183554116
    ],
    [
      -767.7443886703821,
      0.07556912196092834
    ],
    [
      -767.4887809556348,
      0.0755672142465948
    ],
    [
      -767.3650653780155,
      0.07556629100121777
    ],
    [
      -767.132000950996,
      0.07556455189984149
    ],
    [
      -766.8763949577451,
      0.07556264485945884
    ],
    [
      -766.7242130534318,
      0.07556150958265792
    ],
    [
      -766.620789682706,
      0.07556073810025528
    ],
    [
      -766.3696442457417,
      0.06918998873539113
    ],
    [
      -766.0791353087197,
      0.06918769907119783
    ],
    [
      -765.8590992575018,
      0.06918596511440052
    ],
    [
      -765.7593107314981,
      0.06918517882482718
    ],
    [
      -765.4963918863059,
      0.06918310737022274
    ],
    [
      -764.8862752778731,
      0.06917830173802389
    ],
    [
      -764.6673090973142,
      0.06532428436278243
    ],
    [
      -764.6662328835374,
      0.06532185268003446
    ],
    [
      -764.3763688677327,
      0.06531955290594416
    ],
    [
      -764.1568212906982,
      0.06531781131658591
    ],
    [
      -764.0572542927605,
      0.06531702157265935
    ],
    [
      -763.7949191214989,
      0.06531494103764676
    ],
    [
      -763.4495648592723,
      0.06531462574646944
    ],
    [
      -763.448490357933,
      0.06531219412839959
    ],
    [
      -763.1861569614487,
      0.06531011445169645
    ],
    [
      -762.9320642543319,
      0.06530810045057298
    ],
    [
      -762.8550117634509,
      0.061315646494482
    ],
    [
      -762.5658341044401,
      0.06131342982944545
    ],
    [
      -762.346806385282,
      0.061311751222439634
    ],
    [
      -762.2474751481524,
      0.06131099005134155
    ],
    [
      -762.0221187416078,
      0.05957684477604623
    ],
    [
      -761.7332569901155,
      0.05957471709062254
    ],
    [
      -761.6920459765731,
      0.05891697384621144
    ],
    [
      -761.6845437761331,
      0.05890220412484557
    ],
    [
      -761.6816223583535,
      0.05889645555759857
    ],
    [
      -761.3928898166441,
      0.058894376485357156
    ],
    [
      -761.1741992363867,
      0.058892802121171914
    ],
    [
      -761.0750208950947,
      0.05889208823311552
    ],
    [
      -760.8137097413079,
      0.058890207612899606
    ],
    [
      -760.7865000217239,
      0.05889001181360661
    ],
    [
      -760.468633252886,
      0.05888772481970837
    ],
    [
      -760.2073238682411,
      0.058885845233613024
    ],
    [
      -759.9542230061679,
      0.05888402511042866
    ],
    [
      -759.600942098679,
      0.058881485252820984
    ],
    [
      -759.3478429485991,
      0.05887966613033373
    ],
    [
      -759.197153562269,
      0.058878583262657144
    ],
    [
      -759.0947445127662,
      0.05887784742532719
    ],
    [
      -756.299719825881,
      0.05885779043329089
    ],
    [
      -755.8829295306789,
      0.058854803860155055
    ],
    [
      -755.6697029788248,
      0.05885327638420812
    ]
  ],