{
  "run_id": 1,
  "seed": 7001,
  "strategy": "nsga2",
  "steps": 1000,
  "n_eval": 5,
  "elapsed_s": 19.670357942581177,
  "hof_fitness": [
    [
      -776.446220792833,
      0.08916928606694545
    ],
    [
      -776.3831369323657,
      0.08916890009067244
    ],
    [
      -776.3289203414564,
      0.08916856837897007
    ],
    [
      -775.6495800448095,
      0.08916441281264278
    ],
    [
      -775.6282324964634,
      0.08916428225298914
    ],
    [
      -775.5461785013465,
      0.08916378043231499
    ],
    [
      -775.396043111714,
      0.08916286230106821
    ],
    [
      -774.9653561336144,
      0.0891602289088124
    ],
    [
      -774.944008743492,
      0.08916009839821976
    ],
    [
      -774.0614525479235,
      0.08915470406510626
    ],
    [
      -773.2007152223413,
      0.08914944555821021
    ],
    [
      -772.7879112316241,
      0.0891469244757998
    ],
    [
      -772.3714800704342,
      0.08914438180810906
    ],
    [
      -770.9425542551774,
      0.08913566131870759
    ],
    [
      -770.7118531542081,
      0.08913425401655432
    ],
    [
      -770.258365147646,
      0.08913148819749431
    ],
    [
      -770.0276657481456,
      0.089130081422283
    ],
    [
      -767.4817094790226,
      0.07078658861216294
    ],
    [
      -767.4193520463023,
      0.07078610162132733
    ],
    [
      -766.694242295149,
      0.07078044008629777
    ],
    [
      -766.5920314571666,
      0.07077964223832356
    ],
    [
      -766.4436249318002,
      0.0707784838779422
    ],
    [
      -766.1482790310858,
      0.06776365633656155
    ],
    [
      -766.0860297674814,
      0.06776316282997218
    ],
    [
      -765.9353201702714,
      0.067761968097831
    ],
    [
      -765.7871699713953,
      0.06776079376543144
    ],
    [
      -765.3621778403435,
      0.06775742561548179
    ],
    [
      -765.2601443046034,
      0.06775661711275666
    ],
    [
      -765.1119952160321,
      0.06775544328773811
    ],
    [
      -764.9510250622816,
      0.06504930437482627
    ],
    [
      -764.8888729708965,
      0.06504881143072697
    ],
    [
      -764.1661509918627,
      0.0650430808503487
    ],
    [
      -764.1451187557327,
      0.06504291412398762
    ],
    [
      -764.0642767329523,
      0.0650422732965577
    ],
    [
      -763.9163589088566,
      0.06504110085542839
    ],
    [
      -763.5298605366667,
      0.06189756296355298
    ],
    [
      -763.4678238702877,
      0.06189708294251919
    ],
    [
      -763.1699847579213,
      0.061894778665725195
    ],
    [
      -762.7464440873717,
      0.06189150277000606
    ],
    [
      -762.6447590235097,
      0.061890716437505974
    ],
    [
      -762.4971159040499,
      0.06188957481770443
    ],
    [
      -762.2927689929379,
      0.059307846898928505
    ],
    [
      -762.2308328926382,
      0.059307394338185236
    ],
    [
      -762.1286080379332,
      0.05920902177688856
    ],
    [
      -762.0894547487329,
      0.059025834574198396
    ],
    [
      -762.0893171376548,
      0.05890384191032143
    ],
    [
      -762.0273975862751,
      0.05890339576601683
    ],
    [
      -761.3073796498654,
      0.058898209691420136
    ],
    [
      -761.2058865507547,
      0.05889747893574988
    ],
    [
      -761.0585221573543,
      0.05889641802264302
    ],
    [
      -760.6357842337183,
      0.05889337540350842
    ],
    [
      -760.6148308462953,
      0.05889322462329148
    ],
    [
      -759.7485637898715,
      0.05888699345653854
    ],
    [
      -758.9037129930261,
      0.058880920993625095
    ],
    [
      -758.4985281109939,
      0.05887801030972263
    ],
    [
      -758.089783026983,
      0.05887507512046865
    ],
    [
      -756.6872310876371,
      0.05886501158781486
    ],
    [
      -756.4607880921748,
      0.05886338800762318
    ],
    [
      -756.0156702420686,
      0.05886019750321125
    ],
    [
      -755.7892289366516,
      0.058858574910656006
    ]
  ],
  "hall_of_fame": [
    [
      0.9843165959610201,
      1.0
    ],
    [
      0.9843165959610201,
      0.991821705914342
    ],
    [
      0.9843165959610201,
      0.9847929745795515
    ],
    [
      0.9843165959610201,
      0.8967217894051381
    ],
    [
      0.9843165959610201,
      0.8939542353057162
    ],
    [
      0.9843165959610201,
      0.8833165267460519
    ],
    [
      0.9843165959610201,
      0.863852532017842
    ],
    [
      0.9843165959610201,
      0.808016826235124
    ],
    [
      0.9843165959610201,
      0.8052492721357021
    ],
    [
      0.9843165959610201,
      0.6908308840653149
    ],
    [
      0.9843165959610201,
      0.5792401359847716
    ],
    [
      0.9843165959610201,
      0.5257215747629579
    ],
    [
      0.9843165959610201,
      0.4717325219967363
    ],
    [
      0.9843165959610201,
      0.28647472443971755
    ],
    [
      0.9843165959610201,
      0.25656445195380684
    ],
    [
      0.9843165959610201,
      0.19776976126970347
    ],
    [
      0.9843165959610201,
      0.16785948878379275
    ],
    [
      0.9030651507135562,
      1.0
    ],
    [
      0.9030651507135562,
      0.991821705914342
    ],
    [
      0.9030651507135562,
      0.8967217894051381
    ],
    [
      0.9030651507135562,
      0.8833165267460519
    ],
    [
      0.9030651507135562,
      0.863852532017842
    ],
    [
      0.13038653792873212,
      1.0
    ],
    [
      0.13038653792873212,
      0.991821705914342
    ],
    [
      0.13038653792873212,
      0.972021489916066
    ],
    [
      0.13038653792873212,
      0.952557495187856
    ],
    [
      0.13038653792873212,
      0.8967217894051381
    ],
    [
      0.13038653792873212,
      0.8833165267460519
    ],
    [
      0.13038653792873212,
      0.863852532017842
    ],
    [
      0.17300291324818995,
      1.0
    ],
    [
      0.17300291324818995,
      0.991821705914342
    ],
    [
      0.17300291324818995,
      0.8967217894051381
    ],
    [
      0.17300291324818995,
      0.8939542353057162
    ],
    [
      0.17300291324818995,
      0.8833165267460519
    ],
    [
      0.17300291324818995,
      0.863852532017842
    ],
    [
      0.252283123004721,
      1.0
    ],
    [
      0.252283123004721,
      0.991821705914342
    ],
    [
      0.252283123004721,
      0.952557495187856
    ],
    [
      0.252283123004721,
      0.8967217894051381
    ],
    [
      0.252283123004721,
      0.8833165267460519
    ],
    [
      0.252283123004721,
      0.863852532017842
    ],
    [
      0.4003811973343411,
      1.0
    ],
    [
      0.4003811973343411,
      0.991821705914342
    ],
    [
      0.4127235580451476,
      0.9847929745795515
    ],
    [
      0.4433691803546601,
      0.991821705914342
    ],
    [
      0.5141094105236856,
      1.0
    ],
    [
      0.5141094105236856,
      0.991821705914342
    ],
    [
      0.5141094105236856,
      0.8967217894051381
    ],
    [
      0.5141094105236856,
      0.8833165267460519
    ],
    [
      0.5141094105236856,
      0.863852532017842
    ],
    [
      0.5141094105236856,
      0.808016826235124
    ],
    [
      0.5141094105236856,
      0.8052492721357021
    ],
    [
      0.5141094105236856,
      0.6908308840653149
    ],
    [
      0.5141094105236856,
      0.5792401359847716
    ],
    [
      0.5141094105236856,
      0.5257215747629579
    ],
    [
      0.5141094105236856,
      0.4717325219967363
    ],
    [
      0.5141094105236856,
      0.28647472443971755
    ],
    [
      0.5141094105236856,
      0.25656445195380684
    ],
    [
      0.5141094105236856,
      0.19776976126970347
    ],
    [
      0.5141094105236856,
      0.16785948878379275
    ]
  ],
  "logbook": [
    {
      "gen": 0,
      "nevals": 30,
      "avg": [
        -760.207480139705,
        0.06206477507615848
      ],