{
  "run_id": 0,
  "seed": 7000,
  "strategy": "nsga2",
  "steps": 200,
  "n_eval": 5,
  "elapsed_s": 5.90342903137207,
  "hof_fitness": [
    [
      -875.666263319742,
      0.1465322882721393
    ],
    [
      -821.8062041600584,
      0.1410349578106951
    ],
    [
      -821.0444996085677,
      0.1410307187323639
    ],
    [
      -819.632469344642,
      0.14102286149721133
    ],
    [
      -819.1145962558433,
      0.1410199801437913
    ],
    [
      -818.8026143081667,
      0.14101824442232047
    ],
    [
      -816.7557893383268,
      0.13894467636053162
    ],
    [
      -813.2334115920255,
      0.13892189642386737
    ],
    [
      -812.4760075302942,
      0.13891700008809194
    ],
    [
      -801.0729842277237,
      0.13185112165788065
    ],
    [
      -800.6322425187204,
      0.13184722809125052
    ],
    [
      -800.0418139702052,
      0.13184201305374443
    ],
    [
      -798.9532912563051,
      0.13183240117848566
    ],
    [
      -798.4482939337801,
      0.1318279431141673
    ],
    [
      -798.1440688694181,
      0.13182525780264412
    ],
    [
      -797.400515067611,
      0.1318186957827725
    ],
    [
      -794.8792037169505,
      0.1278508244404335
    ],
    [
      -793.8379022498602,
      0.12784064377164867
    ],
    [
      -793.401085540628,
      0.12783637434759532
    ],
    [
      -793.1017487785974,
      0.12783344908082042
    ],
    [
      -791.7370867852442,
      0.12782011741425783
    ],
    [
      -789.8280201401503,
      0.12550079470375503
    ],
    [
      -789.0955347677804,
      0.12549334266585407
    ],
    [
      -787.737672912713,
      0.12547953486121322
    ],
    [
      -786.2063956123716,
      0.12546397388884895
    ],
    [
      -779.6793311412289,
      0.11990674621847268
    ],
    [
      -779.0712903961299,
      0.11914370246540554
    ],
    [
      -776.2217644849418,
      0.1191139124747844
    ]
  ],
  "hall_of_fame": [
    [
      0.9944270464214358,
      0.6804187143925294
    ],
    [
      0.9526566336312239,
      0.6804187143925294
    ],
    [
      0.9526566336312239,
      0.5885526104650273
    ],
    [
      0.9526566336312239,
      0.41824471222078585
    ],
    [
      0.9526566336312239,
      0.3557801533336886
    ],
    [
      0.9526566336312239,
      0.3181489418840432
    ],
    [
      0.9403989006349049,
      0.7458507792232276
    ],
    [
      0.9403989006349049,
      0.3181489418840432
    ],
    [
      0.9403989006349049,
      0.22617247041936683
    ],
    [
      0.11403713902919244,
      0.6804187143925294
    ],
    [
      0.11403713902919244,
      0.6259078671506872
    ],
    [
      0.11403713902919244,
      0.552881933854833
    ],
    [
      0.11403713902919244,
      0.41824471222078585
    ],
    [
      0.11403713902919244,
      0.3557801533336886
    ],
    [
      0.11403713902919244,
      0.3181489418840432
    ],
    [
      0.11403713902919244,
      0.22617247041936683
    ],
    [
      0.8406825938376093,
      0.8103590966206863
    ],
    [
      0.8406825938376093,
      0.6804187143925294
    ],
    [
      0.8406825938376093,
      0.6259078671506872
    ],
    [
      0.8406825938376093,
      0.5885526104650273
    ],
    [
      0.8406825938376093,
      0.41824471222078585
    ],
    [
      0.1944055670735655,
      0.6804187143925294
    ],
    [
      0.1944055670735655,
      0.5885526104650273
    ],
    [
      0.1944055670735655,
      0.41824471222078585
    ],
    [
      0.1944055670735655,
      0.22617247041936683
    ],
    [
      0.6538061142789793,
      0.5885526104650273
    ],
    [
      0.3925622231279374,
      0.6804187143925294
    ],
    [
      0.3925622231279374,
      0.3181489418840432
    ]
  ],
  "logbook": [
    {
      "gen": 0,
      "nevals": 10,
      "avg": [
        -800.6304525016745,
        0.1290123353259214
      ],
      "min": [
        -875.666263319742,
        0.1191139124747844
      ],
      "max": [
        -776.2217644849418,
        0.1465322882721393
      ]
    },
    {
      "gen": 1,
      "nevals": 10,
      "avg": [
        -804.0648732497027,
        0.13103438844520682
      ],
      "min": [
        -875.666263319742,
        0.1191139124747844
      ],
      "max": [
        -776.2217644849418,
        0.1465322882721393
      ]
    },
    {
      "gen": 2,
      "nevals": 10,
      "avg": [
        -806.6349598026598,
        0.13235286797935683
      ],
      "min": [
        -875.666263319742,
        0.1191139124747844
      ],
      "max": [
        -776.2217644849418,
        0.1465322882721393
      ]
    },
    {
      "gen": 3,
      "nevals": 10,
      "avg": [
        -803.4677619473977,
        0.13079846164676964
      ],
      "min": [
        -875.666263319742,
        0.1191139124747844
      ],
      "max": [
        -776.2217644849418,
        0.1465322882721393
      ]
    },
    {
      "gen": 4,
      "nevals": 10,
      "avg": [
        -806.5742560869431,
        0.13235233260288037
      ],
      "min": [
        -875.666263319742,
        0.1191139124747844
      ],
      "max": [
        -776.2217644849418,
        0.1465322882721393
      ]
    },
    {
      "gen": 5,
      "nevals": 10,
      "avg": [
        -802.8847575884622,
        0.13039838087933803
      ],
      "min": [
        -875.666263319742,
        0.1191139124747844
      ],
      "max": [
        -776.2217644849418,
        0.1465322882721393
      ]
    }
  ]
}