{
  "run_id": 4,
  "seed": 7004,
  "strategy": "nsga2",
  "steps": 1000,
  "n_eval": 5,
  "elapsed_s": 23.152795553207397,
  "hof_fitness": [
    [
      -778.0003875429735,
      0.09191892206713177
    ],
    [
      -777.7940450460053,
      0.09191771994630694
    ],
    [
      -777.6796040541203,
      0.0913618015141839
    ],
    [
      -777.4733463676058,
      0.09136058768950217
    ],
    [
      -775.9093528072648,
      0.09135138797916696
    ],
    [
      -775.8081149199286,
      0.09135079274488427
    ],
    [
      -775.661806872023,
      0.09134993257503932
    ],
    [
      -774.7538005876377,
      0.09134459576295417
    ],
    [
      -774.0145502863309,
      0.0913402527357537
    ],
    [
      -772.5499088914645,
      0.0913316531878867
    ],
    [
      -772.3353201085323,
      0.09133039381075375
    ],
    [
      -771.03249007651,
      0.07856122522122977
    ],
    [
      -770.8279901942451,
      0.07855975156863426
    ],
    [
      -769.9668464155318,
      0.07628632715745436
    ],
    [
      -769.7626284629787,
      0.07628481353165484
    ],
    [
      -768.2141017574065,
      0.07627334180312648
    ],
    [
      -768.113865053294,
      0.07627259957864715
    ],
    [
      -767.9690039077205,
      0.07627152699683329
    ],
    [
      -767.2317258894471,
      0.07022214395445572
    ],
    [
      -767.028231847834,
      0.07022054888184619
    ],
    [
      -767.0055405609876,
      0.0697102030149143
    ],
    [
      -766.8021064093776,
      0.06970860355867708
    ],
    [
      -765.2595230831647,
      0.06969648176102293
    ],
    [
      -765.1596710985907,
      0.06969569750353159
    ],
    [
      -765.1385970251388,
      0.06547284222297231
    ],
    [
      -764.9356574072444,
      0.06547123114904067
    ],
    [
      -763.3968240079282,
      0.0654590218971194
    ],
    [
      -763.2972147586142,
      0.06545823201758197
    ],
    [
      -763.1532604055916,
      0.06545709058337922
    ],
    [
      -762.8058746758335,
      0.06078014535726245
    ],
    [
      -762.0876575296547,
      0.05890067845116305
    ],
    [
      -761.8855271671271,
      0.058899222318472375
    ],
    [
      -760.3528301324757,
      0.05888818945470668
    ],
    [
      -760.2536180929856,
      0.05888747581525109
    ],
    [
      -760.1102377840223,
      0.0588864445823278
    ],
    [
      -759.220401486803,
      0.058880047580938545
    ],
    [
      -758.4959443070182,
      0.058874843247628
    ],
    [
      -757.0606120486233,
      0.05886454211731877
    ],
    [
      -756.850317456379,
      0.05886303398112229
    ],
    [
      -755.3982285034834,
      0.05885262801169696
    ]
  ],
  "hall_of_fame": [
    [
      0.01156411496548948,
      0.9999932045256534
    ],
    [
      0.01156411496548948,
      0.9732958803232616
    ],
    [
      0.012313390068542485,
      0.9999932045256534
    ],
    [
      0.012313390068542485,
      0.9732958803232616
    ],
    [
      0.012313390068542485,
      0.770855703867587
    ],
    [
      0.012313390068542485,
      0.757751557819698
    ],
    [
      0.012313390068542485,
      0.738813543218721
    ],
    [
      0.012313390068542485,
      0.6212811565800715
    ],
    [
      0.012313390068542485,
      0.5255917046487681
    ],
    [
      0.012313390068542485,
      0.33600450357772116
    ],
    [
      0.012313390068542485,
      0.30822729174162333
    ],
    [
      0.953874558816614,
      0.9999932045256534
    ],
    [
      0.953874558816614,
      0.9732958803232616
    ],
    [
      0.9426275612229412,
      0.9999932045256534
    ],
    [
      0.9426275612229412,
      0.9732958803232616
    ],
    [
      0.9426275612229412,
      0.770855703867587
    ],
    [
      0.9426275612229412,
      0.757751557819698
    ],
    [
      0.9426275612229412,
      0.738813543218721
    ],
    [
      0.8976351845620527,
      0.9999932045256534
    ],
    [
      0.8976351845620527,
      0.9732958803232616
    ],
    [
      0.10758123901987515,
      0.9999932045256534
    ],
    [
      0.10758123901987515,
      0.9732958803232616
    ],
    [
      0.10758123901987515,
      0.770855703867587
    ],
    [
      0.10758123901987515,
      0.757751557819698
    ],
    [
      0.8347387819382861,
      0.9999932045256534
    ],
    [
      0.8347387819382861,
      0.9732958803232616
    ],
    [
      0.8347387819382861,
      0.770855703867587
    ],
    [
      0.8347387819382861,
      0.757751557819698
    ],
    [
      0.8347387819382861,
      0.738813543218721
    ],
    [
      0.2970456392400237,
      0.9732958803232616
    ],
    [
      0.5109837317206871,
      0.9999932045256534
    ],
    [
      0.5109837317206871,
      0.9732958803232616
    ],
    [
      0.5109837317206871,
      0.770855703867587
    ],
    [
      0.5109837317206871,
      0.757751557819698
    ],
    [
      0.5109837317206871,
      0.738813543218721
    ],
    [
      0.5109837317206871,
      0.6212811565800715
    ],
    [
      0.5109837317206871,
      0.5255917046487681
    ],
    [
      0.5109837317206871,
      0.33600450357772116
    ],
    [
      0.5109837317206871,
      0.30822729174162333
    ],
    [
      0.5109837317206871,
      0.1164232386931332
    ]
  ],
  "logbook": [
    {
      "gen": 0,
      "nevals": 30,
      "avg": [
        -761.0474807658354,
        0.06557574781389758
      ],
      "min": [
        -778.0003875429735,
        0.05885262801169696
      ],
      "max": [
        -755.1394187747654,
        0.09191892206713177
      ]
    },
    {
      "gen": 1,
      "nevals": 30,
      "avg": [
        -764.1626477369579,
        0.07011162397932008
      ],
      "min": [
        -778.0003875429735,
        0.05885262801169696
      ],
      "max": [
        -755.1394187747654,
        0.09191892206713177
      ]
    },
    {
      "gen": 2,
      "nevals": 30,
      "avg": [
        -766.5681398972015,
        0.0737612526953109
      ],
      "min": [
        -778.0003875429735,
        0.05885262801169696
      ],
      "max": [
        -755.3982285034834,
        0.09191892206713177
      ]
    },
    {
      "gen": 3,
      "nevals": 30,
      "avg": [
        -766.7551251017236,
        0.07386014438978024
      ],
      "min": [
        -778.0003875429735,
        0.05885262801169696
      ],
      "max": [
        -755.3982285034834,
        0.09191892206713177
      ]
    },
    {
      "gen": 4,
      "nevals": 30,
      "avg": [
        -766.0276846537162,
        0.07161625377448044
      ],
      "min": [
        -778.0003875429735,
        0.05885262801169696
      ],
      "max": [
        -755.3982285034834,
        0.09191892206713177
      ]
    },
    {
      "gen": 5,
      "nevals": 30,
      "avg": [
        -766.9758245580174,
        0.07337986372420385
      ],
      "min": [
        -778.0003875429735,
        0.05885262801169696
      ],
      "max": [
        -755.3982285034834,
        0.09191892206713177
      ]
    },
    {
      "gen": 6,
      "nevals": 30,
      "avg": [
        -766.375399023591,
        0.07229725585270945
      ],
      "min": [
        -778.0003875429735,
        0.05885262801169696
      ],
      "max": [
        -755.3982285034834,
        0.09191892206713177
      ]
    },
    {
      "gen": 7,
      "nevals": 30,
      "avg": [
        -766.6412851686187,
        0.07274264822324274
      ],
      "min": [
        -778.0003875429735,
        0.05885262801169696
      ],
      "max": [
        -755.3982285034834,
        0.09191892206713177
      ]
    },
    {
      "gen": 8,
      "nevals": 30,
      "avg": [
        -766.9410751776387,
        0.07332242469731567
      ],
      "min": [
        -778.0003875429735,
        0.05885262801169696
      ],
      "max": [
        -755.3982285034834,
        0.09191892206713177
      ]
    },
    {
      "gen": 9,
      "nevals": 30,