{
  "run_id": 0,
  "seed": 7000,
  "strategy": "nsga2",
  "steps": 1000,
  "n_eval": 5,
  "elapsed_s": 31.282624006271362,
  "hof_fitness": [
    [
      -801.6241326734515,
      0.12206965180919375
    ],
    [
      -801.1544455429378,
      0.12206830468175663
    ],
    [
      -800.6427961181591,
      0.12206683758355083
    ],
    [
      -799.5314345086249,
      0.12206365225123741
    ],
    [
      -799.1731000085324,
      0.12206262561072359
    ],
    [
      -797.6265641225455,
      0.12205819697318958
    ],
    [
      -797.5686746004919,
      0.12205803127219297
    ],
    [
      -796.1149681872023,
      0.12205387190006223
    ],
    [
      -795.0834914160502,
      0.12205092256311771
    ],
    [
      -781.2289550365703,
      0.0980419767652734
    ],
    [
      -780.7711792315537,
      0.09803960406102427
    ],
    [
      -780.2725053656516,
      0.09803702004184395
    ],
    [
      -779.7715398061363,
      0.09803442484473159
    ],
    [
      -779.6226165625327,
      0.09803365349887881
    ],
    [
      -779.2634032488296,
      0.09803179321245696
    ],
    [
      -779.1893283983985,
      0.0980314096397915
    ],
    [
      -778.8400814935653,
      0.0980296013831599
    ],
    [
      -777.3327671364822,
      0.09802180101759222
    ],
    [
      -776.4501150774246,
      0.09801723621239904
    ],
    [
      -775.8595072112228,
      0.09801418297605789
    ],
    [
      -774.8541903469127,
      0.0980089880606772
    ],
    [
      -770.3953587774453,
      0.07828729020367996
    ],
    [
      -769.9439120409378,
      0.07828402674964023
    ],
    [
      -769.2739263600855,
      0.0758829090390608
    ],
    [
      -768.823135146677,
      0.07587955362797541
    ],
    [
      -768.33206991672,
      0.07587589941460901
    ],
    [
      -768.0920758744005,
      0.07328595726406248
    ],
    [
      -767.6419756614529,
      0.07328251502180445
    ],
    [
      -766.1594810097052,
      0.07327118364867265
    ],
    [
      -766.0866482037954,
      0.0732706272051363
    ],
    [
      -765.7432572821326,
      0.07326800400994526
    ],
    [
      -764.7851821431785,
      0.06581265450210495
    ],
    [
      -764.3370166722176,
      0.06580909640955503
    ],
    [
      -763.8488117796292,
      0.0658052216283791
    ],
    [
      -763.1435817459,
      0.06215016490679502
    ],
    [
      -762.6963777639183,
      0.06214669444989425
    ],
    [
      -762.450957487611,
      0.060665328787025095
    ],
    [
      -762.0592687243354,
      0.059851562944366464
    ],
    [
      -761.7279084129119,
      0.05918143218933911
    ],
    [
      -761.632734677333,
      0.058992456549164886
    ],
    [
      -761.5843510877813,
      0.0588970278317657
    ],
    [
      -761.3255248900576,
      0.05889516415598485
    ],
    [
      -761.1380613346247,
      0.0588938145960707
    ],
    [
      -760.6518997399522,
      0.05889031574934582
    ],
    [
      -759.5959010301103,
      0.05888272110044822
    ],
    [
      -759.2554172128981,
      0.05888027390213163
    ],
    [
      -757.7859237268553,
      0.058869720599189136
    ],
    [
      -755.3695392514383,
      0.058852397271680235
    ]
  ],
  "hall_of_fame": [
    [
      0.00010734321183125672,
      0.9335182185195838
    ],
    [
      0.00010734321183125672,
      0.8745719743099429
    ],
    [
      0.00010734321183125672,
      0.8103590966206863
    ],
    [
      0.00010734321183125672,
      0.6708801653336672
    ],
    [
      0.00010734321183125672,
      0.6259078671506872
    ],
    [
      0.00010734321183125672,
      0.4318100498306452
    ],
    [
      0.00010734321183125672,
      0.42454457266510737
    ],
    [
      0.00010734321183125672,
      0.2420944307203844
    ],
    [
      0.00010734321183125672,
      0.11263538344192792
    ],
    [
      0.9944270464214358,
      0.9335182185195838
    ],
    [
      0.9944270464214358,
      0.8745719743099429
    ],
    [
      0.9944270464214358,
      0.8103590966206863
    ],
    [
      0.9944270464214358,
      0.7458507792232276
    ],
    [
      0.9944270464214358,
      0.7266741691150219
    ],
    [
      0.9944270464214358,
      0.6804187143925294
    ],
    [
      0.9944270464214358,
      0.6708801653336672
    ],
    [
      0.9944270464214358,
      0.6259078671506872
    ],
    [
      0.9944270464214358,
      0.4318100498306452
    ],
    [
      0.9944270464214358,
      0.3181489418840432
    ],
    [
      0.9944270464214358,
      0.2420944307203844
    ],
    [
      0.9944270464214358,
      0.11263538344192792
    ],
    [
      0.9526566336312239,
      0.9335182185195838
    ],
    [
      0.9526566336312239,
      0.8745719743099429
    ],
    [
      0.9403989006349049,
      0.9335182185195838
    ],
    [
      0.9403989006349049,
      0.8745719743099429
    ],
    [
      0.9403989006349049,
      0.8103590966206863
    ],
    [
      0.0763030939129925,
      0.9335182185195838
    ],
    [
      0.0763030939129925,
      0.8745719743099429
    ],
    [
      0.0763030939129925,
      0.6804187143925294
    ],
    [
      0.0763030939129925,
      0.6708801653336672
    ],
    [
      0.0763030939129925,
      0.6259078671506872
    ],
    [
      0.8406825938376093,
      0.9335182185195838
    ],
    [
      0.8406825938376093,
      0.8745719743099429
    ],
    [
      0.8406825938376093,
      0.8103590966206863
    ],
    [
      0.756225949944836,
      0.9335182185195838
    ],
    [
      0.756225949944836,
      0.8745719743099429
    ],
    [
      0.697496689326807,
      0.9335182185195838
    ],
    [
      0.35083833773755724,
      0.9335182185195838
    ],
    [
      0.416160629739447,
      0.9335182185195838
    ],
    [
      0.5497039219592789,
      0.9335182185195838
    ],
    [
      0.5109549922528049,
      0.9335182185195838
    ],
    [
      0.5109549922528049,
      0.8993323198457864
    ],
    [
      0.5109549922528049,
      0.8745719743099429
    ],
    [
      0.5109549922528049,
      0.8103590966206863
    ],
    [
      0.5109549922528049,
      0.6708801653336672
    ],
    [
      0.5109549922528049,
      0.6259078671506872
    ],
    [
      0.5109549922528049,
      0.4318100498306452
    ],
    [
      0.5109549922528049,
      0.11263538344192792
    ]
  ],
  "logbook": [
    {
      "gen": 0,
      "nevals": 30,
      "avg": [
        -762.2805785614395,
        0.0664803642360027
      ],
      "min": [
        -796.1149681872023,
        0.05889516415598485
      ],
      "max": [
        -755.436311914453,
        0.12205387190006223
      ]
    },
    {
      "gen": 1,
      "nevals": 30,
      "avg": [
        -764.666263747412,
        0.06999935051642324
      ],
      "min": [
        -796.1149681872023,
        0.058852397271680235
      ],
      "max": [
        -755.3695392514383,
        0.12205387190006223
      ]
    },
    {
      "gen": 2,
      "nevals": 30,
      "avg": [
        -770.3659878636147,
        0.07888725922915228
      ],
      "min": [
        -799.1731000085324,
        0.058852397271680235
      ],
      "max": [
        -755.3695392514383,
        0.12206262561072359
      ]
    },
    {
      "gen": 3,
      "nevals": 30,
      "avg": [
        -776.5187700110769,
        0.08846993068770391
      ],
      "min": [
        -801.6241326734515,
        0.058852397271680235
      ],
      "max": [
        -755.3695392514383,
        0.12206965180919375
      ]
    },
    {
      "gen": 4,
      "nevals": 30,
      "avg": [
        -776.7592906975491,
        0.08935797100545664
      ],
      "min": [
        -801.6241326734515,
        0.058852397271680235
      ],
      "max": [
        -755.3695392514383,
        0.12206965180919375
      ]
    },
    {
      "gen": 5,
      "nevals": 30,
      "avg": [
        -776.8991028444449,
        0.08923710471480638
      ],