{
  "run_id": 12,
  "seed": 7012,
  "strategy": "nsga2",
  "steps": 1000,
  "n_eval": 5,
  "elapsed_s": 19.72986078262329,
  "hof_fitness": [
    [
      -768.6363057912324,
      0.07363867777510325
    ],
    [
      -768.5547868888441,
      0.0736380562130147
    ],
    [
      -768.5486323337032,
      0.07363800928722357
    ],
    [
      -768.3803994610327,
      0.07363672664881986
    ],
    [
      -768.1387316519271,
      0.07363488434677651
    ],
    [
      -767.8728813648539,
      0.07363285799143285
    ],
    [
      -767.8541555054096,
      0.07363271527150264
    ],
    [
      -767.7434027258203,
      0.07164693798023002
    ],
    [
      -767.6619783281631,
      0.07164630616375409
    ],
    [
      -767.6558309079911,
      0.07164625846380114
    ],
    [
      -767.4877930676101,
      0.0716449546668742
    ],
    [
      -767.2464054243144,
      0.07164308197894581
    ],
    [
      -767.0995475841838,
      0.07164194278471435
    ],
    [
      -766.9621591879531,
      0.07164087713553352
    ],
    [
      -766.4520532396075,
      0.06872759579587857
    ],
    [
      -766.3646284649858,
      0.06872690511405587
    ],
    [
      -766.1968727798096,
      0.06872557989838349
    ],
    [
      -765.9558904551815,
      0.06872367645615342
    ],
    [
      -765.6721215030233,
      0.06872143541903465
    ],
    [
      -765.5176590545057,
      0.06660403170551771
    ],
    [
      -765.4364703467853,
      0.06660338680554556
    ],
    [
      -765.430340720855,
      0.06660333811795827
    ],
    [
      -765.2627892808827,
      0.06660200733167139
    ],
    [
      -765.0221003563919,
      0.06660009589883269
    ],
    [
      -764.8636528884442,
      0.06512321797045466
    ],
    [
      -764.850957586744,
      0.06509458161297192
    ],
    [
      -764.7698395196329,
      0.06509393821800684
    ],
    [
      -764.7637152269645,
      0.06509388964409552
    ],
    [
      -764.3558300643906,
      0.06509065501197868
    ],
    [
      -764.2099850431398,
      0.06365721685383234
    ],
    [
      -764.1289349133459,
      0.06365657835646281
    ],
    [
      -764.1228157498433,
      0.06365653015238834
    ],
    [
      -763.9555502972327,
      0.06365521258783592
    ],
    [
      -763.9307152764211,
      0.06303767617895593
    ],
    [
      -763.8496947544837,
      0.06303704106860479
    ],
    [
      -763.8435778263317,
      0.0630369931202318
    ],
    [
      -763.6763734763197,
      0.06303568254762748
    ],
    [
      -763.510255062256,
      0.06211539945454978
    ],
    [
      -763.4292791267623,
      0.06211477109407658
    ],
    [
      -763.4231655648194,
      0.062114723655377256
    ],
    [
      -763.2560532291485,
      0.062113427015940845
    ],
    [
      -763.0159950818365,
      0.06211156466638457
    ],
    [
      -762.733314396763,
      0.06210937208243521
    ],
    [
      -762.6861781478963,
      0.060357447100129816
    ],
    [
      -762.5991826753157,
      0.060356792774920606
    ],
    [
      -762.1924517879442,
      0.06035373421585301
    ],
    [
      -762.1368840664634,
      0.05923546147340044
    ],
    [
      -762.056053860091,
      0.05923487230856282
    ],
    [
      -762.0499513004789,
      0.05923482782922111
    ],
    [
      -761.9722200965723,
      0.05908005050481295
    ],
    [
      -761.9691061231708,
      0.05890279337243558
    ],
    [
      -761.8882937310923,
      0.0589022111724953
    ],
    [
      -761.8821925164325,
      0.0589021672190122
    ],
    [
      -761.715417689983,
      0.05890096585627791
    ],
    [
      -761.4758443773288,
      0.058899240403600374
    ],
    [
      -761.2122981749751,
      0.058897342721251765
    ],
    [
      -761.1937346098595,
      0.0588972090698882
    ],
    [
      -760.4004244144228,
      0.05889149958350842
    ],
    [
      -757.7861147259574,
      0.058872712969327126
    ],
    [
      -754.7156459792055,
      0.058860359332229925
    ]
  ],
  "hall_of_fame": [
    [
      0.9261937763107339,
      0.9841348940146282
    ],
    [
      0.9261937763107339,
      0.9734612290463567
    ],
    [
      0.9261937763107339,
      0.9726553829238583
    ],
    [
      0.9261937763107339,
      0.9506278056951658
    ],
    [
      0.9261937763107339,
      0.9189849508177698
    ],
    [
      0.9261937763107339,
      0.8841756576427007
    ],
    [
      0.9261937763107339,
      0.8817237702957519
    ],
    [
      0.08924140101252565,
      0.9841348940146282
    ],
    [
      0.08924140101252565,
      0.9734612290463567
    ],
    [
      0.08924140101252565,
      0.9726553829238583
    ],
    [
      0.08924140101252565,
      0.9506278056951658
    ],
    [
      0.08924140101252565,
      0.9189849508177698
    ],
    [
      0.08924140101252565,
      0.8997337114518602
    ],
    [
      0.08924140101252565,
      0.8817237702957519
    ],
    [
      0.8815544782033402,
      0.9841348940146282
    ],
    [
      0.8815544782033402,
      0.9726553829238583
    ],
    [
      0.8815544782033402,
      0.9506278056951658
    ],
    [
      0.8815544782033402,
      0.9189849508177698
    ],
    [
      0.8815544782033402,
      0.8817237702957519
    ],
    [
      0.14671237991320163,
      0.9841348940146282
    ],
    [
      0.14671237991320163,
      0.9734612290463567
    ],
    [
      0.14671237991320163,
      0.9726553829238583
    ],
    [
      0.14671237991320163,
      0.9506278056951658
    ],
    [
      0.14671237991320163,
      0.9189849508177698
    ],
    [
      0.8284012712975702,
      0.9841348940146282
    ],
    [
      0.17213393772702157,
      0.9841348940146282
    ],
    [
      0.17213393772702157,
      0.9734612290463567
    ],
    [
      0.17213393772702157,
      0.9726553829238583
    ],
    [
      0.17213393772702157,
      0.9189849508177698
    ],
    [
      0.20237734823886766,
      0.9841348940146282
    ],
    [
      0.20237734823886766,
      0.9734612290463567
    ],
    [
      0.20237734823886766,
      0.9726553829238583
    ],
    [
      0.20237734823886766,
      0.9506278056951658
    ],
    [
      0.7820729451402508,
      0.9841348940146282
    ],
    [
      0.7820729451402508,
      0.9734612290463567
    ],
    [
      0.7820729451402508,
      0.9726553829238583
    ],
    [
      0.7820729451402508,
      0.9506278056951658
    ],
    [
      0.7550064098413601,
      0.9841348940146282
    ],
    [
      0.7550064098413601,
      0.9734612290463567
    ],
    [
      0.7550064098413601,
      0.9726553829238583
    ],
    [
      0.7550064098413601,
      0.9506278056951658
    ],
    [
      0.7550064098413601,
      0.9189849508177698
    ],
    [
      0.7550064098413601,
      0.8817237702957519
    ],
    [
      0.6811339627822361,
      0.9841348940146282
    ],
    [
      0.6811339627822361,
      0.9726553829238583
    ],
    [
      0.6811339627822361,
      0.9189849508177698
    ],
    [
      0.5907945738888709,
      0.9841348940146282
    ],
    [
      0.5907945738888709,
      0.9734612290463567
    ],
    [
      0.5907945738888709,
      0.9726553829238583
    ],
    [
      0.5674327835539954,
      0.9726553829238583
    ],
    [
      0.4860523651371501,
      0.9841348940146282
    ],
    [
      0.4860523651371501,
      0.9734612290463567
    ],
    [
      0.4860523651371501,
      0.9726553829238583
    ],
    [
      0.4860523651371501,
      0.9506278056951658
    ],
    [
      0.4860523651371501,
      0.9189849508177698
    ],
    [
      0.4860523651371501,
      0.8841756576427007
    ],
    [
      0.4860523651371501,
      0.8817237702957519
    ],
    [
      0.4860523651371501,
      0.7769423860862056
    ],
    [
      0.4860523651371501,
      0.43163459113335545
    ],
    [
      0.4791416968928329,
      0.02541724462196282
    ]
  ],
  "logbook": [
    {
      "gen": 0,
      "nevals": 30,