{
  "run_id": 19,
  "seed": 7019,
  "strategy": "nsga2",
  "steps": 1000,
  "n_eval": 5,
  "elapsed_s": 19.76500105857849,
  "hof_fitness": [
    [
      -781.3663527150665,
      0.09753886397020695
    ],
    [
      -781.1440633533897,
      0.09753769988990944
    ],
    [
      -780.7297416565458,
      0.09753553054998525
    ],
    [
      -780.6150316808063,
      0.09753493002736428
    ],
    [
      -780.5502641629387,
      0.0975345909767775
    ],
    [
      -780.4929055080254,
      0.09753429072061127
    ],
    [
      -779.7293793350507,
      0.09753029476085431
    ],
    [
      -779.5335794317346,
      0.09752927029442086
    ],
    [
      -778.5353829370812,
      0.09752404919398934
    ],
    [
      -778.1986367751763,
      0.0975222884629287
    ],
    [
      -775.2073329893033,
      0.09750666190638796
    ],
    [
      -773.748380330719,
      0.0974990494276508
    ],
    [
      -772.0575387904474,
      0.08080218537425633
    ],
    [
      -771.8378895901086,
      0.08080065023510305
    ],
    [
      -771.4284888646572,
      0.08079778940737653
    ],
    [
      -771.3151413229856,
      0.0807969974662607
    ],
    [
      -771.251143062986,
      0.0807965503424543
    ],
    [
      -771.1944656696821,
      0.08079615437900221
    ],
    [
      -770.9914031699636,
      0.07858584276596706
    ],
    [
      -770.7720564721767,
      0.0785842626937614
    ],
    [
      -770.712859466765,
      0.07799688261145264
    ],
    [
      -770.4935918101585,
      0.07799529107317807
    ],
    [
      -770.0849022401613,
      0.0779923251486119
    ],
    [
      -769.9717515909433,
      0.07799150411584123
    ],
    [
      -769.9078645004016,
      0.07799104056737746
    ],
    [
      -769.8512855597498,
      0.07799063005878047
    ],
    [
      -769.1063878792768,
      0.07798522665824012
    ],
    [
      -769.0981385465143,
      0.07798516683110251
    ],
    [
      -768.9050003044431,
      0.07798376620112032
    ],
    [
      -768.2313590840678,
      0.0779788821630052
    ],
    [
      -767.920373154877,
      0.07797662806831042
    ],
    [
      -767.6182970034353,
      0.07797443892693165
    ],
    [
      -767.5882047036221,
      0.0779742208686503
    ],
    [
      -767.1490911611344,
      0.07015400366577472
    ],
    [
      -766.5240312713122,
      0.07014910289819286
    ],
    [
      -766.4114026902873,
      0.07014822003266963
    ],
    [
      -766.3478103699591,
      0.0701477215758471
    ],
    [
      -766.2914924803944,
      0.07014728015428619
    ],
    [
      -765.3495733331328,
      0.07013989957922329
    ],
    [
      -765.0724993025948,
      0.06544179411424685
    ],
    [
      -764.4639814545269,
      0.06407301401354809
    ],
    [
      -764.2464884921159,
      0.06407129619637235
    ],
    [
      -763.7288719196591,
      0.0640672089640468
    ],
    [
      -763.6655019165826,
      0.06406670867903554
    ],
    [
      -763.6093809130938,
      0.0640662656407794
    ],
    [
      -763.474135065137,
      0.06189013810421986
    ],
    [
      -763.2569236459502,
      0.06188845771822728
    ],
    [
      -762.8417516389615,
      0.06054136844002077
    ],
    [
      -762.6247201875032,
      0.060539729268349565
    ],
    [
      -762.3805740178366,
      0.0595901098508374
    ],
    [
      -762.1636738667793,
      0.0595885111785721
    ],
    [
      -762.0465661141677,
      0.05892242852328119
    ],
    [
      -762.0419468959543,
      0.05891333538470411
    ],
    [
      -761.4210461389122,
      0.05890886135352944
    ],
    [
      -761.3091669866161,
      0.05890805544903845
    ],
    [
      -761.245997808677,
      0.05890760045509691
    ],
    [
      -761.1900546576223,
      0.05890719753015381
    ],
    [
      -760.2544030393404,
      0.05890046158241445
    ],
    [
      -759.2808404404503,
      0.05889345869046283
    ],
    [
      -758.9524046787087,
      0.058891097608820664
    ],
    [
      -756.039505574333,
      0.05887923297724977
    ],
    [
      -754.616550156822,
      0.058869034729515636
    ],
    [
      -754.6119760305296,
      0.058859959905153095
    ]
  ],