{
  "run_id": 18,
  "seed": 7018,
  "strategy": "nsga2",
  "steps": 1000,
  "n_eval": 5,
  "elapsed_s": 19.66342306137085,
  "hof_fitness": [
    [
      -775.6283376327627,
      0.0876704572371447
    ],
    [
      -775.0853640618855,
      0.08766704897469275
    ],
    [
      -774.6159055162249,
      0.0876641029728533
    ],
    [
      -773.4504653831501,
      0.08765679268720415
    ],
    [
      -772.4406986273551,
      0.08765046258173861
    ],
    [
      -772.2415002378573,
      0.08764921423761626
    ],
    [
      -772.0621425122677,
      0.0876480903462788
    ],
    [
      -770.4920143972505,
      0.08763825624006796
    ],
    [
      -770.31266006648,
      0.08763713342743078
    ],
    [
      -769.6742442532352,
      0.07565186081607525
    ],
    [
      -769.5427149493539,
      0.07565087881840074
    ],
    [
      -769.3647239701024,
      0.07564955005436176
    ],
    [
      -769.2285705169608,
      0.07564853371231325
    ],
    [
      -769.1867333399724,
      0.07564822142685684
    ],
    [
      -769.0931731149647,
      0.07564752309161878
    ],
    [
      -769.0087430589003,
      0.07564689293586431
    ],
    [
      -768.6695625827435,
      0.07564436171772676
    ],
    [
      -768.1593399883595,
      0.07564055497077492
    ],
    [
      -767.7511430329621,
      0.07139335204162396
    ],
    [
      -766.7489662929809,
      0.07138556189359564
    ],
    [
      -766.6720142612916,
      0.06895365787411828
    ],
    [
      -766.6340908698169,
      0.06895335853969242
    ],
    [
      -766.4507842646499,
      0.06845119435711343
    ],
    [
      -766.0069734076731,
      0.06844768429293589
    ],
    [
      -765.8721419567996,
      0.06844661811332095
    ],
    [
      -765.8600294969503,
      0.06710850770957277
    ],
    [
      -765.4815157647603,
      0.0662491729605694
    ],
    [
      -765.1078873778881,
      0.06624620488675964
    ],
    [
      -765.038265455236,
      0.06624565189562075
    ],
    [
      -765.0268427893762,
      0.06522032406880895
    ],
    [
      -764.583855510543,
      0.0652168094882877
    ],
    [
      -764.5170676227999,
      0.06407461980955333
    ],
    [
      -764.1439095992275,
      0.06407167254038243
    ],
    [
      -764.0743753241687,
      0.06407112343040812
    ],
    [
      -763.9398836961233,
      0.06407006142922886
    ],
    [
      -763.7836737086419,
      0.06245038321904652
    ],
    [
      -763.4765188664195,
      0.0624479899729863
    ],
    [
      -763.3647445111476,
      0.061541145068393234
    ],
    [
      -762.9227193280233,
      0.06153774346105435
    ],
    [
      -762.3682877819958,
      0.06153347845704864
    ],
    [
      -762.254596679796,
      0.0592314798558762
    ],
    [
      -762.158711218411,
      0.059040794822098154
    ],
    [
      -762.1178971623721,
      0.058960137296547324
    ],
    [
      -761.8114125461775,
      0.05895792468651948
    ],
    [
      -761.7459104524171,
      0.058957451884492106
    ],
    [
      -761.676594440047,
      0.05895695158323487
    ],
    [
      -761.5425249708445,
      0.05895598399954414
    ],
    [
      -761.4589229771982,
      0.058955380699832374
    ],
    [
      -761.4385116462304,
      0.058955233411730944
    ],
    [
      -761.3275056953099,
      0.05895443244007166
    ],
    [
      -761.1230690758188,
      0.058952957520046076
    ],
    [
      -760.751086500711,
      0.05895027451957493
    ],
    [
      -760.6178505935079,
      0.058949313744764975
    ],
    [
      -760.2458701165943,
      0.05894663196802323
    ],
    [
      -759.9778936040849,
      0.058944700554469154
    ],
    [
      -759.5535626112686,
      0.05894164317562187
    ],
    [
      -759.3773220955401,
      0.05894037367195114
    ],
    [
      -758.9856847912847,
      0.058937553326473005
    ],
    [
      -758.6137110851747,
      0.05893487549855456
    ],
    [
      -758.1980273752043,
      0.058931884054126436
    ],
    [
      -757.9616614445308,
      0.058930183554304384
    ],
    [
      -757.8260569323996,
      0.05892920812942535
    ],
    [
      -757.6645182685205,
      0.05892804630989281
    ],
    [
      -757.5896919804734,
      0.05892750820042667
    ],
    [
      -757.1310123296216,
      0.05892421041314581
    ],
    [
      -756.8946492055009,
      0.058922511550131604
    ],
    [
      -756.5975095567071,
      0.05892037636277767
    ],
    [
      -756.0640099479739,
      0.058916544157774545
    ],
    [
      -755.5305135016257,
      0.05891271379705716
    ],
    [
      -754.9970202158648,
      0.05890888527953646
    ],
    [
      -754.6250630071277,
      0.05890621707286155
    ],
    [
      -754.5467236431153,
      0.05890565522414972
    ]
  ],