{
  "run_id": 9,
  "seed": 7009,
  "strategy": "nsga2",
  "steps": 1000,
  "n_eval": 5,
  "elapsed_s": 19.91769313812256,
  "hof_fitness": [
    [
      -785.390404347422,
      0.10339681216778392
    ],
    [
      -785.2325345397272,
      0.10339607896168315
    ],
    [
      -785.1864412105051,
      0.10339586489885007
    ],
    [
      -784.9987689480098,
      0.1033949933817804
    ],
    [
      -784.8623340354156,
      0.10339435985721201
    ],
    [
      -784.8522365169274,
      0.10339431297204764
    ],
    [
      -784.6169740708167,
      0.10339322066494996
    ],
    [
      -784.1583984278474,
      0.1033910919277605
    ],
    [
      -783.3182262487798,
      0.10338719315736375
    ],
    [
      -783.2709829278149,
      0.10338697397976067
    ],
    [
      -783.0357244209101,
      0.10338588261963691
    ],
    [
      -782.9476906249826,
      0.10338547426788028
    ],
    [
      -782.5771564535661,
      0.10338375572746436
    ],
    [
      -782.0317900009849,
      0.10338122693598775
    ],
    [
      -779.9722554710623,
      0.10337168382671455
    ],
    [
      -779.5122046232347,
      0.10336955356494684
    ],
    [
      -779.2784531669245,
      0.10336847138210455
    ],
    [
      -779.1416838917669,
      0.10336783825381643
    ],
    [
      -778.9079333482114,
      0.1033667562901945
    ],
    [
      -778.5501679678032,
      0.1033651005604181
    ],
    [
      -778.3164188806936,
      0.10336401894663297
    ],
    [
      -777.988910029913,
      0.10336250371157867
    ],
    [
      -774.4593048653812,
      0.08546441547632991
    ],
    [
      -774.3036253574966,
      0.085463401861383
    ],
    [
      -774.2581715319021,
      0.08546310593180996
    ],
    [
      -774.0731030569216,
      0.08546190110884844
    ],
    [
      -773.9385610618078,
      0.08546102529644285
    ],
    [
      -773.2443919991217,
      0.0854565075581891
    ],
    [
      -772.0504819640314,
      0.08544874141174287
    ],
    [
      -771.9518962554141,
      0.08047650980601893
    ],
    [
      -771.9257226630122,
      0.0804226106669152
    ],
    [
      -770.7147729513237,
      0.08041410387917937
    ],
    [
      -769.7028525935829,
      0.07571405917050986
    ],
    [
      -769.1852983445746,
      0.07571019823609668
    ],
    [
      -768.6263759387386,
      0.07334901022835827
    ],
    [
      -768.4722012141085,
      0.07334783135219944
    ],
    [
      -768.2430752256104,
      0.07334607956564598
    ],
    [
      -768.1095438939794,
      0.07334505875670565
    ],
    [
      -767.765602488095,
      0.07142585900962789
    ],
    [
      -767.6112651075099,
      0.07142465930504534
    ],
    [
      -767.3827301641653,
      0.07142288304487263
    ],
    [
      -767.2493480717317,
      0.07142184645969818
    ],
    [
      -767.1777258637186,
      0.07095027260946932
    ],
    [
      -766.3515081431347,
      0.07094383056983589
    ],
    [
      -765.3686836411026,
      0.06599341587348487
    ],
    [
      -765.2148273809107,
      0.06599219367150595
    ],
    [
      -765.1699058903066,
      0.06599183684782173
    ],
    [
      -764.9828333628782,
      0.06512103071221799
    ],
    [
      -764.9151429121354,
      0.06512049373671416
    ],
    [
      -764.8290545974697,
      0.06511981084964795
    ],
    [
      -764.4684475013485,
      0.06511695079806773
    ],
    [
      -764.0104595304214,
      0.06511331939517394
    ],
    [
      -763.7827538304642,
      0.06511151432366845
    ],
    [
      -763.1959215106291,
      0.06117964290369121
    ],
    [
      -763.0428348267687,
      0.06117847185322006
    ],
    [
      -763.0425018521136,
      0.061178469306239616
    ],
    [
      -762.6827368527169,
      0.06117571780185197
    ],
    [
      -762.2348963282158,
      0.05919216777804517
    ],
    [
      -762.0894887935679,
      0.05890417956946661
    ],
    [
      -761.9362917170488,
      0.05890307578143626
    ],
    [
      -761.8915626886821,
      0.058902753536444974
    ],
    [
      -761.5770486665406,
      0.05890048802197743
    ],
    [
      -761.5672500219356,
      0.05890041745041017
    ],
    [
      -761.3389510560539,
      0.05889877337631059
    ],
    [
      -760.8939487283857,
      0.05889556969890162
    ],
    [
      -760.7519399799147,
      0.05889454761289616
    ],
    [
      -760.523643093071,
      0.058892904753826955
    ],
    [
      -760.0786448164401,
      0.05888970344387305
    ],
    [
      -759.7190767348062,
      0.058887117648998545
    ],
    [
      -759.5035719252538,
      0.05888556826844486
    ],
    [
      -759.2752782182721,
      0.058883927267689914
    ],
    [
      -759.0571252854501,
      0.0588823594733799
    ],
    [
      -758.8302861376474,
      0.058880729578775416
    ],
    [
      -756.8317131382195,
      0.058866383639757866
    ],
    [
      -756.6034262229547,
      0.058864746608069785
    ],
    [
      -756.5180012013597,
      0.05886413411640758
    ],
    [
      -756.1584473760998,
      0.05886155665286656
    ],
    [
      -755.7988949874725,
      0.0588589800288362
    ],
    [
      -755.2248894849827,
      0.058854868308987264
    ],
    [
      -754.9070750075615,
      0.05885259264653671
    ]
  ],