{
  "run_id": 7,
  "seed": 7007,
  "strategy": "nsga2",
  "steps": 1000,
  "n_eval": 5,
  "elapsed_s": 19.87454628944397,
  "hof_fitness": [
    [
      -772.26374368237,
      0.08211722323788374
    ],
    [
      -771.5050267626646,
      0.08211202293740423
    ],
    [
      -771.4575302612805,
      0.0804742866002417
    ],
    [
      -770.6996032186715,
      0.08046896714823096
    ],
    [
      -770.6034650942315,
      0.08046829256869291
    ],
    [
      -770.123849658692,
      0.08046492774767984
    ],
    [
      -769.8328028033495,
      0.08046288629287385
    ],
    [
      -769.243965949738,
      0.07578570884058278
    ],
    [
      -768.7562010601939,
      0.0747202232442776
    ],
    [
      -768.0009213050037,
      0.07471452963347038
    ],
    [
      -767.9051189730342,
      0.07471380761128053
    ],
    [
      -767.3580416456388,
      0.07161253554605566
    ],
    [
      -766.6041326593165,
      0.07160668655391313
    ],
    [
      -766.0314314024577,
      0.07160224515032843
    ],
    [
      -765.7419275101049,
      0.07160000056531664
    ],
    [
      -765.0678126270863,
      0.07159477549498094
    ],
    [
      -764.7004548565611,
      0.06558753676927667
    ],
    [
      -763.9491530892257,
      0.06558157426169248
    ],
    [
      -763.9129526000825,
      0.06381618527750184
    ],
    [
      -763.162423994539,
      0.06381026929870386
    ],
    [
      -762.5955746029123,
      0.06093986468495995
    ],
    [
      -762.5948811809878,
      0.06093839442964808
    ],
    [
      -761.8463402011037,
      0.060934161998469474
    ],
    [
      -761.8456474607128,
      0.06093269191066195
    ],
    [
      -761.6081459519728,
      0.05891506239481571
    ],
    [
      -761.6050185978988,
      0.05890890407976285
    ],
    [
      -761.5992113139177,
      0.05889747341696623
    ],
    [
      -760.8509565850645,
      0.05889208665750032
    ],
    [
      -759.3261588827254,
      0.058881120657794585
    ],
    [
      -755.123455388776,
      0.05886846771823715
    ],
    [
      -755.1203546945476,
      0.05886232023769576
    ],
    [
      -754.8330363993954,
      0.05886026247596314
    ],
    [
      -754.5457190203359,
      0.05885820524946332
    ],
    [
      -754.5227472221295,
      0.0588580407914878
    ],
    [
      -754.5169940061568,
      0.05884663215227857
    ]
  ],
  "hall_of_fame": [
    [
      0.03255916093012967,
      0.9354581528650412
    ],
    [
      0.03255916093012967,
      0.8366280479629228
    ],
    [
      0.961712980969962,
      0.9354581528650412
    ],
    [
      0.961712980969962,
      0.8366280479629228
    ],
    [
      0.961712980969962,
      0.8240920321837609
    ],
    [
      0.961712980969962,
      0.7615519560906868
    ],
    [
      0.961712980969962,
      0.7236003642556922
    ],
    [
      0.9398436804426994,
      0.9354581528650412
    ],
    [
      0.06657607613898975,
      0.9354581528650412
    ],
    [
      0.06657607613898975,
      0.8366280479629228
    ],
    [
      0.06657607613898975,
      0.8240920321837609
    ],
    [
      0.9104888605294056,
      0.9354581528650412
    ],
    [
      0.9104888605294056,
      0.8366280479629228
    ],
    [
      0.9104888605294056,
      0.7615519560906868
    ],
    [
      0.9104888605294056,
      0.7236003642556922
    ],
    [
      0.9104888605294056,
      0.6352289479009092
    ],
    [
      0.16317810475032324,
      0.9354581528650412
    ],
    [
      0.16317810475032324,
      0.8366280479629228
    ],
    [
      0.8014030432183566,
      0.9354581528650412
    ],
    [
      0.8014030432183566,
      0.8366280479629228
    ],
    [
      0.7104355210499691,
      0.9354581528650412
    ],
    [
      0.7103694185579051,
      0.9354581528650412
    ],
    [
      0.7104355210499691,
      0.8366280479629228
    ],
    [
      0.7103694185579051,
      0.8366280479629228
    ],
    [
      0.5237518902936383,
      0.9354581528650412
    ],
    [
      0.4797088824160779,
      0.9354581528650412
    ],
    [
      0.5113331792980054,
      0.9354581528650412
    ],
    [
      0.5113331792980054,
      0.8366280479629228
    ],
    [
      0.5113331792980054,
      0.6352289479009092
    ],
    [
      0.5237518902936383,
      0.07893752086448302
    ],
    [
      0.4797088824160779,
      0.07893752086448302
    ],
    [
      0.4797088824160779,
      0.040985929029488374
    ],
    [
      0.4797088824160779,
      0.0030343371944937247
    ],
    [
      0.4797088824160779,
      0.0
    ],
    [
      0.5113331792980054,
      0.0
    ]
  ],
  "logbook": [
    {
      "gen": 0,
      "nevals": 30,
      "avg": [
        -761.2565441291996,
        0.06634958233424498
      ],
      "min": [
        -772.0401963385572,
        0.05886232023769576
      ],
      "max": [
        -755.0147121810662,
        0.08835846976634604
      ]
    },
    {
      "gen": 1,
      "nevals": 30,
      "avg": [
        -765.1051900732848,
        0.07190843334122406
      ],
      "min": [
        -772.0401963385572,
        0.05886232023769576
      ],
      "max": [
        -755.1203546945476,
        0.08835846976634604
      ]
    },
    {
      "gen": 2,
      "nevals": 30,
      "avg": [
        -764.8752502994422,
        0.06930585434682755
      ],
      "min": [
        -772.26374368237,
        0.05886232023769576
      ],
      "max": [
        -755.1203546945476,
        0.08835846976634604
      ]
    },
    {
      "gen": 3,
      "nevals": 30,
      "avg": [
        -765.7662472738059,
        0.07054636749629398
      ],
      "min": [
        -772.26374368237,
        0.05886026247596314
      ],
      "max": [
        -754.8330363993954,
        0.08211722323788374
      ]
    },
    {
      "gen": 4,
      "nevals": 30,
      "avg": [
        -765.5449584991517,
        0.06986272595176915
      ],
      "min": [
        -772.26374368237,
        0.05885820524946332
      ],
      "max": [
        -754.5457190203359,
        0.08211722323788374
      ]
    },
    {
      "gen": 5,
      "nevals": 30,
      "avg": [
        -765.224226935349,
        0.06954165628478187
      ],
      "min": [
        -772.26374368237,
        0.0588580407914878
      ],
      "max": [
        -754.5227472221295,
        0.08211722323788374
      ]
    },
    {
      "gen": 6,
      "nevals": 30,
      "avg": [
        -765.1388153738127,
        0.06940235369238829
      ],
      "min": [
        -772.26374368237,
        0.0588580407914878
      ],
      "max": [
        -754.5227472221295,
        0.08211722323788374
      ]
    },
    {
      "gen": 7,
      "nevals": 30,
      "avg": [
        -765.192077259555,
        0.06936735545329292
      ],
      "min": [
        -772.26374368237,
        0.0588580407914878
      ],
      "max": [
        -754.5227472221295,
        0.08211722323788374
      ]
    },
    {
      "gen": 8,
      "nevals": 30,
      "avg": [
        -765.192077259555,
        0.06936735545329294
      ],
      "min": [
        -772.26374368237,
        0.0588580407914878
      ],
      "max": [
        -754.5227472221295,
        0.08211722323788374
      ]
    },
    {
      "gen": 9,
      "nevals": 30,
      "avg": [
        -765.0871757152511,
        0.06901196858210397
      ],
      "min": [
        -772.26374368237,
        0.0588580407914878
      ],
      "max": [
        -754.5227472221295,
        0.08211722323788374
      ]
    },
    {
      "gen": 10,
      "nevals": 30,
      "avg": [
        -765.0031696713053,
        0.06894353387074817
      ],
      "min": [
        -772.26374368237,
        0.0588580407914878
      ],
      "max": [
        -754.5227472221295,
        0.08211722323788374
      ]
    },
    {
      "gen": 11,
      "nevals": 30,
      "avg": [
        -764.9936228980346,
        0.06894366396726581
      ],