{
  "run_id": 1,
  "seed": 7001,
  "strategy": "nsga2",
  "steps": 200,
  "n_eval": 5,
  "elapsed_s": 0.7622179985046387,
  "hof_fitness": [
    [
      -807.2277547402467,
      0.13377374563012437
    ],
    [
      -805.7918361335148,
      0.13376183696618305
    ],
    [
      -804.1733654066744,
      0.133748420329612
    ],
    [
      -793.165935361431,
      0.12687091620332608
    ],
    [
      -792.5544415285378,
      0.1257015440823495
    ],
    [
      -791.1442603402724,
      0.1256872202731259
    ],
    [
      -789.592754017553,
      0.12395091538707566
    ],
    [
      -784.1295238704836,
      0.12389426404665811
    ],
    [
      -782.535371978154,
      0.12387776231897349
    ],
    [
      -780.3884437906655,
      0.11855589452738483
    ],
    [
      -777.2024429116286,
      0.11852273844318877
    ],
    [
      -774.9881078540718,
      0.11849973795966418
    ],
    [
      -773.4123109575561,
      0.11848339180555652
    ]
  ],
  "hall_of_fame": [
    [
      0.9030651507135562,
      0.9847929745795515
    ],
    [
      0.9030651507135562,
      0.808016826235124
    ],
    [
      0.9030651507135562,
      0.6087518387238823
    ],
    [
      0.17300291324818995,
      0.808016826235124
    ],
    [
      0.8085469530087013,
      0.9847929745795515
    ],
    [
      0.8085469530087013,
      0.808016826235124
    ],
    [
      0.22379455507741097,
      0.9847929745795515
    ],
    [
      0.22379455507741097,
      0.297333303791239
    ],
    [
      0.22379455507741097,
      0.09669907636297659
    ],
    [
      0.46395470385717796,
      0.9847929745795515
    ],
    [
      0.46395470385717796,
      0.5792401359847716
    ],
    [
      0.46395470385717796,
      0.297333303791239
    ],
    [
      0.46395470385717796,
      0.09669907636297659
    ]
  ],
  "logbook": [
    {
      "gen": 0,
      "nevals": 10,
      "avg": [
        -783.4057818869927,
        0.12262499553889106
      ],
      "min": [
        -804.1733654066744,
        0.11855589452738483
      ],
      "max": [
        -774.6448465815073,
        0.133748420329612
      ]
    },
    {
      "gen": 1,
      "nevals": 10,
      "avg": [
        -787.3740274015429,
        0.12427918661100237
      ],
      "min": [
        -804.1733654066744,
        0.11852273844318877
      ],
      "max": [
        -777.2024429116286,
        0.133748420329612
      ]
    },
    {
      "gen": 2,
      "nevals": 10,
      "avg": [
        -790.431437329399,
        0.12589476924588994
      ],
      "min": [
        -807.2277547402467,
        0.11849973795966418
      ],
      "max": [
        -774.9881078540718,
        0.13377374563012437
      ]
    },
    {
      "gen": 3,
      "nevals": 10,
      "avg": [
        -789.9821365223881,
        0.12571795781073503
      ],
      "min": [
        -807.2277547402467,
        0.11848339180555652
      ],
      "max": [
        -773.4123109575561,
        0.13377374563012437
      ]
    },
    {
      "gen": 4,
      "nevals": 10,
      "avg": [
        -790.3690443478622,
        0.12572197277200833
      ],
      "min": [
        -807.2277547402467,
        0.11848339180555652
      ],
      "max": [
        -773.4123109575561,
        0.13377374563012437
      ]
    },
    {
      "gen": 5,
      "nevals": 10,
      "avg": [
        -790.3690443478622,
        0.12572197277200833
      ],
      "min": [
        -807.2277547402467,
        0.11848339180555652
      ],
      "max": [
        -773.4123109575561,
        0.13377374563012437
      ]
    }
  ]
}