{
  "run_id": 5,
  "seed": 7005,
  "strategy": "nsga2",
  "steps": 1000,
  "n_eval": 5,
  "elapsed_s": 20.44760489463806,
  "hof_fitness": [
    [
      -771.940685367226,
      0.080586513248964
    ],
    [
      -771.4472037586314,
      0.08058305403254301
    ],
    [
      -771.0133958389328,
      0.0805800138927115
    ],
    [
      -770.9099236993763,
      0.08057928886371016
    ],
    [
      -770.7035665838085,
      0.0805778430429754
    ],
    [
      -769.6183865475759,
      0.08057024253281463
    ],
    [
      -769.4585275705028,
      0.08056912327663264
    ],
    [
      -769.027283275382,
      0.0805661043999389
    ],
    [
      -768.9042807564114,
      0.07410640196526266
    ],
    [
      -768.4127354059342,
      0.07410267163807348
    ],
    [
      -768.0045640083375,
      0.07210632545869278
    ],
    [
      -767.5135926238066,
      0.07210253016451915
    ],
    [
      -767.0819913908649,
      0.07209919471482255
    ],
    [
      -766.979045592821,
      0.07209839926601187
    ],
    [
      -766.7737381748652,
      0.07209681302561129
    ],
    [
      -766.771963223924,
      0.06932625067819713
    ],
    [
      -766.4704099240669,
      0.06864168472550915
    ],
    [
      -765.6025065100332,
      0.06666928239216231
    ],
    [
      -765.5106752421746,
      0.06646082468336899
    ],
    [
      -764.7312714588248,
      0.06469876675834887
    ],
    [
      -764.6611449274594,
      0.06454115197928602
    ],
    [
      -764.2201675880616,
      0.0635552305220421
    ],
    [
      -764.0025240241567,
      0.06307263397905806
    ],
    [
      -763.514107894489,
      0.06306880455114591
    ],
    [
      -763.0847529308171,
      0.06306543930075177
    ],
    [
      -762.9823429151185,
      0.06306463677224777
    ],
    [
      -762.7781040223916,
      0.06306303644527601
    ],
    [
      -762.0852745241431,
      0.0590218110846117
    ],
    [
      -762.0220455577368,
      0.05889709091075944
    ],
    [
      -762.0214436528693,
      0.058895907251336296
    ],
    [
      -761.5355748925007,
      0.05889491831079605
    ],
    [
      -761.534896042366,
      0.05889358257620495
    ],
    [
      -761.5342945227554,
      0.058892399073551
    ],
    [
      -761.1066545297219,
      0.05889049974771195
    ],
    [
      -760.8008008576958,
      0.05888829868991731
    ],
    [
      -760.8001999186354,
      0.05888711542364035
    ],
    [
      -759.7295453963598,
      0.05888059421777644
    ],
    [
      -759.7289453044895,
      0.058879411296681304
    ],
    [
      -759.146026949745,
      0.05887640066132273
    ],
    [
      -759.1454273193422,
      0.05887521792841115
    ],
    [
      -758.859889664539,
      0.058874345086993615
    ],
    [
      -758.8592902604244,
      0.05887316244638306
    ],
    [
      -757.7159738117651,
      0.05886613260029862
    ],
    [
      -757.7153753123,
      0.05886495032895496
    ],
    [
      -757.7116308103758,
      0.05886492346113934
    ],
    [
      -755.1180656687699,
      0.058847512722779174
    ],
    [
      -755.1174692238226,
      0.05884633129135969
    ]
  ],
  "hall_of_fame": [
    [
      0.9621203836538945,
      0.9915371523066241
    ],
    [
      0.9621203836538945,
      0.9271942917144156
    ],
    [
      0.9621203836538945,
      0.8706317292560145
    ],
    [
      0.9621203836538945,
      0.8571403513614104
    ],
    [
      0.9621203836538945,
      0.8302341081704286
    ],
    [
      0.9621203836538945,
      0.688739959714863
    ],
    [
      0.9621203836538945,
      0.6678961705490152
    ],
    [
      0.9621203836538945,
      0.6116666463854145
    ],
    [
      0.0705987182579284,
      0.9915371523066241
    ],
    [
      0.0705987182579284,
      0.9271942917144156
    ],
    [
      0.9145902460244559,
      0.9915371523066241
    ],
    [
      0.9145902460244559,
      0.9271942917144156
    ],
    [
      0.9145902460244559,
      0.8706317292560145
    ],
    [
      0.9145902460244559,
      0.8571403513614104
    ],
    [
      0.9145902460244559,
      0.8302341081704286
    ],
    [
      0.11168376922460072,
      0.9915371523066241
    ],
    [
      0.8805398236505088,
      0.9915371523066241
    ],
    [
      0.14573419159854786,
      0.9915371523066241
    ],
    [
      0.14891077890605736,
      0.9915371523066241
    ],
    [
      0.179784613972495,
      0.9915371523066241
    ],
    [
      0.1829612012800045,
      0.9915371523066241
    ],
    [
      0.20482637577145069,
      0.9915371523066241
    ],
    [
      0.21701162365395166,
      0.9915371523066241
    ],
    [
      0.21701162365395166,
      0.9271942917144156
    ],
    [
      0.21701162365395166,
      0.8706317292560145
    ],
    [
      0.21701162365395166,
      0.8571403513614104
    ],
    [
      0.21701162365395166,
      0.8302341081704286
    ],
    [
      0.4442376033343509,
      0.9915371523066241
    ],
    [
      0.506563822431845,
      0.9915371523066241
    ],
    [
      0.4962973553629454,
      0.9915371523066241
    ],
    [
      0.5087309832728494,
      0.9271942917144156
    ],
    [
      0.506563822431845,
      0.9271942917144156
    ],
    [
      0.4962973553629454,
      0.9271942917144156
    ],
    [
      0.506563822431845,
      0.8706317292560145
    ],
    [
      0.506563822431845,
      0.8302341081704286
    ],
    [
      0.4962973553629454,
      0.8302341081704286
    ],
    [
      0.506563822431845,
      0.688739959714863
    ],
    [
      0.4962973553629454,
      0.688739959714863
    ],
    [
      0.506563822431845,
      0.6116666463854145
    ],
    [
      0.4962973553629454,
      0.6116666463854145
    ],
    [
      0.506563822431845,
      0.5738723732544209
    ],
    [
      0.4962973553629454,
      0.5738723732544209
    ],
    [
      0.506563822431845,
      0.422777724588847
    ],
    [
      0.4962973553629454,
      0.422777724588847
    ],
    [
      0.4962973553629454,
      0.42228312678780167
    ],
    [
      0.506563822431845,
      0.07962469673980443
    ],
    [
      0.4962973553629454,
      0.07962469673980443
    ]
  ],
  "logbook": [
    {
      "gen": 0,
      "nevals": 30,
      "avg": [
        -760.1725476190434,
        0.06361424702792513
      ],
      "min": [
        -768.4127354059342,
        0.05886610573128189
      ],
      "max": [
        -755.6389371396781,
        0.08126920625301806
      ]
    },
    {
      "gen": 1,
      "nevals": 30,
      "avg": [
        -761.8455750671055,
        0.06510296398261628
      ],
      "min": [
        -768.7374266442812,
        0.058847512722779174
      ],
      "max": [
        -755.1180656687699,
        0.08127550088589763
      ]
    },
    {
      "gen": 2,
      "nevals": 30,
      "avg": [
        -762.839341617327,
        0.0649257123839615
      ],
      "min": [
        -769.4585275705028,
        0.058847512722779174
      ],
      "max": [
        -755.1180656687699,
        0.08056912327663264
      ]
    },
    {
      "gen": 3,
      "nevals": 30,
      "avg": [
        -763.7007142406179,
        0.06596909085883293
      ],
      "min": [
        -770.7035665838085,
        0.058847512722779174
      ],
      "max": [
        -755.1180656687699,
        0.0805778430429754
      ]
    },
    {
      "gen": 4,
      "nevals": 30,
      "avg": [
        -764.3495733681631,
        0.06695257588833861
      ],
      "min": [
        -771.940685367226,
        0.058847512722779174
      ],
      "max": [
        -755.1180656687699,
        0.080586513248964
      ]
    },
    {
      "gen": 5,
      "nevals": 30,
      "avg": [
        -764.6173974058715,
        0.06767503320497967
      ],
      "min": [
        -771.940685367226,
        0.058847512722779174
      ],
      "max": [
        -755.1180656687699,
        0.080586513248964
      ]
    },
    {
      "gen": 6,
      "nevals": 30,