{
  "run_id": 11,
  "seed": 7011,
  "strategy": "nsga2",
  "steps": 1000,
  "n_eval": 5,
  "elapsed_s": 19.8226101398468,
  "hof_fitness": [
    [
      -782.2728308655652,
      0.0988806258569978
    ],
    [
      -781.8180115082941,
      0.09887830681784181
    ],
    [
      -781.4575020410857,
      0.09887646905022415
    ],
    [
      -780.9195004551842,
      0.09887372714421422
    ],
    [
      -780.5563078882883,
      0.09887187659446639
    ],
    [
      -780.1048752513507,
      0.09886957694467424
    ],
    [
      -779.9246236398154,
      0.09886865887805697
    ],
    [
      -779.5598616950182,
      0.0945806911386607
    ],
    [
      -779.1066146046338,
      0.0945781781416208
    ],
    [
      -778.8962882040983,
      0.09347544458223529
    ],
    [
      -778.4434256937534,
      0.09347288105071663
    ],
    [
      -778.2639463306198,
      0.0934718652394498
    ],
    [
      -778.1991963146285,
      0.09347149879354198
    ],
    [
      -777.548780485063,
      0.09346781854042621
    ],
    [
      -777.1871505646051,
      0.09346577288296685
    ],
    [
      -777.1786005470485,
      0.09346572452228402
    ],
    [
      -776.737660237696,
      0.09346323077291933
    ],
    [
      -776.5581841696727,
      0.09346221591038706
    ],
    [
      -775.9370042782857,
      0.09345870415088643
    ],
    [
      -775.7575297549379,
      0.09345768973299062
    ],
    [
      -775.5780555776685,
      0.09345667541472708
    ],
    [
      -775.389285610331,
      0.08725707983387825
    ],
    [
      -774.9384557746589,
      0.08725423014728687
    ],
    [
      -774.6953226236785,
      0.08725269359516115
    ],
    [
      -774.5811085877219,
      0.08725197185524675
    ],
    [
      -774.0478262109964,
      0.08724860253245789
    ],
    [
      -773.6878194889047,
      0.08724632852769727
    ],
    [
      -773.6793078487041,
      0.08724627476875334
    ],
    [
      -773.240346735546,
      0.08724350265362885
    ],
    [
      -772.4432846076735,
      0.08723847074556167
    ],
    [
      -772.0512058314613,
      0.08723599631822727
    ],
    [
      -771.5117768045961,
      0.08723259281065539
    ],
    [
      -769.5301068791571,
      0.07537453568237705
    ],
    [
      -769.0826743578787,
      0.07537118515922704
    ],
    [
      -768.8413733891172,
      0.07536937857067512
    ],
    [
      -768.1987563452161,
      0.07536456858804312
    ],
    [
      -768.0214307391249,
      0.07536324161620402
    ],
    [
      -767.8414625551445,
      0.07536189500574199
    ],
    [
      -767.3973618713043,
      0.0753585726140585
    ],
    [
      -767.3177925567105,
      0.07045437923935001
    ],
    [
      -767.1409730950919,
      0.07045299531310274
    ],
    [
      -766.8716436979622,
      0.0704508876145528
    ],
    [
      -766.6948251101476,
      0.07044950406561395
    ],
    [
      -766.5180068685298,
      0.07044812066612025
    ],
    [
      -765.9702026073311,
      0.06739686240093282
    ],
    [
      -765.823598935783,
      0.06706369601327386
    ],
    [
      -765.3783175606902,
      0.06706016099984513
    ],
    [
      -765.2018427763519,
      0.0670587602745112
    ],
    [
      -765.1381767107916,
      0.06705825497948457
    ],
    [
      -764.1604565979459,
      0.06331745945183496
    ],
    [
      -764.0784324990229,
      0.06313579423107957
    ],
    [
      -763.9990067915904,
      0.06296031316938208
    ],
    [
      -763.5547855041096,
      0.06295683368823234
    ],
    [
      -763.3152163617309,
      0.06295495766164012
    ],
    [
      -763.1567812678102,
      0.061131718348757094
    ],
    [
      -762.7130496959668,
      0.06112832733727404
    ],
    [
      -762.6509380233659,
      0.06007045293715233
    ],
    [
      -762.2075007195556,
      0.060067141228421675
    ],
    [
      -762.0729104971383,
      0.058904268803893725
    ],
    [
      -762.0705687367197,
      0.05889966275133675
    ],
    [
      -762.0691185001853,
      0.058896810774428064
    ],
    [
      -762.0685590229343,
      0.05889571063543132
    ],
    [
      -761.6254606627683,
      0.058892519552047086
    ],
    [
      -761.2742417936093,
      0.05888999106189633
    ],
    [
      -760.3982774990499,
      0.058887624193948926
    ],
    [
      -759.1774156056221,
      0.058883432451877646
    ],
    [
      -759.001809801412,
      0.05888217050678245
    ],
    [
      -758.9994774895629,
      0.05887756829876857
    ],
    [
      -758.9980331044751,
      0.05887471870480747
    ],
    [
      -758.9974758846163,
      0.05887361948555915
    ],
    [
      -758.8222010033992,
      0.05887300841125424
    ],
    [
      -758.8218714280418,
      0.05887235815059586
    ],
    [
      -755.8478030104726,
      0.05885953880927776
    ]
  ],