{
  "HEAS": {
    "mean_reversal_rate": 0.0,
    "se_reversal_rate": 0.0,
    "ci_lower": 0.0,
    "ci_upper": 0.20388330103584862,
    "mean_agreement": 1.0,
    "n_runs": 15,
    "stage2_kendall_tau": 1.0,
    "stage2_se": 0.0
  },
  "Ad-hoc-Step": {
    "mean_reversal_rate": 0.05555555555555554,
    "se_reversal_rate": 0.026560635762986517,
    "ci_lower": 0.011866895493268559,
    "ci_upper": 0.29816529873780023,
    "mean_agreement": 0.8,
    "n_runs": 15,
    "stage2_kendall_tau": 1.0,
    "stage2_se": 0.0
  },
  "Ad-hoc-Mean": {
    "mean_reversal_rate": 0.011111111111111105,
    "se_reversal_rate": 0.011111111111111106,
    "ci_lower": 0.0,
    "ci_upper": 0.20388330103584862,
    "mean_agreement": 0.9333333333333333,
    "n_runs": 15,
    "stage2_kendall_tau": 1.0,
    "stage2_se": 0.0
  },
  "effect_sizes": {
    "HEAS_vs_AdHocStep": {
      "cohen_h": 0.4758822496604165,
      "ci_lower": 0.21121088035917823,
      "ci_upper": 0.6796738189082437
    },
    "HEAS_vs_AdHocMean": {
      "cohen_h": 0.21121088035917823,
      "ci_lower": 0.0,
      "ci_upper": 0.367208020557837
    }
  }
}