{
  "run_id": 9,
  "seed": 28509,
  "pop": 20,
  "ngen": 15,
  "steps": 150,
  "base_seed": 7000,
  "elapsed_s": 2.298489809036255,
  "hof_fitness": [
    [
      -843.0291390343884,
      0.14909263082174679
    ],
    [
      -842.1137838124305,
      0.14909031865996433
    ],
    [
      -841.638304923394,
      0.1490891170673534
    ],
    [
      -839.7243002386934,
      0.1486691964500211
    ],
    [
      -836.0191898017208,
      0.14865796331751802
    ],
    [
      -834.8962863169875,
      0.1478931916366323
    ],
    [
      -832.071545750124,
      0.14739431261492802
    ],
    [
      -829.2357161747738,
      0.1473823673732469
    ],
    [
      -828.5184399838006,
      0.14737934498629063
    ],
    [
      -828.3993923910872,
      0.1473788433151137
    ],
    [
      -827.029609254186,
      0.14737307017245205
    ],
    [
      -822.002219903635,
      0.1450507313027103
    ],
    [
      -821.7793063141519,
      0.1450494399875914
    ],
    [
      -820.050768167898,
      0.14458814142189744
    ],
    [
      -818.1200712800122,
      0.1440512143776121
    ],
    [
      -816.7543917546259,
      0.14362633846270803
    ],
    [
      -816.6436167291712,
      0.14362561266357812
    ],
    [
      -815.5068877243779,
      0.143618165296071
    ],
    [
      -814.9224571169417,
      0.14311359814996719
    ],
    [
      -813.621565948096,
      0.14271564025041256
    ],
    [
      -810.9411879197831,
      0.14186735984880622
    ],
    [
      -809.4522294336551,
      0.14134507558886691
    ],
    [
      -809.3424239944178,
      0.14134424638259538
    ],
    [
      -808.462828180227,
      0.1413376047273183
    ],
    [
      -808.0059253101116,
      0.14133415523241785
    ],
    [
      -807.8961299725062,
      0.14133332635672607
    ],
    [
      -807.2544207321627,
      0.1406067997295317
    ],
    [
      -807.1449073181788,
      0.1406059427863878
    ],
    [
      -804.7051068051754,
      0.13972512322020383
    ],
    [
      -804.5959322358649,
      0.1397242366332957
    ],
    [
      -803.4756271383549,
      0.13971514040785468
    ],
    [
      -803.1579480870844,
      0.1397125615593955
    ],
    [
      -802.6011480941121,
      0.13970804213487162
    ],
    [
      -802.4361816340537,
      0.13888242115375649
    ],
    [
      -799.481614737715,
      0.13785010314911214
    ],
    [
      -799.3731348423574,
      0.13784916623760973
    ],
    [
      -798.054094858511,
      0.13736479948774127
    ],
    [
      -796.2404307836739,
      0.13665520792084576
    ],
    [
      -796.1323822028861,
      0.1366542485023829
    ],
    [
      -795.590730405662,
      0.13645324435707304
    ],
    [
      -795.0902410115726,
      0.13626733266893454
    ],
    [
      -791.4640524336717,
      0.13492014863773677
    ],
    [
      -790.842806905925,
      0.13469027917997758
    ],
    [
      -788.1446372145064,
      0.13466572332908752
    ],
    [
      -787.8730514545188,
      0.1335639731566426
    ],
    [
      -787.7661173576464,
      0.13356299785151535
    ],
    [
      -786.4645688058032,
      0.13355113195668553
    ],
    [
      -784.3984086302089,
      0.13353231438790422
    ],
    [
      -784.2855735184626,
      0.13353128741605733
    ],
    [
      -784.0188145279137,
      0.13352885977968024
    ],
    [
      -782.6522913962283,
      0.1335164298790117
    ]
  ],
  "hall_of_fame": [
    [
      0.9477791238590589,
      0.9627186055048383
    ],
    [
      0.9477791238590589,
      0.8552914062166355
    ],
    [
      0.9477791238590589,
      0.7994863634377646
    ],
    [
      0.057889474141943675,
      0.9627186055048383
    ],
    [
      0.057889474141943675,
      0.5261782901929806
    ],
    [
      0.9323825206150581,
      0.9761289915997995
    ],
    [
      0.0736909170827883,
      0.9627186055048383
    ],
    [
      0.0736909170827883,
      0.6256077166448468
    ],
    [
      0.0736909170827883,
      0.5403320049413469
    ],
    [
      0.0736909170827883,
      0.5261782901929806
    ],
    [
      0.0736909170827883,
      0.3633158268851415
    ],
    [
      0.8971539273083083,
      0.9895393776947606
    ],
    [
      0.8971539273083083,
      0.9627186055048383
    ],
    [
      0.10891951038953807,
      0.9627186055048383
    ],
    [
      0.8838009160632354,
      0.9627186055048383
    ],
    [
      0.12215137033433987,
      0.9761289915997995
    ],
    [
      0.12215137033433987,
      0.9627186055048383
    ],
    [
      0.12215137033433987,
      0.8251012232848811
    ],
    [
      0.8704479048181625,
      0.9627186055048383
    ],
    [
      0.1355043815794128,
      0.9627186055048383
    ],
    [
      0.14885739282448573,
      0.9627186055048383
    ],
    [
      0.15760567310877038,
      0.9761289915997995
    ],
    [
      0.15760567310877038,
      0.9627186055048383
    ],
    [
      0.15760567310877038,
      0.8552914062166355
    ],
    [
      0.15760567310877038,
      0.7994863634377646
    ],
    [
      0.15760567310877038,
      0.7860759773428034
    ],
    [
      0.17073297488616257,
      0.9761289915997995
    ],
    [
      0.17073297488616257,
      0.9627186055048383
    ],
    [
      0.8121729090266608,
      0.9761289915997995
    ],
    [
      0.8121729090266608,
      0.9627186055048383
    ],
    [
      0.8121729090266608,
      0.8251012232848811
    ],
    [
      0.8121729090266608,
      0.7860759773428034
    ],
    [
      0.8121729090266608,
      0.7176740239966782
    ],
    [
      0.20596156819291234,
      0.9895393776947606
    ],
    [
      0.7687968510377201,
      0.9761289915997995
    ],
    [
      0.7687968510377201,
      0.9627186055048383
    ],
    [
      0.7554438397926472,
      0.9627186055048383
    ],
    [
      0.7335682577309703,
      0.9761289915997995
    ],
    [
      0.7335682577309703,
      0.9627186055048383
    ],
    [
      0.7267774170480279,
      0.9627186055048383
    ],
    [
      0.7202152464858974,
      0.9627186055048383
    ],
    [
      0.33906793873184504,
      0.9627186055048383
    ],
    [
      0.352420949976918,
      0.9627186055048383
    ],
    [
      0.352420949976918,
      0.6256077166448468
    ],
    [
      0.4849994066550126,
      0.9761289915997995
    ],
    [
      0.4849994066550126,
      0.9627186055048383
    ],
    [
      0.4849994066550126,
      0.7994863634377646
    ],
    [
      0.4849994066550126,
      0.5403320049413469
    ],
    [
      0.4849994066550126,
      0.5261782901929806
    ],
    [
      0.4849994066550126,
      0.4927163784494496
    ],
    [
      0.4849994066550126,
      0.321292087285864
    ]
  ]
}