{
  "run_id": 17,
  "seed": 28517,
  "pop": 20,
  "ngen": 15,
  "steps": 150,
  "base_seed": 7000,
  "elapsed_s": 2.1770150661468506,
  "hof_fitness": [
    [
      -971.4754102111494,
      0.12351250655184946
    ]
  ],
  "hall_of_fame": [
    [
      0.00037436621461128805,
      0.8836368249529233
    ]
  ]
}