{
  "run_id": 13,
  "seed": 28513,
  "pop": 20,
  "ngen": 15,
  "steps": 150,
  "base_seed": 7000,
  "elapsed_s": 2.2454233169555664,
  "hof_fitness": [
    [
      -937.9111713322134,
      0.13284730995214428
    ]
  ],
  "hall_of_fame": [
    [
      0.9975638939050263,
      0.9191442827100291
    ]
  ]
}