{
  "run_id": 11,
  "seed": 28511,
  "pop": 20,
  "ngen": 15,
  "steps": 150,
  "base_seed": 7000,
  "elapsed_s": 2.278463125228882,
  "hof_fitness": [
    [
      -884.4266812113925,
      0.14785487588032653
    ],
    [
      -829.4617511164577,
      0.1470777499383335
    ],
    [
      -828.5853552410401,
      0.14707384504754478
    ],
    [
      -828.5782058268715,
      0.14689451700869346
    ],
    [
      -827.7027218491346,
      0.14689049630344553
    ],
    [
      -825.5350866074984,
      0.14688053934483822
    ],
    [
      -822.3604572445662,
      0.14686595174177586
    ],
    [
      -821.6920496991827,
      0.14686287961246208
    ],
    [
      -821.5791281904224,
      0.1452582407039929
    ],
    [
      -820.7108727587016,
      0.14525331986206252
    ],
    [
      -819.4249235273298,
      0.14524603181925191
    ],
    [
      -818.9160143485785,
      0.1452431476334345
    ],
    [
      -818.5611367904086,
      0.14524113641406028
    ],
    [
      -817.73364970543,
      0.14422480001476815
    ],
    [
      -816.8693692885357,
      0.14421940448848042
    ],
    [
      -815.5893077774234,
      0.14421141395985412
    ],
    [
      -815.3394457658743,
      0.1442098543346971
    ],
    [
      -815.08272878338,
      0.1442082519514084
    ],
    [
      -814.7294761806268,
      0.14420604705947673
    ],
    [
      -814.1461484669554,
      0.14318028530371768
    ],
    [
      -811.1548730360076,
      0.14316006101522974
    ],
    [
      -811.069946533492,
      0.14222703349677862
    ],
    [
      -810.2125597001443,
      0.14222087024462615
    ],
    [
      -809.453205229573,
      0.14221541245392022
    ],
    [
      -808.6948399692122,
      0.14220996249012574
    ],
    [
      -808.5184948117878,
      0.14220869529495017
    ],
    [
      -808.4589163744498,
      0.1413795271212653
    ],
    [
      -808.1095285698626,
      0.14137689517979474
    ],
    [
      -805.2781669434017,
      0.14030424585912024
    ],
    [
      -804.426777062994,
      0.14029749925269552
    ],
    [
      -803.6727341417205,
      0.1402915252740342
    ],
    [
      -803.1658087041095,
      0.14028750975659135
    ],
    [
      -802.6667861866601,
      0.14028355735036288
    ],
    [
      -800.5931678105526,
      0.1402671390969695
    ],
    [
      -799.2315666008075,
      0.14025636312375603
    ],
    [
      -798.9393699155971,
      0.13804799691828007
    ],
    [
      -798.0945490686578,
      0.1380407458005184
    ],
    [
      -797.6693390206617,
      0.13803709702977873
    ],
    [
      -797.3463243808269,
      0.13803432557407652
    ],
    [
      -797.2425530104952,
      0.13803343528595427
    ],
    [
      -796.8433105617253,
      0.13803001035992385
    ],
    [
      -796.5990749411666,
      0.13802791540745837
    ],
    [
      -794.2905230205014,
      0.13800812252293918
    ],
    [
      -793.9452713145408,
      0.13800516381773376
    ],
    [
      -793.3823900689264,
      0.13599331571007342
    ],
    [
      -792.5433330748275,
      0.13598578544913545
    ],
    [
      -792.1210241677543,
      0.13598199644420228
    ],
    [
      -791.8002134566584,
      0.13597911857575656
    ],
    [
      -791.3006317881309,
      0.13597463785238814
    ],
    [
      -791.0580626680197,
      0.13597246262645699
    ],
    [
      -790.8088387768424,
      0.13597022797241354
    ],
    [
      -790.0052307200557,
      0.13473783275166354
    ],
    [
      -789.2454421745247,
      0.1347309204166636
    ],
    [
      -789.1696790267974,
      0.13473023129605793
    ],
    [
      -788.859895239975,
      0.13431483187433302
    ],
    [
      -788.5188145509836,
      0.13431172240103526
    ],
    [
      -787.7209420778447,
      0.134089344371759
    ],
    [
      -787.53054246966,
      0.13378219242445497
    ],
    [
      -786.7775222940774,
      0.13355328719974535
    ],
    [
      -786.0294838302568,
      0.13354955065796628
    ],
    [
      -785.9453225891167,
      0.13354570369860064
    ],
    [
      -785.5264651803806,
      0.13354188825803165
    ],
    [
      -785.2082764890376,
      0.13353899046899217
    ],
    [
      -785.2001647440338,
      0.13353604269549021
    ],
    [
      -784.2250047374107,
      0.13353003918742504
    ],
    [
      -783.8848662387691,
      0.13352694394868564
    ],
    [
      -781.8580420105125,
      0.13350851313949944
    ],
    [
      -780.8672327142106,
      0.1334995114738586
    ],
    [
      -780.2318840520842,
      0.13349374206003334
    ]
  ],