{
  "run_id": 8,
  "seed": 28508,
  "pop": 20,
  "ngen": 15,
  "steps": 150,
  "base_seed": 7000,
  "elapsed_s": 2.183655023574829,
  "hof_fitness": [
    [
      -905.998222552578,
      0.14339764558119023
    ],
    [
      -815.9764084252373,
      0.14333974468865524
    ],
    [
      -815.2211127280009,
      0.1433346904148427
    ],
    [
      -813.1673781017631,
      0.14248085084341605
    ],
    [
      -812.8666812583447,
      0.1424787204128964
    ],
    [
      -812.3056990343698,
      0.14247474614302671
    ],
    [
      -811.948074238569,
      0.1424722127439504
    ],
    [
      -811.5298456746336,
      0.14246925021634452
    ],
    [
      -811.063318482023,
      0.14246594580153435
    ],
    [
      -810.0710867726443,
      0.14245891864949473
    ],
    [
      -808.5878748455616,
      0.1424484164032041
    ],
    [
      -808.5232884744356,
      0.14097164597060194
    ],
    [
      -807.6664285349937,
      0.1409650540841659
    ],
    [
      -806.8949145372686,
      0.14095911987254253
    ],
    [
      -805.7442000949148,
      0.14031042390799747
    ],
    [
      -804.7136780697183,
      0.13966150518029544
    ],
    [
      -803.0928214852387,
      0.13964831129342556
    ],
    [
      -800.5233966571815,
      0.1381614001939862
    ],
    [
      -800.2272809710944,
      0.13815886461600932
    ],
    [
      -799.6748456229678,
      0.13815413492348003
    ],
    [
      -798.9108133248542,
      0.13814759513531671
    ],
    [
      -798.4513945185013,
      0.13814366354504867
    ],
    [
      -797.4742819585924,
      0.1381353037534228
    ],
    [
      -796.013672283651,
      0.13812281265532783
    ],
    [
      -795.1475805469104,
      0.13648570491039516
    ],
    [
      -792.959236038245,
      0.1364662271959212
    ],
    [
      -792.9090555463112,
      0.13577039762792337
    ],
    [
      -791.8614761116196,
      0.13506538092807213
    ],
    [
      -791.5177683614398,
      0.13483220731749515
    ],
    [
      -790.6794069285921,
      0.13462785370776287
    ],
    [
      -790.4510078633954,
      0.13443839088586215
    ],
    [
      -790.1585477087551,
      0.1344357237766012
    ],
    [
      -789.6343752019168,
      0.13413832274726603
    ],
    [
      -789.5950352392811,
      0.13412390416679604
    ],
    [
      -789.3028860089438,
      0.1341212376891863
    ],
    [
      -789.2319452367057,
      0.1339910031849527
    ],
    [
      -788.9399279090127,
      0.13398833764974682
    ],
    [
      -788.9071016929385,
      0.1339880380397464
    ],
    [
      -788.6681060906958,
      0.13378530012059442
    ],
    [
      -788.3762936095072,
      0.13378263686941028
    ],
    [
      -788.3434904208373,
      0.13378233751682153
    ],
    [
      -788.1562320382734,
      0.13359934626423275
    ],
    [
      -788.0373942843812,
      0.13355629137414796
    ],
    [
      -787.7458109683957,
      0.1335536318919795
    ],
    [
      -787.7130335408647,
      0.13355333296383493
    ],
    [
      -787.2018314563458,
      0.13354867159620365
    ],
    [
      -786.449494262337,
      0.13354181406441354
    ],
    [
      -785.9971080766112,
      0.1335376920752209
    ],
    [
      -785.0349534586628,
      0.13352892898920918
    ],
    [
      -784.354468420678,
      0.133522734357011
    ],
    [
      -783.5967048925564,
      0.1335158392325605
    ],
    [
      -781.1299788517697,
      0.13350901099649568
    ],
    [
      -780.4739684786593,
      0.1334874577680009
    ]
  ],
  "hall_of_fame": [
    [
      0.007541536795371284,
      1.0
    ],
    [
      0.12627906854947774,
      1.0
    ],
    [
      0.12627906854947774,
      0.9084565173902772
    ],
    [
      0.1391390715205405,
      1.0
    ],
    [
      0.1391390715205405,
      0.9634321887537777
    ],
    [
      0.1391390715205405,
      0.895209158949168
    ],
    [
      0.1391390715205405,
      0.8517158843818226
    ],
    [
      0.1391390715205405,
      0.8008509139773977
    ],
    [
      0.1391390715205405,
      0.744110280968943
    ],
    [
      0.1391390715205405,
      0.6234261217107868
    ],
    [
      0.1391390715205405,
      0.443010471292977
    ],
    [
      0.1641502491972238,
      1.0
    ],
    [
      0.1641502491972238,
      0.895209158949168
    ],
    [
      0.1641502491972238,
      0.8008509139773977
    ],
    [
      0.823807241964088,
      0.895209158949168
    ],
    [
      0.18916142687390708,
      1.0
    ],
    [
      0.18916142687390708,
      0.8008509139773977
    ],
    [
      0.22321004809092782,
      1.0
    ],
    [
      0.22321004809092782,
      0.9634321887537777
    ],
    [
      0.22321004809092782,
      0.895209158949168
    ],
    [
      0.22321004809092782,
      0.8008509139773977
    ],
    [
      0.22321004809092782,
      0.744110280968943
    ],
    [
      0.22321004809092782,
      0.6234261217107868
    ],
    [
      0.22321004809092782,
      0.443010471292977
    ],
    [
      0.2719393871237721,
      0.895209158949168
    ],
    [
      0.2719393871237721,
      0.6234261217107868
    ],
    [
      0.2985681999181107,
      0.8549714356002184
    ],
    [
      0.6686949810929446,
      0.9634321887537777
    ],
    [
      0.6558349781218817,
      1.0
    ],
    [
      0.6436838034162613,
      0.9634321887537777
    ],
    [
      0.6308238004451985,
      1.0
    ],
    [
      0.6308238004451985,
      0.9634321887537777
    ],
    [
      0.6071056390890375,
      1.0
    ],
    [
      0.6058126227685152,
      1.0
    ],
    [
      0.6058126227685152,
      0.9634321887537777
    ],
    [
      0.5929526197974524,
      1.0
    ],
    [
      0.5929526197974524,
      0.9634321887537777
    ],
    [
      0.5929526197974524,
      0.959321487794702
    ],
    [
      0.5679414421207691,
      1.0
    ],
    [
      0.5679414421207691,
      0.9634321887537777
    ],
    [
      0.5679414421207691,
      0.959321487794702
    ],
    [
      0.530070261473023,
      1.0
    ],
    [
      0.4941338856636458,
      1.0
    ],
    [
      0.4941338856636458,
      0.9634321887537777
    ],
    [
      0.4941338856636458,
      0.959321487794702
    ],
    [
      0.4941338856636458,
      0.895209158949168
    ],
    [
      0.4941338856636458,
      0.8008509139773977
    ],
    [
      0.4941338856636458,
      0.744110280968943
    ],
    [
      0.4941338856636458,
      0.6234261217107868
    ],
    [
      0.4941338856636458,
      0.5380674122270989
    ],
    [
      0.4941338856636458,
      0.443010471292977
    ],
    [
      0.4810756992096671,
      0.1280459539063783
    ],
    [
      0.4941338856636458,
      0.05123096643436986
    ]
  ]
}