{
  "run_id": 7,
  "seed": 28507,
  "pop": 20,
  "ngen": 15,
  "steps": 150,
  "base_seed": 7000,
  "elapsed_s": 2.172400951385498,
  "hof_fitness": [
    [
      -983.2776394728505,
      0.12318279764615299
    ],
    [
      -982.5579293804618,
      0.12318279764614562
    ]
  ],
  "hall_of_fame": [
    [
      1.0,
      0.8597762397692592
    ],
    [
      1.0,
      0.7859519240705504
    ]
  ]
}