{
  "run_id": 3,
  "seed": 28503,
  "pop": 20,
  "ngen": 15,
  "steps": 150,
  "base_seed": 7000,
  "elapsed_s": 2.2056620121002197,
  "hof_fitness": [
    [
      -978.1528067719044,
      0.123182797646157
    ]
  ],
  "hall_of_fame": [
    [
      0.0,
      0.33409614827378564
    ]
  ]
}