{
  "run_id": 4,
  "seed": 28504,
  "pop": 20,
  "ngen": 15,
  "steps": 150,
  "base_seed": 7000,
  "elapsed_s": 2.272719144821167,
  "hof_fitness": [
    [
      -906.3000754904415,
      0.14331551405477347
    ],
    [
      -810.2751441262403,
      0.1415532181153204
    ],
    [
      -810.1696888108701,
      0.1415524302461575
    ],
    [
      -810.0770103148816,
      0.14155173784804972
    ],
    [
      -809.6131646192487,
      0.14154827266731568
    ],
    [
      -809.5885988215127,
      0.1413269936212743
    ],
    [
      -809.5809829689751,
      0.14132693604893706
    ],
    [
      -809.4832310087553,
      0.14132619709737626
    ],
    [
      -802.8394177518568,
      0.1389970965618702
    ],
    [
      -802.7349106020312,
      0.1389962248965603
    ],
    [
      -802.1833903144902,
      0.13899162528800982
    ],
    [
      -800.9626283903846,
      0.13832098717142383
    ],
    [
      -800.8583607190667,
      0.1383200984910422
    ],
    [
      -799.9955394282197,
      0.13796900797446218
    ],
    [
      -799.891395183151,
      0.1379681113184494
    ],
    [
      -799.1638512573232,
      0.13796184827495153
    ],
    [
      -798.8299548019597,
      0.13795897447961397
    ],
    [
      -798.5924518974314,
      0.13795693053697372
    ],
    [
      -798.5009333745703,
      0.13795614297761585
    ],
    [
      -797.4437556185652,
      0.13703116865490347
    ],
    [
      -797.43625174915,
      0.13703110253052833
    ],
    [
      -797.352515024861,
      0.1370303646529251
    ],
    [
      -797.3450112003424,
      0.1370302985313588
    ],
    [
      -797.3399371337289,
      0.13703025382024547
    ],
    [
      -796.6146690037233,
      0.13702386391316274
    ],
    [
      -796.3730512194587,
      0.13702173557370392
    ],
    [
      -796.2818170287339,
      0.13702093197223567
    ],
    [
      -796.1152057527127,
      0.13653914888351154
    ],
    [
      -796.0115569197529,
      0.13653822638569263
    ],
    [
      -795.4645663591452,
      0.13653335871829914
    ],
    [
      -795.2874739954943,
      0.1365317830156594
    ],
    [
      -794.6639769327393,
      0.1365262363095981
    ],
    [
      -794.6103107486932,
      0.13652575895719024
    ],
    [
      -794.5192282646334,
      0.1365249488174389
    ],
    [
      -794.4281463255879,
      0.13652413871381414
    ],
    [
      -793.3178414143592,
      0.13553726710840963
    ],
    [
      -793.25755661522,
      0.13553672221737853
    ],
    [
      -793.2270529772348,
      0.1355364465127371
    ],
    [
      -792.6824213914564,
      0.13526385027053855
    ],
    [
      -792.5792110761467,
      0.13526291450021008
    ],
    [
      -792.0345347701834,
      0.13525797690507635
    ],
    [
      -791.8581916807179,
      0.13525637860454381
    ],
    [
      -791.5272896680781,
      0.1352533798201958
    ],
    [
      -791.1838935726944,
      0.13525026832482143
    ],
    [
      -791.0559383951243,
      0.13524910906356966
    ],
    [
      -791.0075604223412,
      0.13524867078293223
    ],
    [
      -790.9685521440456,
      0.13462922649012965
    ],
    [
      -790.9611080631165,
      0.13462915865887426
    ],
    [
      -790.8655608548775,
      0.13462828804631832
    ],
    [
      -790.3220404478293,
      0.13462333640386853
    ],
    [
      -789.9063790592795,
      0.13461955055939676
    ],
    [
      -789.6173942256863,
      0.13461691897643266
    ],
    [
      -789.6170357091916,
      0.13461691571192766
    ],
    [
      -789.5809984742541,
      0.13461658757432107
    ],
    [
      -789.526530235375,
      0.13461609162482674
    ],
    [
      -789.4732045368496,
      0.13461560609236256
    ],
    [
      -789.4360253063907,
      0.13461526758221348
    ],
    [
      -789.3455209221878,
      0.13461444358408609
    ],
    [
      -789.2972456238991,
      0.13461400407727647
    ],
    [
      -789.219192733737,
      0.13398634137718046
    ],
    [
      -789.1164250699481,
      0.1339854032622139
    ],
    [
      -788.4466712745408,
      0.1339792907628309
    ],
    [
      -788.3503818393436,
      0.13366978311455158
    ],
    [
      -788.0339149901166,
      0.13355503151555254
    ],
    [
      -788.0264980266644,
      0.1335549638612159
    ],
    [
      -787.9312988811637,
      0.1335540955225817
    ],
    [
      -787.3897584672478,
      0.13354915692562208
    ],
    [
      -787.2144306685727,
      0.13354755836310256
    ],
    [
      -786.9756113370031,
      0.13354538118433124
    ],
    [
      -786.687679300009,
      0.13354275669014218
    ],
    [
      -786.6873220896321,
      0.13354275343446195
    ],
    [
      -786.6514161427168,
      0.1335424261845758
    ],
    [
      -786.5971463387834,
      0.1335419315783693
    ],
    [
      -786.5440149134033,
      0.13354144736285287
    ],
    [
      -786.5069711325641,
      0.13354110977195147
    ],
    [
      -786.453840028057,
      0.13354062558569305
    ],
    [
      -786.3686970483245,
      0.13353984970607757
    ],
    [
      -786.3636656872612,
      0.1335398038582
    ],
    [
      -782.9392768693734,
      0.13350863166355445
    ],
    [
      -781.6237457507594,
      0.1334966735200872
    ]
  ],