{
  "run_id": 1,
  "seed": 4001,
  "n_eval_seeds": 1,
  "pop_size": 5,
  "n_generations": 2,
  "elapsed_s": 0.07282185554504395,
  "hof_fitness": [
    [
      -808.4348620878533,
      0.13462094086580242
    ],
    [
      -801.7103115744586,
      0.1345670005277953
    ],
    [
      -801.5607659819802,
      0.1345658021053257
    ],
    [
      -791.1377105670385,
      0.12619515991019217
    ],
    [
      -786.3291720199122,
      0.12614678877189556
    ],
    [
      -786.1824557568108,
      0.12614531449840335
    ],
    [
      -781.8956559721933,
      0.12019999271218641
    ],
    [
      -781.0388834050432,
      0.11920643280981603
    ],
    [
      -780.1652343739221,
      0.11919727856846302
    ],
    [
      -774.5391936168161,
      0.11913845583691512
    ]
  ],
  "hall_of_fame": [
    [
      0.9100399225681214,
      0.9210215744117725
    ],
    [
      0.9100399225681214,
      0.09477542465748712
    ],
    [
      0.9100399225681214,
      0.07639768984386008
    ],
    [
      0.8168889163347713,
      0.6970199954472706
    ],
    [
      0.8168889163347713,
      0.09477542465748712
    ],
    [
      0.8168889163347713,
      0.07639768984386008
    ],
    [
      0.6667012436714591,
      0.8099786891037587
    ],
    [
      0.6106294908233008,
      0.9210215744117725
    ],
    [
      0.6106294908233008,
      0.8099786891037587
    ],
    [
      0.6106294908233008,
      0.09477542465748712
    ]
  ],
  "logbook": [
    {
      "gen": 0,
      "nevals": 5,
      "avg": [
        -786.3120457697586,
        0.12400185019982728
      ],
      "min": [
        -808.4348620878533,
        0.11919727856846302
      ],
      "max": [
        -775.625932934302,
        0.13462094086580242
      ]
    },
    {
      "gen": 1,
      "nevals": 5,
      "avg": [
        -791.4990123792943,
        0.12694428516091064
      ],
      "min": [
        -808.4348620878533,
        0.11919727856846302
      ],
      "max": [
        -780.1652343739221,
        0.13462094086580242
      ]
    },
    {
      "gen": 2,
      "nevals": 5,
      "avg": [
        -792.4003408547201,
        0.1281334294980262
      ],
      "min": [
        -808.4348620878533,
        0.11913845583691512
      ],
      "max": [
        -774.5391936168161,
        0.13462094086580242
      ]
    }
  ]
}