{
  "run_id": 0,
  "seed": 4000,
  "n_eval_seeds": 1,
  "pop_size": 5,
  "n_generations": 2,
  "elapsed_s": 0.8704509735107422,
  "hof_fitness": [
    [
      -864.6218613852266,
      0.14750739506324576
    ],
    [
      -806.3864836194384,
      0.1336786711204451
    ],
    [
      -804.3020932550334,
      0.13366133288209844
    ],
    [
      -801.8008512554296,
      0.1336405412713844
    ],
    [
      -800.347937121441,
      0.1336284709368564
    ],
    [
      -779.8241197796586,
      0.11859251573312408
    ],
    [
      -777.8074819862243,
      0.11857151930318223
    ],
    [
      -773.9818710583017,
      0.1185317699252018
    ]
  ],
  "hall_of_fame": [
    [
      0.9907149349500014,
      0.9032179857797659
    ],
    [
      0.09769157069586376,
      0.9032179857797659
    ],
    [
      0.09769157069586376,
      0.6465400208620747
    ],
    [
      0.09769157069586376,
      0.3384953488898378
    ],
    [
      0.09769157069586376,
      0.15954207513044416
    ],
    [
      0.5451924592301121,
      0.9032179857797659
    ],
    [
      0.5451924592301121,
      0.6465400208620747
    ],
    [
      0.5451924592301121,
      0.15954207513044416
    ]
  ],
  "logbook": [
    {
      "gen": 0,
      "nevals": 5,
      "avg": [
        -799.6165123546314,
        0.12789977902742317
      ],
      "min": [
        -864.6218613852266,
        0.1185317699252018
      ],
      "max": [
        -773.9818710583017,
        0.14750739506324576
      ]
    },
    {
      "gen": 1,
      "nevals": 5,
      "avg": [
        -804.4289854473088,
        0.1308134383740776
      ],
      "min": [
        -864.6218613852266,
        0.1185317699252018
      ],
      "max": [
        -773.9818710583017,
        0.14750739506324576
      ]
    },
    {
      "gen": 2,
      "nevals": 5,
      "avg": [
        -805.0324545928133,
        0.13038776455577464
      ],
      "min": [
        -864.6218613852266,
        0.1185317699252018
      ],
      "max": [
        -773.9818710583017,
        0.14750739506324576
      ]
    }
  ]
}