{
  "run_id": 4,
  "seed": 5004,
  "strategy": "random",
  "elapsed_s": 18.284459352493286,
  "hof_fitness": [
    [
      -787.2453573353304,
      0.11383552122294398
    ],
    [
      -792.5059572428883,
      0.12001218771131442
    ],
    [
      -803.3767516131355,
      0.1266959828759002
    ],
    [
      -846.5905244052121,
      0.14541395509273805
    ],
    [
      -790.2340281611831,
      0.11644575020830553
    ],
    [
      -779.0625105526261,
      0.10624927011614513
    ],
    [
      -783.666152107837,
      0.11360052834670453
    ],
    [
      -772.1196698570365,
      0.09966007589206304
    ],
    [
      -773.0689919654277,
      0.10010444837512725
    ],
    [
      -771.235440851122,
      0.09956701068201519
    ],
    [
      -805.1406365462592,
      0.12970420624438317
    ],
    [
      -839.814343506169,
      0.14517053334424854
    ],
    [
      -774.7700277677351,
      0.10167828272452295
    ],
    [
      -770.4863109808797,
      0.09953352188843674
    ],
    [
      -825.2167576218537,
      0.13969004987659364
    ],
    [
      -794.9048551286998,
      0.12279777471136102
    ],
    [
      -773.5488848091215,
      0.10110317178694708
    ],
    [
      -812.9973777249359,
      0.13325074923336128
    ],
    [
      -771.1772689956982,
      0.09954339758726839
    ],
    [
      -792.8966309612823,
      0.12045225346214242
    ],
    [
      -782.1784225698432,
      0.11209054105767782
    ],
    [
      -776.7426282803971,
      0.1044151639503007
    ],
    [
      -823.6724879845663,
      0.1390557663343568
    ],
    [
      -792.3595926988276,
      0.11976771827917473
    ],
    [
      -794.8740340970438,
      0.12089295996926186
    ],
    [
      -782.1145100271807,
      0.10996058607206102
    ],
    [
      -777.0408061112721,
      0.1052016841458688
    ],
    [
      -820.9659981961893,
      0.1382467377672891
    ],
    [
      -791.2617795574214,
      0.11810191379419063
    ],
    [
      -766.8361521375781,
      0.09950569250457812
    ],
    [
      -781.1604424381102,
      0.10932853542835844
    ],
    [
      -775.4549986015692,
      0.10238313894190051
    ],
    [
      -775.824712366625,
      0.10372021059991596
    ],
    [
      -768.7325725287735,
      0.09951319952194912
    ],
    [
      -792.3408521973553,
      0.1181592966933894
    ],
    [
      -795.968463356607,
      0.12392331630968492
    ],
    [
      -792.3569895881727,
      0.11886687456064957
    ],
    [
      -788.0612907971216,
      0.11583634165984884
    ],
    [
      -817.2818074248979,
      0.13606000114859595
    ],
    [
      -803.8271997677501,
      0.12942360181510343
    ],
    [
      -766.1654746265766,
      0.09948615377553081
    ],
    [
      -772.6506823813123,
      0.09972163816610728
    ],
    [
      -775.6158475572446,
      0.10292307635524242
    ],
    [
      -797.3133194573301,
      0.12456539882668419
    ],
    [
      -799.7093315278743,
      0.12540335351932713
    ],
    [
      -800.6698218958718,
      0.1258118157737915
    ],
    [
      -781.1164601338263,
      0.10867673466499181
    ],
    [
      -773.3053019764701,
      0.10046641018711602
    ]
  ],
  "hall_of_fame": [
    [
      0.11519998257251651,
      0.9190289983913952
    ],
    [
      0.9272467498147204,
      0.6891486358609323
    ],
    [
      0.04271002021482029,
      0.9724238940543096
    ],
    [
      0.9969661468502002,
      0.776605258117931
    ],
    [
      0.904916740314266,
      0.9290595723222518
    ],
    [
      0.7941821684524961,
      0.9080516101286334
    ],
    [
      0.8830901605877176,
      0.4929311825966144
    ],
    [
      0.5432997631868929,
      0.9327882126224849
    ],
    [
      0.5950044752176057,
      0.9909488289560724
    ],
    [
      0.47848953431194974,
      0.8309879153982038
    ],
    [
      0.9673366689189812,
      0.6417288496221225
    ],
    [
      0.9966995098771634,
      0.14732520274061633
    ],
    [
      0.3198221003148294,
      0.9848201809108617
    ],
    [
      0.4945711561525331,
      0.7379503559900884
    ],
    [
      0.010462542701692334,
      0.752153845937402
    ],
    [
      0.05862124817942038,
      0.5581978332086767
    ],
    [
      0.6560741521307195,
      0.9079499488619108
    ],
    [
      0.023110421305994167,
      0.8978177670275334
    ],
    [
      0.5085118119839752,
      0.8269107776627773
    ],
    [
      0.9296491359041772,
      0.6714621020249818
    ],
    [
      0.13069007264825938,
      0.5116825194699958
    ],
    [
      0.2411899665661904,
      0.8585458996439765
    ],
    [
      0.9885248897491717,
      0.7554082189743252
    ],
    [
      0.07412136516912371,
      0.7077308839172353
    ],
    [
      0.06808778830458195,
      0.8545050435524377
    ],
    [
      0.8464799559935811,
      0.7961522762876895
    ],
    [
      0.7752184444234259,
      0.7891666706320652
    ],
    [
      0.9871730993947129,
      0.65655767013463
    ],
    [
      0.08404636730169224,
      0.8176777391491504
    ],
    [
      0.48533707009411176,
      0.2643286569358153
    ],
    [
      0.8389539430188334,
      0.7594740717182423
    ],
    [
      0.7049901863255875,
      0.9741034614875136
    ],
    [
      0.25726547848206993,
      0.8352906701074967
    ],
    [
      0.49918297871250894,
      0.5114390278145378
    ],
    [
      0.9162512048945454,
      0.9466914841794543
    ],
    [
      0.0535825277687515,
      0.5100940608977554
    ],
    [
      0.9206136127942997,
      0.8432508990483267
    ],
    [
      0.09934121318302891,
      0.7392393007099253
    ],
    [
      0.9830914895480206,
      0.7774557947412932
    ],
    [
      0.033497281582721694,
      0.5309283124072077
    ],
    [
      0.4980906765653935,
      0.17945188528727418
    ],
    [
      0.5530291036801545,
      0.9930789016095442
    ],
    [
      0.7214672674791959,
      0.9191629211604505
    ],
    [
      0.05088784630474141,
      0.5736883860976926
    ],
    [
      0.047546517267522126,
      0.7346806780107135
    ],
    [
      0.9540286803899547,
      0.7857738519673652
    ],
    [
      0.16942334111678148,
      0.8427324768665706
    ],
    [
      0.3786320584564946,
      0.9686217608508069
    ]
  ],
  "logbook": []
}