{
  "run_id": 8,
  "seed": 5008,
  "strategy": "random",
  "elapsed_s": 17.55700159072876,
  "hof_fitness": [
    [
      -817.8663645319892,
      0.13867000031899376
    ],
    [
      -773.8362216956112,
      0.10241861242050279
    ],
    [
      -816.9727764790479,
      0.13653496437859242
    ],
    [
      -794.6494071463795,
      0.12234940936580349
    ],
    [
      -815.3907585677679,
      0.13479853998379457
    ],
    [
      -772.2709423608259,
      0.09990600255792512
    ],
    [
      -868.6786109481247,
      0.1465289376932475
    ],
    [
      -788.1582109663967,
      0.11511832017263932
    ],
    [
      -784.5289398709739,
      0.1121061675481935
    ],
    [
      -789.6188421835539,
      0.11600523083957928
    ],
    [
      -778.9332668598491,
      0.10806407741762183
    ],
    [
      -772.0715824055694,
      0.09986938626697396
    ],
    [
      -814.3215078443652,
      0.13404390776018804
    ],
    [
      -766.4628378575464,
      0.09949283532997534
    ],
    [
      -773.2114891312939,
      0.10059739319759034
    ],
    [
      -779.5069547474958,
      0.10813686021845495
    ],
    [
      -781.716802307454,
      0.10890322485072759
    ],
    [
      -778.5156846499422,
      0.10714608008507878
    ],
    [
      -812.0622372798781,
      0.13226664178443112
    ],
    [
      -778.7118602121466,
      0.10734214188318916
    ],
    [
      -834.4426412799385,
      0.14337823049465923
    ],
    [
      -796.3011282750692,
      0.12291157102982297
    ],
    [
      -791.8864693144659,
      0.11759210950046708
    ],
    [
      -774.0243503932005,
      0.10242769548819328
    ],
    [
      -771.7671501631347,
      0.09954771884459444
    ],
    [
      -770.3219806153159,
      0.0995368787080345
    ],
    [
      -782.3852145661946,
      0.10902311851135968
    ],
    [
      -776.8769823637741,
      0.10377205783411705
    ],
    [
      -777.3088736236094,
      0.10418889728312508
    ],
    [
      -785.7368168604797,
      0.11280311463484063
    ],
    [
      -800.1271302552839,
      0.12744767053584088
    ],
    [
      -803.1410955788399,
      0.1301708291654615
    ],
    [
      -776.9999136226579,
      0.10404290252981593
    ],
    [
      -784.058336751714,
      0.11145079506938689
    ],
    [
      -771.922848717916,
      0.09961161887718581
    ],
    [
      -766.5330728576745,
      0.09951006507399725
    ],
    [
      -772.9228888162663,
      0.10023622061154855
    ],
    [
      -773.3366077755583,
      0.10105357333836859
    ],
    [
      -766.0907696267794,
      0.09948807886677423
    ],
    [
      -798.7461777717491,
      0.12366869033089026
    ],
    [
      -786.6439230122014,
      0.1129813230696732
    ],
    [
      -847.8828548240672,
      0.145805337636626
    ],
    [
      -784.0198989224216,
      0.11031860725457346
    ],
    [
      -803.8198589694209,
      0.13166402942139194
    ],
    [
      -773.4487356335958,
      0.10131278311218275
    ],
    [
      -775.1865684720108,
      0.10326117134021193
    ],
    [
      -774.6350419220506,
      0.10293601441816211
    ],
    [
      -780.3015930096715,
      0.10825042658603537
    ],
    [
      -825.0414135848869,
      0.13881316473496327
    ],
    [
      -777.8572019160127,
      0.10487836923539232
    ],
    [
      -788.7035455766035,
      0.11584073516217949
    ]
  ],
  "hall_of_fame": [
    [
      0.012076285340563042,
      0.1569644713819769
    ],
    [
      0.29328917890591966,
      0.7581489747535065
    ],
    [
      0.015958684370488307,
      0.620640099106144
    ],
    [
      0.9392636039147513,
      0.5974410928402915
    ],
    [
      0.9804468729831597,
      0.8462056738312947
    ],
    [
      0.5770370151167625,
      0.9159526136737426
    ],
    [
      0.000920501766220605,
      0.9609342801280197
    ],
    [
      0.10479787660619999,
      0.8543333393571256
    ],
    [
      0.13077874785733146,
      0.8116823618356481
    ],
    [
      0.09821306002945229,
      0.9140914828899462
    ],
    [
      0.1774792375387123,
      0.6440648769856169
    ],
    [
      0.42673757243449284,
      0.8953091494552211
    ],
    [
      0.021244237000913713,
      0.8864706762969076
    ],
    [
      0.4920182687455157,
      0.21738013165205683
    ],
    [
      0.6295337935921455,
      0.9372242091685806
    ],
    [
      0.8234553404330961,
      0.7083215217387029
    ],
    [
      0.8334657713743984,
      0.8893550105372854
    ],
    [
      0.8089947824450251,
      0.7149403479590509
    ],
    [
      0.9744266749047882,
      0.9919037342528453
    ],
    [
      0.8119799839195454,
      0.7136439240735394
    ],
    [
      0.00538380309862474,
      0.5001434004743133
    ],
    [
      0.941852870063475,
      0.7165682283560285
    ],
    [
      0.9126284169611865,
      0.9725866521851071
    ],
    [
      0.7069359822137218,
      0.781386182712166
    ],
    [
      0.5062651353028242,
      0.9034720888322739
    ],
    [
      0.48922054227805234,
      0.715938514195782
    ],
    [
      0.16507873402604878,
      0.959278701261688
    ],
    [
      0.7437306270758618,
      0.9649595671318918
    ],
    [
      0.24644782830578438,
      0.9633741129798437
    ],
    [
      0.12425936131992843,
      0.8700240149419118
    ],
    [
      0.9600780242854247,
      0.43081172887128283
    ],
    [
      0.03122118135978036,
      0.302048103638051
    ],
    [
      0.7502297100935147,
      0.9434074199108344
    ],
    [
      0.13732241655791033,
      0.8417784255898288
    ],
    [
      0.5330706824855096,
      0.9142780189291023
    ],
    [
      0.5185427302137179,
      0.22400561016595377
    ],
    [
      0.6056601581807479,
      0.9524144905219555
    ],
    [
      0.3461845793229317,
      0.8873871337119427
    ],
    [
      0.492939242380956,
      0.16938623136583564
    ],
    [
      0.945195234702019,
      0.9027382440925145
    ],
    [
      0.12270547822964306,
      0.9616333874856549
    ],
    [
      0.0025766793007103717,
      0.599226333752658
    ],
    [
      0.8503893579164765,
      0.9926757773416619
    ],
    [
      0.9729747901525737,
      0.09054040047197243
    ],
    [
      0.6656616186085099,
      0.8647180166748596
    ],
    [
      0.7310345888212847,
      0.8160584075712886
    ],
    [
      0.7221510998358828,
      0.7896354623917258
    ],
    [
      0.8249160864276994,
      0.7955643985145375
    ],
    [
      0.011888903100147452,
      0.9941537126177008
    ],
    [
      0.7684851071637547,
      0.9395435658571223
    ],
    [
      0.09935604716239688,
      0.8207336945988997
    ]
  ],
  "logbook": []
}