{
  "run_id": 2,
  "seed": 5002,
  "strategy": "random",
  "elapsed_s": 16.88331413269043,
  "hof_fitness": [
    [
      -786.3920654104305,
      0.11361904361394096
    ],
    [
      -826.3064897462953,
      0.14119317081744115
    ],
    [
      -765.9818333220255,
      0.09949149406362459
    ],
    [
      -774.497701366484,
      0.10190079812411748
    ],
    [
      -779.8261523929411,
      0.10721205709352336
    ],
    [
      -806.3449350940019,
      0.1319472694208845
    ],
    [
      -777.4938909862324,
      0.10600594911008243
    ],
    [
      -800.7943255390936,
      0.12678073140210883
    ],
    [
      -767.5793337263115,
      0.09950099325931991
    ],
    [
      -795.7587550300842,
      0.12265867097069569
    ],
    [
      -793.038040509258,
      0.11904759506134868
    ],
    [
      -787.1191302246989,
      0.11471333575350354
    ],
    [
      -774.1000650914667,
      0.10153944286101804
    ],
    [
      -875.6964672085794,
      0.14537833617882706
    ],
    [
      -786.8576437058144,
      0.11404417250284464
    ],
    [
      -772.8380041716903,
      0.09997449344544848
    ],
    [
      -826.1809380129416,
      0.14011839059123313
    ],
    [
      -809.2591744719058,
      0.13312409996369975
    ],
    [
      -773.7269203712347,
      0.10098233980898538
    ],
    [
      -797.7434418156173,
      0.12285082857790527
    ],
    [
      -774.1550220812059,
      0.10186883342521277
    ],
    [
      -775.1438866170212,
      0.10207443243852002
    ],
    [
      -802.9772735926482,
      0.127417044818597
    ],
    [
      -790.3982918236452,
      0.11674073705733198
    ],
    [
      -776.6131667330511,
      0.1043420140517389
    ],
    [
      -788.8010055762605,
      0.11662612309590584
    ],
    [
      -785.4504011967667,
      0.11302376750821072
    ],
    [
      -816.7838459381489,
      0.13561442874419777
    ],
    [
      -778.4881403077342,
      0.10641671222847712
    ],
    [
      -772.2908271097093,
      0.0995526449100668
    ],
    [
      -791.4600787348653,
      0.11792810899966424
    ],
    [
      -790.6774706954683,
      0.11699509501778874
    ],
    [
      -777.3859201371687,
      0.10442001424944178
    ],
    [
      -769.3820502970947,
      0.09952006712040097
    ],
    [
      -778.5571375851258,
      0.1068389551862878
    ],
    [
      -818.543770052296,
      0.13787105220339724
    ],
    [
      -794.5166570224807,
      0.12088129631845809
    ],
    [
      -768.7816898047765,
      0.09951854930665784
    ],
    [
      -770.6611827743803,
      0.09954373581270912
    ],
    [
      -782.7450735834547,
      0.11026209986839522
    ],
    [
      -775.8526394402826,
      0.10321317917814646
    ],
    [
      -791.2950892293503,
      0.11745356711327601
    ],
    [
      -799.4409182873777,
      0.12373164608476508
    ],
    [
      -765.9786231334355,
      0.09948430400657225
    ],
    [
      -782.1132101302139,
      0.10881144715967575
    ],
    [
      -784.780952598761,
      0.11196363955587715
    ],
    [
      -784.2435328284345,
      0.11097835728704938
    ],
    [
      -779.8442721689619,
      0.10858465418353369
    ]
  ],
  "hall_of_fame": [
    [
      0.8830070219297593,
      0.8400122455417914
    ],
    [
      0.0082217744176174,
      0.3894518394084723
    ],
    [
      0.48870607967334023,
      0.1546178632528875
    ],
    [
      0.31128585061414116,
      0.9176060880251964
    ],
    [
      0.8097955302102537,
      0.875571828820104
    ],
    [
      0.9736858542592186,
      0.34694322492125573
    ],
    [
      0.7902145249426747,
      0.7379484405660385
    ],
    [
      0.04232579482009313,
      0.6329051981543685
    ],
    [
      0.4989212977280826,
      0.3623087881547775
    ],
    [
      0.9406907638324221,
      0.6885377212477927
    ],
    [
      0.07834284017786619,
      0.9028151468183452
    ],
    [
      0.10791516752188501,
      0.7788588667345407
    ],
    [
      0.6749299784742017,
      0.9172468537653201
    ],
    [
      0.0004532112036067515,
      0.3722984812601855
    ],
    [
      0.11339352920368895,
      0.8399337294512261
    ],
    [
      0.41659227381617603,
      0.9799696775053838
    ],
    [
      0.990196843766908,
      0.7347839177442399
    ],
    [
      0.02336419811435564,
      0.46122435240619175
    ],
    [
      0.6501207279716719,
      0.948649086237969
    ],
    [
      0.9415120285942224,
      0.9088172625857184
    ],
    [
      0.3123243009300527,
      0.8774575511219187
    ],
    [
      0.6946854010454832,
      0.9772190761676482
    ],
    [
      0.04010535237603885,
      0.7941008535649055
    ],
    [
      0.09302314099377573,
      0.9072201632670296
    ],
    [
      0.7572088381019834,
      0.8518103786247596
    ],
    [
      0.0937129719869243,
      0.7198643880776028
    ],
    [
      0.8777951021296657,
      0.8024721684676867
    ],
    [
      0.017819393158133745,
      0.8249082672015138
    ],
    [
      0.7971579985852777,
      0.8107595467904596
    ],
    [
      0.5053156777334871,
      0.9712765327165006
    ],
    [
      0.08516592189860828,
      0.868661713281546
    ],
    [
      0.09128947302924106,
      0.9058141374149086
    ],
    [
      0.7587598882834649,
      0.941465070707276
    ],
    [
      0.49956261643333166,
      0.5954248183524288
    ],
    [
      0.1958766657215607,
      0.7621315353866254
    ],
    [
      0.9865296159532339,
      0.4631538566710012
    ],
    [
      0.06813232837451866,
      0.8109579195106232
    ],
    [
      0.5090970326499272,
      0.5170686396445542
    ],
    [
      0.48690723917661616,
      0.7593100299082829
    ],
    [
      0.15010016713436725,
      0.8361354009632969
    ],
    [
      0.7295335820384934,
      0.9094440283799504
    ],
    [
      0.9117530739179875,
      0.9175216110952017
    ],
    [
      0.054551997550566944,
      0.9801873397315556
    ],
    [
      0.5024181053245431,
      0.1552689583600093
    ],
    [
      0.1677885209998552,
      0.9530778805138507
    ],
    [
      0.8677909995358389,
      0.8638263329255998
    ],
    [
      0.14232661585239836,
      0.9307446006270234
    ],
    [
      0.8295336442143437,
      0.6909490559676399
    ]
  ],
  "logbook": []
}