{
  "run_id": 0,
  "seed": 5000,
  "strategy": "random",
  "elapsed_s": 17.20947003364563,
  "hof_fitness": [
    [
      -776.5579645719139,
      0.10478968174682735
    ],
    [
      -769.8715234139116,
      0.09953269952542808
    ],
    [
      -798.5157256543142,
      0.12432421234954208
    ],
    [
      -814.2171267342311,
      0.13523724486907215
    ],
    [
      -764.9598566214128,
      0.09947472045292906
    ],
    [
      -766.5962610252508,
      0.09949050591241947
    ],
    [
      -771.8840479918748,
      0.09956902701991587
    ],
    [
      -808.0294244528114,
      0.13055190709379697
    ],
    [
      -772.2832230031487,
      0.09967518943451717
    ],
    [
      -777.0146096452728,
      0.10482279701760269
    ],
    [
      -774.6719914292635,
      0.10221346241701654
    ],
    [
      -812.6589526597655,
      0.13332570447552253
    ],
    [
      -781.5283633422561,
      0.10810681555123566
    ],
    [
      -785.0061833998117,
      0.1125265887887111
    ],
    [
      -781.9678100852263,
      0.10895423167171905
    ],
    [
      -778.6886193238249,
      0.10522946909398054
    ],
    [
      -798.1573045951383,
      0.12366732281121424
    ],
    [
      -795.7860848763529,
      0.12126303462186203
    ],
    [
      -772.872239572339,
      0.10003403247001455
    ],
    [
      -775.7132860047717,
      0.10249772177789485
    ],
    [
      -777.7259579796228,
      0.10489240930722354
    ],
    [
      -773.5370348404938,
      0.1007877631011197
    ],
    [
      -790.7238862278182,
      0.11712915434146609
    ],
    [
      -787.138332498219,
      0.11373583489077657
    ],
    [
      -781.4358813585411,
      0.1080123028324946
    ],
    [
      -773.9853146855987,
      0.1012559748338682
    ],
    [
      -802.3096029595298,
      0.1258068908307229
    ],
    [
      -773.955730731128,
      0.10090287938804757
    ],
    [
      -771.2075107640538,
      0.09954107397213315
    ],
    [
      -788.1997548397011,
      0.11437096434578493
    ],
    [
      -770.9286441503672,
      0.09954063037549545
    ],
    [
      -786.8243229535748,
      0.11310295381502508
    ],
    [
      -765.1263203962088,
      0.09948317426903627
    ],
    [
      -788.096661455339,
      0.11407429790084629
    ],
    [
      -770.9173214012799,
      0.09953637735485434
    ],
    [
      -783.7852100038759,
      0.11032584829594258
    ],
    [
      -788.979874491254,
      0.11657135771890001
    ],
    [
      -821.3227113486212,
      0.1381028507707676
    ],
    [
      -788.3494550888673,
      0.11531604867641468
    ],
    [
      -815.614653226534,
      0.1356327379463493
    ],
    [
      -793.1025976209763,
      0.11914352544896031
    ],
    [
      -774.1119547291647,
      0.10176502015747954
    ],
    [
      -796.2535089812972,
      0.12245941072490682
    ],
    [
      -775.873348238203,
      0.10313003003011831
    ]
  ],
  "hall_of_fame": [
    [
      0.2330654737797524,
      0.7830144643540888
    ],
    [
      0.48875170015228386,
      0.6576033264859533
    ],
    [
      0.9480519469910073,
      0.7655270726372785
    ],
    [
      0.01858655177701496,
      0.5981496173288332
    ],
    [
      0.4948710158083459,
      0.02334026467551298
    ],
    [
      0.5001986339212392,
      0.23519219799478686
    ],
    [
      0.5194896616242032,
      0.9155784170231064
    ],
    [
      0.9697949632261275,
      0.837940047411244
    ],
    [
      0.5458202945387344,
      0.95193247679014
    ],
    [
      0.7675220682321814,
      0.8377666033077765
    ],
    [
      0.30034974683119875,
      0.8960149032219188
    ],
    [
      0.022923118487402583,
      0.8394756760991003
    ],
    [
      0.1772761343366699,
      0.9737134379972059
    ],
    [
      0.12677846692262973,
      0.8146666015492051
    ],
    [
      0.8340916107925784,
      0.9147996974209323
    ],
    [
      0.7754079771687414,
      0.9992262095700787
    ],
    [
      0.9452112731055846,
      0.8285582981319994
    ],
    [
      0.06619873870893889,
      0.912636279624269
    ],
    [
      0.4110038886627143,
      0.9756291823177617
    ],
    [
      0.29142384805573773,
      0.9916018925142243
    ],
    [
      0.23119387347618092,
      0.9205705455461392
    ],
    [
      0.6401373943417833,
      0.9520492130611231
    ],
    [
      0.09038116316099576,
      0.8921617194308328
    ],
    [
      0.11604754594409472,
      0.9193266970299977
    ],
    [
      0.8214010738122686,
      0.974656118791243
    ],
    [
      0.6628873925027536,
      0.9429226965096411
    ],
    [
      0.9539586887650506,
      0.9930657066473416
    ],
    [
      0.354024821994411,
      0.9900374455565621
    ],
    [
      0.5052440937575272,
      0.8312172809888273
    ],
    [
      0.11078592156637179,
      0.9657991017636518
    ],
    [
      0.4916120395547695,
      0.794782940225342
    ],
    [
      0.8783847554655972,
      0.9677889729306235
    ],
    [
      0.5118374867140496,
      0.04387197148670219
    ],
    [
      0.1132467345087238,
      0.9945227448273354
    ],
    [
      0.5003512617102376,
      0.7939380089426544
    ],
    [
      0.8505006136436781,
      0.961436843195946
    ],
    [
      0.09410925041447027,
      0.7506469661841609
    ],
    [
      0.986917943159356,
      0.740387623434672
    ],
    [
      0.8967164404460299,
      0.8505983780973428
    ],
    [
      0.017767983506652207,
      0.6761485068420878
    ],
    [
      0.07777720989989034,
      0.8965977768956114
    ],
    [
      0.31619890354820734,
      0.8866086080857573
    ],
    [
      0.06027609215569785,
      0.7830120610552675
    ],
    [
      0.27275861473427665,
      0.9237472316231131
    ]
  ],
  "logbook": []
}