{
  "run_id": 7,
  "seed": 5007,
  "strategy": "random",
  "elapsed_s": 17.153836011886597,
  "hof_fitness": [
    [
      -779.0518560063018,
      0.1057852641912301
    ],
    [
      -782.8888485094175,
      0.11071646540658622
    ],
    [
      -808.1723273541328,
      0.13075375480417264
    ],
    [
      -790.3700863919656,
      0.11771986837804589
    ],
    [
      -779.8966765639942,
      0.10670812672635846
    ],
    [
      -765.3814760067818,
      0.099484500716131
    ],
    [
      -792.3754150888498,
      0.11902523815027619
    ],
    [
      -765.344150368595,
      0.09948324024066087
    ],
    [
      -796.2949554571529,
      0.12240371033621397
    ],
    [
      -813.8481961627862,
      0.13329253040625358
    ],
    [
      -802.4145218062031,
      0.12586313398652593
    ],
    [
      -771.4586086786355,
      0.0995490905708856
    ],
    [
      -772.0654438769346,
      0.09954922228584549
    ],
    [
      -775.7040403780378,
      0.10341093027938766
    ],
    [
      -765.9382322142311,
      0.09948543812159107
    ],
    [
      -815.5641220616278,
      0.13816473574509916
    ],
    [
      -788.7978562087043,
      0.11565899078683936
    ],
    [
      -769.7433157220877,
      0.09952990006276817
    ],
    [
      -855.7738231184514,
      0.14654238744310935
    ],
    [
      -774.1084482244642,
      0.10103661640982911
    ],
    [
      -765.0540794512126,
      0.09947643039074318
    ],
    [
      -789.1231885132585,
      0.11743470482008253
    ],
    [
      -792.8936414854098,
      0.12058531668004682
    ],
    [
      -775.5932714590273,
      0.10261016103928614
    ],
    [
      -772.2455385586637,
      0.09956675261710869
    ],
    [
      -808.2529183501564,
      0.13217005626718173
    ],
    [
      -802.8331754694831,
      0.12743995858641452
    ],
    [
      -822.7493485539615,
      0.13857600105171056
    ],
    [
      -812.5948906510665,
      0.13262373032929145
    ],
    [
      -776.7928380818391,
      0.10440179662619051
    ],
    [
      -838.1873990250599,
      0.1447249383897606
    ],
    [
      -783.5686570083159,
      0.11144109196629601
    ],
    [
      -773.1035546688876,
      0.10008189652574725
    ],
    [
      -849.1209560556701,
      0.14610633608658843
    ],
    [
      -778.6234555121364,
      0.10523061020906607
    ],
    [
      -780.5326066988052,
      0.10941538160711087
    ],
    [
      -795.9095926431146,
      0.12081878715373955
    ],
    [
      -827.5757609767677,
      0.14016483960232318
    ],
    [
      -824.178907788764,
      0.13927397926947394
    ],
    [
      -772.3260897961242,
      0.09979455716404097
    ],
    [
      -769.0857573817183,
      0.09951800091685611
    ],
    [
      -774.178391316418,
      0.10147605506428678
    ],
    [
      -835.6578400673436,
      0.14354086886873044
    ],
    [
      -857.5019410725433,
      0.14656426151074214
    ],
    [
      -784.1236993739002,
      0.11180295104494373
    ],
    [
      -829.5605738430997,
      0.14139385073469962
    ],
    [
      -789.0871496847016,
      0.1165224891508391
    ],
    [
      -784.387275548014,
      0.11233997786940006
    ],
    [
      -814.2869210240821,
      0.1349395192419802
    ],
    [
      -767.7524663325213,
      0.09950439855360049
    ],
    [
      -782.0037581640316,
      0.11007306383101564
    ],
    [
      -804.8100720822673,
      0.12896041723922583
    ],
    [
      -823.2961842584812,
      0.1389796936176073
    ],
    [
      -786.9687005139443,
      0.11346888038695171
    ],
    [
      -786.7825095608958,
      0.11326260696436843
    ],
    [
      -800.2128725353634,
      0.12478909436250489
    ],
    [
      -792.2304955559936,
      0.11842628588866219
    ]
  ],
  "hall_of_fame": [
    [
      0.2140849800320498,
      0.9701362492389047
    ],
    [
      0.8549809938019008,
      0.7923127641447141
    ],
    [
      0.9703725055576018,
      0.8158565590316899
    ],
    [
      0.9135580698405209,
      0.7603955877263587
    ],
    [
      0.8017569510045962,
      0.9534561116437218
    ],
    [
      0.4891949496052871,
      0.07707397345284683
    ],
    [
      0.07843887084753887,
      0.8218424060023622
    ],
    [
      0.4898987731875557,
      0.07237577262599793
    ],
    [
      0.06054459448203875,
      0.797144647040318
    ],
    [
      0.9769786965008409,
      0.9943050430052667
    ],
    [
      0.9541737172267001,
      0.9965768887524146
    ],
    [
      0.4891222866758256,
      0.8628819207945774
    ],
    [
      0.4967045758721853,
      0.9422899094139778
    ],
    [
      0.2651309091570303,
      0.8625515561963715
    ],
    [
      0.5056937356309819,
      0.14981285162435964
    ],
    [
      0.9870734730512606,
      0.01693604764072898
    ],
    [
      0.10071612589993517,
      0.8588823253110809
    ],
    [
      0.4898953832483246,
      0.6412408806589215
    ],
    [
      0.0015282099526839898,
      0.4754957940834844
    ],
    [
      0.3474126065680546,
      0.9906252078824348
    ],
    [
      0.506199385276901,
      0.035419507421122876
    ],
    [
      0.08823245636592136,
      0.6432150114863012
    ],
    [
      0.930368179941305,
      0.6506302372457264
    ],
    [
      0.2878663868933452,
      0.9601351496994721
    ],
    [
      0.5166128265202743,
      0.9632329396998575
    ],
    [
      0.025761452981633015,
      0.5382397062287377
    ],
    [
      0.04002101249289358,
      0.7719020351760923
    ],
    [
      0.012272999931857709,
      0.7819618816767666
    ],
    [
      0.9753353503836224,
      0.982724851714683
    ],
    [
      0.2414993866611609,
      0.8669132226503561
    ],
    [
      0.9961936380548444,
      0.24236811398395375
    ],
    [
      0.13736911813884511,
      0.7801104735689466
    ],
    [
      0.5930355529843789,
      0.9988016063571835
    ],
    [
      0.002204541690102868,
      0.43122831591721
    ],
    [
      0.22455524295169405,
      0.99061196643947
    ],
    [
      0.1598845583934062,
      0.6666066977373205
    ],
    [
      0.06853027597994654,
      0.9974339074900843
    ],
    [
      0.9902593574394248,
      0.8899153966028576
    ],
    [
      0.988878464563748,
      0.7522996979766229
    ],
    [
      0.43608812910685724,
      0.9397346691300064
    ],
    [
      0.504307578604302,
      0.556951024274212
    ],
    [
      0.6722870273142821,
      0.9365390318268401
    ],
    [
      0.005189903902697912,
      0.570321034897242
    ],
    [
      0.001476448520686846,
      0.6076623734102562
    ],
    [
      0.13374255913194377,
      0.8015455475957972
    ],
    [
      0.007955730590520682,
      0.7132547643016564
    ],
    [
      0.09446057737266789,
      0.7714286026970225
    ],
    [
      0.12849651181152233,
      0.7610570725857866
    ],
    [
      0.9807696383254709,
      0.676823629181678
    ],
    [
      0.5052772828501417,
      0.3844627742533623
    ],
    [
      0.1521903576852326,
      0.7664779697038514
    ],
    [
      0.9650230898986197,
      0.74117376578794
    ],
    [
      0.01159818870151097,
      0.7318036199174479
    ],
    [
      0.11835963604375288,
      0.9350588493407337
    ],
    [
      0.879826257956943,
      0.9400774173872404
    ],
    [
      0.9499439451169341,
      0.9020105770554666
    ],
    [
      0.917928580087164,
      0.892946941296838
    ]
  ],
  "logbook": []
}