{
  "run_id": 9,
  "seed": 5009,
  "strategy": "random",
  "elapsed_s": 16.26682472229004,
  "hof_fitness": [
    [
      -817.9625774251055,
      0.13815162662325137
    ],
    [
      -783.1241075577244,
      0.10983494260049628
    ],
    [
      -772.3414975967725,
      0.099551527073092
    ],
    [
      -769.5013789572134,
      0.09954976427648024
    ],
    [
      -773.6296912600994,
      0.10144549860831475
    ],
    [
      -790.788233343097,
      0.11777886732690243
    ],
    [
      -765.4595929916658,
      0.09948876722964747
    ],
    [
      -809.5325149685748,
      0.13371379482528303
    ],
    [
      -782.5542716903852,
      0.10962856842669025
    ],
    [
      -778.108456579018,
      0.10530888230238958
    ],
    [
      -819.6985610904433,
      0.13818139978559543
    ],
    [
      -789.5008908696136,
      0.11595831231553093
    ],
    [
      -786.0121602583597,
      0.11524253822215733
    ],
    [
      -795.016484412329,
      0.12042955544152689
    ],
    [
      -781.6213437181158,
      0.10882233776915776
    ],
    [
      -775.3545324123105,
      0.10260222845409284
    ],
    [
      -772.6689554777578,
      0.09978665645213577
    ],
    [
      -778.8052614609126,
      0.10641556112636083
    ],
    [
      -783.479631726241,
      0.11356156891294025
    ],
    [
      -810.3075618172098,
      0.13560327765550934
    ],
    [
      -784.3095754645475,
      0.11398363980302148
    ],
    [
      -773.3409091315735,
      0.10127527617388721
    ],
    [
      -779.6710930632381,
      0.10730955345850901
    ],
    [
      -774.6260429637649,
      0.10152747844946955
    ],
    [
      -782.7791175210513,
      0.1096810012374557
    ],
    [
      -783.3735896353875,
      0.10994451415897091
    ],
    [
      -775.3087215348514,
      0.10222338106515741
    ],
    [
      -778.3754912713076,
      0.1055052167772442
    ],
    [
      -781.1638587647429,
      0.10878313933569073
    ],
    [
      -827.4977915336665,
      0.14014313293653072
    ],
    [
      -814.7071869722851,
      0.13773448146849257
    ],
    [
      -774.7398421908291,
      0.10158475481236959
    ],
    [
      -830.2534798603926,
      0.14182587102613134
    ],
    [
      -792.7271153395524,
      0.11995754440629702
    ],
    [
      -776.3382437153822,
      0.10404255870906276
    ],
    [
      -772.6924656668215,
      0.1000623020675859
    ],
    [
      -772.406636941607,
      0.09959784914550009
    ],
    [
      -775.9721485681522,
      0.10298428358707043
    ],
    [
      -814.5010921808337,
      0.136709324081771
    ],
    [
      -785.9038911189349,
      0.11414853412766376
    ],
    [
      -786.9975693120193,
      0.11543009749428337
    ],
    [
      -792.0420471559921,
      0.11854160259894667
    ],
    [
      -777.6460369185663,
      0.10506056157715879
    ],
    [
      -797.1913170575579,
      0.12324020378501857
    ],
    [
      -803.0383074644127,
      0.12630823522418244
    ],
    [
      -791.9249901938757,
      0.1178741188335363
    ],
    [
      -800.960666211933,
      0.12588396710661784
    ],
    [
      -767.5568773246903,
      0.0995009333634622
    ]
  ],
  "hall_of_fame": [
    [
      0.9870310987859093,
      0.31472399616793634
    ],
    [
      0.8448645643730045,
      0.9435412017131669
    ],
    [
      0.5003093978330144,
      0.9780764107941727
    ],
    [
      0.5219752460669834,
      0.6066038903573722
    ],
    [
      0.3287383961229631,
      0.8693091001423828
    ],
    [
      0.9139144738505862,
      0.8050270707374926
    ],
    [
      0.5132371864280236,
      0.0866641018668386
    ],
    [
      0.9780503977576807,
      0.3664682419931635
    ],
    [
      0.8424578319612938,
      0.8983023565934686
    ],
    [
      0.7770941111950059,
      0.9130325250236047
    ],
    [
      0.9870691632261828,
      0.51936321194042
    ],
    [
      0.09854826310966192,
      0.9057703452725204
    ],
    [
      0.8963317113613166,
      0.5619672538541245
    ],
    [
      0.07057942439926002,
      0.9441675352965335
    ],
    [
      0.1675757683025183,
      0.8880710050507785
    ],
    [
      0.7119696770554907,
      0.9301482345216815
    ],
    [
      0.5623910562851052,
      0.9857715072059287
    ],
    [
      0.7970793166145917,
      0.852006751396668
    ],
    [
      0.8827677846023778,
      0.474449898110321
    ],
    [
      0.017769486363482634,
      0.028078067391637984
    ],
    [
      0.8863159551776048,
      0.5217731692462597
    ],
    [
      0.6640602573669527,
      0.8560286640550355
    ],
    [
      0.18867801594477418,
      0.8422144098631983
    ],
    [
      0.3257930866462456,
      0.987591550437073
    ],
    [
      0.8430631062831266,
      0.9201290822887078
    ],
    [
      0.1538687881905676,
      0.9606952686280947
    ],
    [
      0.6997493095584585,
      0.9776118187382206
    ],
    [
      0.780821734185942,
      0.9207653069397216
    ],
    [
      0.8319752458934448,
      0.8343393647861718
    ],
    [
      0.00977332654501406,
      0.8874004746614367
    ],
    [
      0.9863172119390662,
      0.029160407876567707
    ],
    [
      0.6764812226541485,
      0.9942453237890743
    ],
    [
      0.007364268788116579,
      0.6382662421357786
    ],
    [
      0.9269297189328403,
      0.7255805539192989
    ],
    [
      0.7503938329648625,
      0.8574328099824771
    ],
    [
      0.408294096134739,
      0.9479361713129807
    ],
    [
      0.47218294004729233,
      0.9796567645288828
    ],
    [
      0.27688825314930343,
      0.9569889655261914
    ],
    [
      0.015594560689870973,
      0.2720343306525268
    ],
    [
      0.11243601899723177,
      0.7029693872716439
    ],
    [
      0.897691789714103,
      0.6613313236006345
    ],
    [
      0.9186519460319446,
      0.8517622377866538
    ],
    [
      0.22773702279986607,
      0.8870894446929377
    ],
    [
      0.9433290453151508,
      0.7760581579358109
    ],
    [
      0.04414420719285117,
      0.997846742111775
    ],
    [
      0.9144585859088088,
      0.9359085113158145
    ],
    [
      0.9542991724720354,
      0.8099683350617265
    ],
    [
      0.49795174077181603,
      0.3593782721369444
    ]
  ],
  "logbook": []
}