{
  "run_id": 3,
  "seed": 5003,
  "strategy": "random",
  "elapsed_s": 15.813517808914185,
  "hof_fitness": [
    [
      -781.2210987614616,
      0.10945552981970327
    ],
    [
      -771.793625310943,
      0.09955608769003878
    ],
    [
      -776.6535636850502,
      0.1036385655806501
    ],
    [
      -797.967678268319,
      0.12714628490395688
    ],
    [
      -803.9724661177098,
      0.12867340780613332
    ],
    [
      -775.6105910991785,
      0.10297440866154958
    ],
    [
      -772.7161110092183,
      0.09984133673372333
    ],
    [
      -785.8816221855052,
      0.11257416261611941
    ],
    [
      -774.2389616868021,
      0.10182900163464828
    ],
    [
      -772.9976819853139,
      0.10029618151209185
    ],
    [
      -773.4868469438035,
      0.10096250723092892
    ],
    [
      -826.1720235172263,
      0.14014116495151518
    ],
    [
      -775.5471740137106,
      0.10247368422613432
    ],
    [
      -788.564073218004,
      0.11513567855221915
    ],
    [
      -779.5007540650485,
      0.10663551595295392
    ],
    [
      -772.3198936525733,
      0.09971269399862961
    ],
    [
      -790.8682564313215,
      0.11653373353506866
    ],
    [
      -769.1086763141304,
      0.09952018172264605
    ],
    [
      -770.0420318745371,
      0.09952787042161049
    ],
    [
      -783.2299755677649,
      0.10980985357563863
    ],
    [
      -791.8163864562176,
      0.11761711372136115
    ],
    [
      -776.3784745494748,
      0.10328482806058095
    ],
    [
      -777.0630064720655,
      0.10435938011967782
    ],
    [
      -774.0529773737805,
      0.10153104155020123
    ],
    [
      -781.9285910207506,
      0.1095700956211875
    ],
    [
      -818.8660446611118,
      0.1368972913500586
    ],
    [
      -810.7114721933013,
      0.13206230826735352
    ],
    [
      -794.7893438587056,
      0.12003111960367738
    ],
    [
      -796.9449008765079,
      0.12630628067022578
    ],
    [
      -843.1161101049804,
      0.14552783829740482
    ],
    [
      -779.7601378575139,
      0.10702420301353807
    ],
    [
      -781.1775423918428,
      0.1076708710106501
    ],
    [
      -777.6691088830113,
      0.10455428374061479
    ],
    [
      -814.4563166133165,
      0.13362940668573303
    ],
    [
      -807.982265912612,
      0.13083723451711804
    ],
    [
      -803.0147398771288,
      0.1280077846017587
    ],
    [
      -766.8369011114272,
      0.09949363896999462
    ],
    [
      -766.0338642248909,
      0.09948535605328204
    ],
    [
      -786.6033394013456,
      0.112923507370734
    ],
    [
      -772.3114473894692,
      0.09965499688354448
    ],
    [
      -788.1756157235253,
      0.11444985388206738
    ],
    [
      -779.3118251086524,
      0.10652188374478733
    ],
    [
      -782.819111363688,
      0.10963245661599383
    ],
    [
      -792.553080692379,
      0.11805996099933605
    ],
    [
      -779.2944217883577,
      0.10621083526182254
    ],
    [
      -778.6260990055197,
      0.10553759672156879
    ],
    [
      -796.8724319240556,
      0.12439224610153052
    ],
    [
      -776.455490958534,
      0.10331853083266943
    ],
    [
      -797.630847432243,
      0.12711022636481867
    ],
    [
      -810.9797336852054,
      0.13354942318356766
    ],
    [
      -783.3336171796498,
      0.11232480022065774
    ],
    [
      -772.3249060001473,
      0.0998276496804278
    ],
    [
      -776.7633444400228,
      0.10397254465238517
    ],
    [
      -773.4208151787345,
      0.1008816560203997
    ]
  ],
  "hall_of_fame": [
    [
      0.1594811511556431,
      0.7499625936503521
    ],
    [
      0.5132896560210272,
      0.9056827243051758
    ],
    [
      0.7404603879118611,
      0.9544369004225677
    ],
    [
      0.04092844677408691,
      0.21325086318352982
    ],
    [
      0.9641178723693861,
      0.6897869875188625
    ],
    [
      0.7229434979122913,
      0.9112934369991517
    ],
    [
      0.43078580127034594,
      0.9837990446104925
    ],
    [
      0.12641519587804118,
      0.920516349555011
    ],
    [
      0.6861613432496955,
      0.8940688814618616
    ],
    [
      0.3899803545590472,
      0.9533751207904969
    ],
    [
      0.3507387817990606,
      0.9201648357089117
    ],
    [
      0.9902317161454419,
      0.7263880021516851
    ],
    [
      0.2921292404243152,
      0.9733449140862318
    ],
    [
      0.8953054088464804,
      0.9038094934187162
    ],
    [
      0.19936673137893912,
      0.9120867876464943
    ],
    [
      0.4478315575116043,
      0.9511293500660475
    ],
    [
      0.905494941768254,
      0.9973215343047268
    ],
    [
      0.5071758964383618,
      0.5596249105949904
    ],
    [
      0.503696672665543,
      0.6806440222448764
    ],
    [
      0.15544818023393947,
      0.9606313576860788
    ],
    [
      0.9127967695929637,
      0.9599668947187164
    ],
    [
      0.7313179755826723,
      0.9678893659168644
    ],
    [
      0.7574868705078142,
      0.9078713424007373
    ],
    [
      0.6746083988361872,
      0.912304112717127
    ],
    [
      0.8418288491962475,
      0.8255870067822164
    ],
    [
      0.01527541458460091,
      0.7611162053598882
    ],
    [
      0.026084938431212734,
      0.8665322177382764
    ],
    [
      0.07276502907019455,
      0.9764298626784715
    ],
    [
      0.04397146672727015,
      0.23170282212897597
    ],
    [
      0.002895801527269537,
      0.2735213521566662
    ],
    [
      0.19313082047471586,
      0.892642819784628
    ],
    [
      0.8165000251105833,
      0.9878428581476488
    ],
    [
      0.761643071005803,
      0.959739620896139
    ],
    [
      0.022219408895080672,
      0.9956925377064025
    ],
    [
      0.9706139944531866,
      0.7755640300035191
    ],
    [
      0.03806759926710046,
      0.692086796278878
    ],
    [
      0.5031550218787566,
      0.266224147524191
    ],
    [
      0.49628633678484846,
      0.16234316824902606
    ],
    [
      0.8767683711350781,
      0.9644991400515793
    ],
    [
      0.4581065950393144,
      0.9586447269090859
    ],
    [
      0.8898636246616416,
      0.951535520095396
    ],
    [
      0.7987770883741636,
      0.9031247996089895
    ],
    [
      0.157529665675453,
      0.931933060527211
    ],
    [
      0.08439113771475693,
      0.9884709295993105
    ],
    [
      0.20652911606316326,
      0.9433613846125374
    ],
    [
      0.21861599995647663,
      0.9488404716279389
    ],
    [
      0.0516014302506822,
      0.5468431985020109
    ],
    [
      0.2678001213152955,
      0.9732122547347978
    ],
    [
      0.9589521388428187,
      0.17731818003553135
    ],
    [
      0.9776397102356127,
      0.5821455771368668
    ],
    [
      0.8714636997022494,
      0.6277565409198954
    ],
    [
      0.5680692293855736,
      0.9346543765565977
    ],
    [
      0.7486235983818037,
      0.9223901331687716
    ],
    [
      0.35482151533294737,
      0.9232462037195065
    ]
  ],
  "logbook": []
}