{
  "run_id": 5,
  "seed": 5005,
  "strategy": "random",
  "elapsed_s": 18.676938772201538,
  "hof_fitness": [
    [
      -844.9567856793567,
      0.14483119899034197
    ],
    [
      -785.6804195928652,
      0.11381346139524721
    ],
    [
      -790.938157190675,
      0.12130433666675608
    ],
    [
      -802.3521039723975,
      0.12785833010951664
    ],
    [
      -768.8626966629046,
      0.09951900022009817
    ],
    [
      -823.8045413013322,
      0.14023516389705518
    ],
    [
      -766.711439440005,
      0.0994980105888517
    ],
    [
      -777.7275367629884,
      0.10556906967728988
    ],
    [
      -777.7150931695178,
      0.10534668618703089
    ],
    [
      -765.1641999062005,
      0.09949333691018379
    ],
    [
      -798.8217782803812,
      0.1233348386726241
    ],
    [
      -768.0596467221451,
      0.09951354168004323
    ],
    [
      -793.749228634986,
      0.12326641696316423
    ],
    [
      -771.9302955033019,
      0.09954772529691751
    ],
    [
      -807.1717113259216,
      0.12983772385511685
    ],
    [
      -787.8484361809225,
      0.11415348433879294
    ],
    [
      -807.3691015864306,
      0.13314081652668613
    ],
    [
      -772.4917401364047,
      0.09978741013581031
    ],
    [
      -769.5924295999586,
      0.0995223295667966
    ],
    [
      -815.8472688635359,
      0.1348157735878412
    ],
    [
      -842.6127057732535,
      0.14441433684165023
    ],
    [
      -792.5183787549056,
      0.12136358763879714
    ],
    [
      -781.0136407587413,
      0.11105580283673963
    ],
    [
      -780.3125414956468,
      0.10785493372240104
    ],
    [
      -772.7181612769338,
      0.09992007511226718
    ],
    [
      -819.7881845508603,
      0.1367892045023076
    ],
    [
      -770.2869166717701,
      0.09953899017811282
    ],
    [
      -780.2164119466261,
      0.1071471735790451
    ],
    [
      -774.4716181129191,
      0.10147335311570752
    ],
    [
      -831.4793714902364,
      0.14266488571379468
    ],
    [
      -780.7706376087774,
      0.10836478469641733
    ],
    [
      -824.3873140206067,
      0.14027462934391474
    ],
    [
      -804.6653715459987,
      0.12905857629585463
    ],
    [
      -784.2408972476833,
      0.11173015084768709
    ],
    [
      -790.262412190544,
      0.11673631427511352
    ],
    [
      -767.3418363205784,
      0.09950057220173802
    ],
    [
      -777.3026055859729,
      0.10451479831036461
    ],
    [
      -775.1822104475524,
      0.10196579315078666
    ],
    [
      -772.4511151209638,
      0.09964998994998417
    ],
    [
      -773.3015754274118,
      0.10050442742841356
    ],
    [
      -793.4711245994498,
      0.12198114908461763
    ],
    [
      -799.8472150237592,
      0.12395405022587222
    ],
    [
      -775.6004583129917,
      0.10340075396420301
    ],
    [
      -782.3625959373833,
      0.1113490019548593
    ],
    [
      -779.3954529470549,
      0.1062789964447319
    ],
    [
      -772.1754513781517,
      0.099559381649328
    ]
  ],
  "hall_of_fame": [
    [
      0.996300212038558,
      0.9859165829224096
    ],
    [
      0.11525118934472234,
      0.721443852750946
    ],
    [
      0.9342369528477669,
      0.29133321210163965
    ],
    [
      0.038559286883692256,
      0.6361174455948009
    ],
    [
      0.508706499063854,
      0.5276044924151875
    ],
    [
      0.009611056974790588,
      0.40750995834637793
    ],
    [
      0.48966029559613744,
      0.24914969022516054
    ],
    [
      0.7821662039175724,
      0.8279600270118725
    ],
    [
      0.22208509391553422,
      0.8568024174614971
    ],
    [
      0.5174934521749656,
      0.047317902665317435
    ],
    [
      0.9436955766927055,
      0.9668181231140225
    ],
    [
      0.4886912923634992,
      0.4233059429875311
    ],
    [
      0.05641833233268867,
      0.33661577995032443
    ],
    [
      0.4968597329608492,
      0.9248250247281345
    ],
    [
      0.0323011374864689,
      0.8699719316750661
    ],
    [
      0.8874390875057749,
      0.9515226740123581
    ],
    [
      0.9767050879956083,
      0.22297069729962404
    ],
    [
      0.43725738096874855,
      0.9624725430486413
    ],
    [
      0.4991824267165823,
      0.6226235855771795
    ],
    [
      0.9804791381615579,
      0.8986584083366269
    ],
    [
      0.004175333065677633,
      0.9542145422927458
    ],
    [
      0.06553195712285265,
      0.4825224624403276
    ],
    [
      0.14112918533402175,
      0.5042644652404913
    ],
    [
      0.8193226357952782,
      0.8508709996549383
    ],
    [
      0.4219799941103972,
      0.9723657608468023
    ],
    [
      0.01549214003417032,
      0.9024682987175903
    ],
    [
      0.48741447641774627,
      0.7110329658561054
    ],
    [
      0.8087210805746354,
      0.9349339134335202
    ],
    [
      0.3279585223322411,
      0.9751914900103175
    ],
    [
      0.9937352328292702,
      0.4549271757708452
    ],
    [
      0.8264207322390972,
      0.8405938193479184
    ],
    [
      0.009554808235014534,
      0.4657786319684617
    ],
    [
      0.034661048055720345,
      0.7046558246964617
    ],
    [
      0.1344879494073099,
      0.826682384773145
    ],
    [
      0.09304460966762851,
      0.8905109666528204
    ],
    [
      0.50606913421995,
      0.3312841384439147
    ],
    [
      0.2391302619222474,
      0.917568125803377
    ],
    [
      0.6908056869637627,
      0.9976362219286846
    ],
    [
      0.5405676355608624,
      0.9776715233539831
    ],
    [
      0.6237876246654019,
      0.9625732547229444
    ],
    [
      0.9375229169720025,
      0.506502907631539
    ],
    [
      0.9464094332465907,
      0.9948972820275048
    ],
    [
      0.2653683512160292,
      0.8504887560255536
    ],
    [
      0.138191941613929,
      0.6376036559910715
    ],
    [
      0.7946324620346075,
      0.9471388251784926
    ],
    [
      0.48721166372342717,
      0.9551648416165938
    ]
  ],
  "logbook": []
}