{
  "run_id": 6,
  "seed": 5006,
  "strategy": "random",
  "elapsed_s": 17.77767848968506,
  "hof_fitness": [
    [
      -776.5884006761943,
      0.10369932775808546
    ],
    [
      -767.5526866740701,
      0.09950416376976666
    ],
    [
      -788.3933542970772,
      0.11581004991852153
    ],
    [
      -783.6602665170765,
      0.11125175650549615
    ],
    [
      -775.5446003553644,
      0.10240297440208532
    ],
    [
      -814.924094660073,
      0.13621192137723237
    ],
    [
      -776.1505128234581,
      0.103163819145353
    ],
    [
      -790.654130858338,
      0.11690555200306632
    ],
    [
      -785.644853148515,
      0.11216343470958409
    ],
    [
      -774.5255717769193,
      0.10149393258934011
    ],
    [
      -781.1920699140237,
      0.10842918240723878
    ],
    [
      -771.7470606886217,
      0.09976459358241652
    ],
    [
      -771.3554608654822,
      0.09955020714760911
    ],
    [
      -786.4529805092724,
      0.11274660202971534
    ],
    [
      -839.7337310393793,
      0.14376519824912595
    ],
    [
      -779.599000510015,
      0.10797832394970794
    ],
    [
      -774.740448538934,
      0.10183888187979165
    ],
    [
      -778.4045600847732,
      0.10514146308392178
    ],
    [
      -795.1439456285683,
      0.12135113134365114
    ],
    [
      -765.0335004272858,
      0.09947405382783024
    ],
    [
      -789.2281266236467,
      0.11596512988558023
    ],
    [
      -783.4170692518202,
      0.10986526820588352
    ],
    [
      -767.594857235108,
      0.09950435403873673
    ],
    [
      -773.8421490633702,
      0.10099348441003789
    ],
    [
      -767.6607009599504,
      0.09951680582864432
    ],
    [
      -776.4989933874523,
      0.10359219445162113
    ],
    [
      -784.968007177874,
      0.11194009563259408
    ],
    [
      -778.990471378281,
      0.10571510202749998
    ],
    [
      -787.1951227344952,
      0.11502649412062957
    ],
    [
      -804.6719566783048,
      0.12924422743733358
    ],
    [
      -773.0845334746922,
      0.10033439332316027
    ],
    [
      -777.4507944332371,
      0.10478486478059665
    ],
    [
      -771.4069736959498,
      0.09955130199576519
    ],
    [
      -782.1741508483228,
      0.10858580421787054
    ],
    [
      -777.9935127692216,
      0.10513545248548054
    ],
    [
      -787.5578520908624,
      0.11505844117968947
    ],
    [
      -797.1028775618861,
      0.12183090018970896
    ],
    [
      -801.1894480584284,
      0.12702345265970097
    ],
    [
      -784.8833745860919,
      0.11180663822889195
    ],
    [
      -800.3623271642873,
      0.12494123274896082
    ],
    [
      -804.1042039569774,
      0.12715143933265585
    ],
    [
      -777.0832710979834,
      0.10421921675522036
    ],
    [
      -792.265920093966,
      0.11997811841994374
    ],
    [
      -830.6708520593072,
      0.14109655181632363
    ],
    [
      -812.4108461106144,
      0.1324635650781997
    ],
    [
      -882.9836953466986,
      0.1438182257293958
    ],
    [
      -772.8859407885349,
      0.09991642286462273
    ],
    [
      -786.6946181971326,
      0.11486388226381042
    ],
    [
      -765.5100243316156,
      0.09948499526367369
    ],
    [
      -787.9479465086362,
      0.11551367093392836
    ]
  ],
  "hall_of_fame": [
    [
      0.7420042642508723,
      0.9375210193326273
    ],
    [
      0.5077386632742995,
      0.3583475611674315
    ],
    [
      0.09956033067705605,
      0.7854755623148731
    ],
    [
      0.860647161289335,
      0.8179983347539547
    ],
    [
      0.7056017164521896,
      0.9829812235672389
    ],
    [
      0.01657756598925464,
      0.449139066668543
    ],
    [
      0.7280906338782807,
      0.9551079465704784
    ],
    [
      0.9080986154466575,
      0.915892681816733
    ],
    [
      0.13033357564338954,
      0.9471850505237258
    ],
    [
      0.6728712812374128,
      0.9792842665879764
    ],
    [
      0.827237394710227,
      0.8862675189455688
    ],
    [
      0.4392584695732098,
      0.8684365192946948
    ],
    [
      0.4875130185834312,
      0.8492137741570618
    ],
    [
      0.12485391070060126,
      0.969880159575489
    ],
    [
      0.9950676432170713,
      0.951832915950285
    ],
    [
      0.821203104429118,
      0.7418017402785192
    ],
    [
      0.6863253858412619,
      0.9580706919171549
    ],
    [
      0.7737207445138872,
      0.9744441120521293
    ],
    [
      0.9342840438177997,
      0.81743269251753
    ],
    [
      0.5013044169997631,
      0.03307948728442445
    ],
    [
      0.09847833373369919,
      0.8699165122869361
    ],
    [
      0.1548122722416706,
      0.9771644729675821
    ],
    [
      0.5074510170960125,
      0.3638390975453437
    ],
    [
      0.34938844020827586,
      0.9620854534553442
    ],
    [
      0.48402347149800773,
      0.37059938192967123
    ],
    [
      0.26067178880756714,
      0.9407735534026956
    ],
    [
      0.8675378674451852,
      0.8911383591735649
    ],
    [
      0.21536605477421833,
      0.9717843698354384
    ],
    [
      0.8945606751258451,
      0.7441204035332047
    ],
    [
      0.03407538925283626,
      0.6705334075432516
    ],
    [
      0.6126685683540943,
      0.9591165261620143
    ],
    [
      0.2333736996464978,
      0.8996282516732753
    ],
    [
      0.5128534373878967,
      0.8557921298767014
    ],
    [
      0.8292095090028505,
      0.9917697633562774
    ],
    [
      0.7736913692431878,
      0.921913389631937
    ],
    [
      0.10521792330714241,
      0.7860106185220885
    ],
    [
      0.9366205416917117,
      0.9903865562173034
    ],
    [
      0.04145676213300431,
      0.639705485993774
    ],
    [
      0.8662140075791812,
      0.8987329924077806
    ],
    [
      0.9505654823797964,
      0.8952522032246157
    ],
    [
      0.9589221426131791,
      0.9831027604105956
    ],
    [
      0.24569403351065067,
      0.9298599177016529
    ],
    [
      0.07293128368211599,
      0.6638339481680274
    ],
    [
      0.008381583190736785,
      0.9537290552746048
    ],
    [
      0.9749294437678879,
      0.9937953467331186
    ],
    [
      0.00027584121304702336,
      0.23572069677612695
    ],
    [
      0.5774446948775303,
      0.9948555169812853
    ],
    [
      0.8933191375247498,
      0.7031397115137867
    ],
    [
      0.4898998177191033,
      0.09382709562925162
    ],
    [
      0.8982535966533435,
      0.770978324165847
    ]
  ],
  "logbook": []
}