{
  "run_id": 1,
  "seed": 5001,
  "strategy": "random",
  "elapsed_s": 18.199140548706055,
  "hof_fitness": [
    [
      -799.1842626038707,
      0.1250480689498752
    ],
    [
      -772.5152707443639,
      0.09957865382432117
    ],
    [
      -779.5981717685352,
      0.10706526867322438
    ],
    [
      -786.5725944996535,
      0.11393578376609728
    ],
    [
      -800.7602396838281,
      0.12525354506406855
    ],
    [
      -789.9551936767831,
      0.1193401509700818
    ],
    [
      -782.0356185092604,
      0.1094484938642025
    ],
    [
      -829.3537231413832,
      0.1416852729522684
    ],
    [
      -772.7030966650925,
      0.09983201349704716
    ],
    [
      -782.5717630418185,
      0.11137092189703005
    ],
    [
      -796.5103911999794,
      0.1221194372168722
    ],
    [
      -778.6410180625052,
      0.10676310177866613
    ],
    [
      -794.3592360425074,
      0.11973669933211653
    ],
    [
      -815.199862805697,
      0.13691110866073206
    ],
    [
      -805.075516518844,
      0.12793588886559606
    ],
    [
      -850.6073640642819,
      0.14595427170270184
    ],
    [
      -771.8406393867273,
      0.09955069747283375
    ],
    [
      -787.5187268182798,
      0.11512052750158594
    ],
    [
      -841.0334518962638,
      0.14502865383285118
    ],
    [
      -776.44569506315,
      0.1049726433920887
    ],
    [
      -774.473097673169,
      0.10226776591266115
    ],
    [
      -825.9858600077944,
      0.14162055562065828
    ],
    [
      -786.8115790442115,
      0.11456587649603556
    ],
    [
      -781.781815705134,
      0.10940842538955134
    ],
    [
      -767.23802315331,
      0.09950392875622703
    ],
    [
      -786.4505262643114,
      0.11257826652320294
    ],
    [
      -782.1321316727192,
      0.10967499175856402
    ],
    [
      -770.8263466091284,
      0.09954833506073175
    ],
    [
      -771.8418881484075,
      0.09955813693338032
    ],
    [
      -774.271640324534,
      0.10219697832394628
    ],
    [
      -768.631900475417,
      0.09952145459432138
    ],
    [
      -770.3626012670684,
      0.09954591828498159
    ],
    [
      -824.3693061220667,
      0.14002126724583167
    ],
    [
      -779.5732608765137,
      0.10693843485253438
    ],
    [
      -779.9609117582713,
      0.10835930846851541
    ],
    [
      -766.2258915277667,
      0.09948889957361959
    ],
    [
      -789.3057925220976,
      0.11591038595659578
    ],
    [
      -773.0896997695161,
      0.10006283704762595
    ],
    [
      -809.0241039792182,
      0.13062946463385103
    ],
    [
      -773.6960318044729,
      0.10125642343905902
    ],
    [
      -774.8224038966438,
      0.1023153147577349
    ],
    [
      -805.1630478918322,
      0.12873308420909726
    ],
    [
      -778.6352133966783,
      0.10565649899826099
    ],
    [
      -773.7630662894069,
      0.10155875305433562
    ],
    [
      -790.6830981566628,
      0.11953325321314853
    ],
    [
      -796.6767403264181,
      0.1230584409434746
    ],
    [
      -780.0129249601214,
      0.10910140655837056
    ],
    [
      -773.202786798084,
      0.10048867400112069
    ]
  ],
  "hall_of_fame": [
    [
      0.048958960119439565,
      0.7287124305927078
    ],
    [
      0.5207150653803985,
      0.9967519965739544
    ],
    [
      0.8075446663924792,
      0.8660748926232931
    ],
    [
      0.11428584669096087,
      0.8186512808285733
    ],
    [
      0.9518202127814708,
      0.8925634218744196
    ],
    [
      0.07645034700436082,
      0.4665674189175353
    ],
    [
      0.840323744413099,
      0.8560182477816743
    ],
    [
      0.9924483504504785,
      0.5816991351090549
    ],
    [
      0.431891945861564,
      0.9834837333538906
    ],
    [
      0.8620129738015476,
      0.6615028733375432
    ],
    [
      0.9380697638736277,
      0.8696413115768697
    ],
    [
      0.19711978589375334,
      0.7833305451642033
    ],
    [
      0.07440294791502733,
      0.966662598362895
    ],
    [
      0.9847862512769038,
      0.30640725030975346
    ],
    [
      0.03836418224375937,
      0.9636379705055521
    ],
    [
      0.002399230347455039,
      0.7753650604652598
    ],
    [
      0.508750625084215,
      0.9126443792428814
    ],
    [
      0.8952695036318807,
      0.7721631361025896
    ],
    [
      0.003465112563750039,
      0.38938161175446995
    ],
    [
      0.7707464526623037,
      0.7433182836496456
    ],
    [
      0.29845331037281975,
      0.8624169512625647
    ],
    [
      0.007624612443477896,
      0.1970469983109857
    ],
    [
      0.8909214769015819,
      0.7603542427666354
    ],
    [
      0.16013737088747804,
      0.8287459529931992
    ],
    [
      0.5106122398738653,
      0.3171946210036125
    ],
    [
      0.8735673884634023,
      0.9930293623966611
    ],
    [
      0.8430747865026555,
      0.8374993538196701
    ],
    [
      0.5148221020880317,
      0.7802394498217559
    ],
    [
      0.51423677039812,
      0.911692510242639
    ],
    [
      0.6992408166421898,
      0.8461571105786716
    ],
    [
      0.5126154098444103,
      0.49702818287449557
    ],
    [
      0.5161979318381468,
      0.7199024203553487
    ],
    [
      0.9900589077575384,
      0.5448379894452753
    ],
    [
      0.19446026283147522,
      0.8801455465049562
    ],
    [
      0.8264665118695818,
      0.7367059515914327
    ],
    [
      0.5062822767327335,
      0.18695110007036952
    ],
    [
      0.9011136865290087,
      0.8877250002141442
    ],
    [
      0.40862391645874796,
      0.9998080505422992
    ],
    [
      0.9699993260050976,
      0.946760668944859
    ],
    [
      0.3369515867854771,
      0.9050949987332181
    ],
    [
      0.7029964911090172,
      0.9012319164484598
    ],
    [
      0.9642834038569679,
      0.8278155979847669
    ],
    [
      0.78361758942437,
      0.9337323540376107
    ],
    [
      0.32413723597051647,
      0.8705138899231877
    ],
    [
      0.9246280986816937,
      0.5300566155789855
    ],
    [
      0.9425171161513362,
      0.740400304790524
    ],
    [
      0.16374919175476232,
      0.642342024706702
    ],
    [
      0.3771395388247375,
      0.9519659935045265
    ]
  ],
  "logbook": []
}