strategy,steps,n_eval,mean_hv,std_hv,ci_lower,ci_upper,n
nsga2,1000,5,16.657799015358414,10.844860474668748,12.365284383707403,20.943060885179563,20
random,1000,5,6.004738375309565,0.33692427827927507,5.847206259633944,6.135280704681924,20
