{
  "config": {
    "domain": "eco",
    "steps": 200,
    "n_eval": 5,
    "pop_size": 10,
    "n_generations": 5,
    "n_runs": 2,
    "strategies": [
      "nsga2",
      "random"
    ]
  },
  "reference_point": [
    -696.0710798618005,
    0.16118551709935322
  ],
  "hv_by_strategy": {
    "nsga2": [
      5.4698689588512215,
      4.455008200482079
    ],
    "random": [
      4.182153605325624,
      4.10306405397495
    ]
  },
  "stats_by_strategy": {
    "nsga2": {
      "mean": 4.96243857966665,
      "std": 0.7176149242029427,
      "median": 4.96243857966665,
      "min": 4.455008200482079,
      "max": 5.4698689588512215,
      "n": 2,
      "ci_lower": 4.455008200482079,
      "ci_upper": 5.4698689588512215,
      "ci_width": 1.0148607583691422
    },
    "random": {
      "mean": 4.142608829650287,
      "std": 0.05592475808106339,
      "median": 4.142608829650287,
      "min": 4.10306405397495,
      "max": 4.182153605325624,
      "n": 2,
      "ci_lower": 4.10306405397495,
      "ci_upper": 4.182153605325624,
      "ci_width": 0.07908955135067419
    }
  },
  "statistical_tests": {}
}