{
  "config": {
    "domain": "eco",
    "steps": 1000,
    "n_eval": 5,
    "pop_size": 30,
    "n_generations": 15,
    "n_runs": 20,
    "strategies": [
      "nsga2",
      "random"
    ]
  },
  "reference_point": [
    -679.0652946055411,
    0.13427661699011312
  ],
  "hv_by_strategy": {
    "nsga2": [
      7.42598904915093,
      7.0334160411905655,
      28.338190285571415,
      28.37237848303009,
      7.126976314087015,
      6.878990128327713,
      28.18775054884182,
      6.884800675856434,
      28.325563794963877,
      7.341236267167908,
      28.372378483082418,
      7.290512586236871,
      6.700215200717158,
      28.367560655304985,
      28.372378482977464,
      7.13516062174024,
      28.372378483031,
      28.372378483045285,
      7.035232000245857,
      7.222493722599266
    ],
    "random": [
      6.285073874537495,
      6.247153195508442,
      6.442176038683687,
      6.163385978088366,
      5.96488155617869,
      6.0551495179353445,
      6.2795358609074405,
      6.054599658850531,
      5.951278045159414,
      6.128203076985202,
      5.067850645517218,
      5.187762571202459,
      6.247153195508442,
      5.928891189666434,
      6.204267912793452,
      6.073734065638173,
      6.067496163341229,
      5.940011699357438,
      6.002182534679716,
      5.803980725652124
    ]
  },
  "stats_by_strategy": {
    "nsga2": {
      "mean": 16.657799015358414,
      "std": 10.844860474668748,
      "median": 7.383612658159419,
      "min": 6.700215200717158,
      "max": 28.372378483082418,
      "n": 20,
      "ci_lower": 12.365284383707403,
      "ci_upper": 20.943060885179563,
      "ci_width": 8.57777650147216
    },
    "random": {
      "mean": 6.004738375309565,
      "std": 0.33692427827927507,
      "median": 6.061322840638287,
      "min": 5.067850645517218,
      "max": 6.442176038683687,
      "n": 20,
      "ci_lower": 5.847206259633944,
      "ci_upper": 6.135280704681924,
      "ci_width": 0.28807444504798063
    }
  },
  "statistical_tests": {
    "nsga2_vs_random": {
      "wilcoxon_stat": 0.0,
      "p_value": 1.9073486328125e-06,
      "cohens_d": 1.3885321470588654
    }
  }
}