domain,steps,n_eval,mean_hv,std_hv,ci_lower,ci_upper,n
eco,1000,5,15.463979675747051,8.573775851994425,12.031925817221527,18.882863014100277,20
ent,200,10,5565290.866808421,69624.03853036764,5534651.918369088,5594140.705551557,20
