{
  "config": {
    "eco_steps": 200,
    "eco_n_eval": 5,
    "ent_steps": 50,
    "ent_n_eval": 3,
    "pop_size": 10,
    "n_generations": 5,
    "n_runs": 2
  },
  "domain_results": {
    "eco": {
      "label": "Ecological",
      "steps": 200,
      "n_eval": 5,
      "reference_point": [
        -698.0458598240625,
        0.1618492291151665
      ],
      "hv_per_run": [
        4.589355147389572,
        5.184380433133646
      ],
      "stats": {
        "mean": 4.88686779026161,
        "std": 0.42074641452709804,
        "median": 4.88686779026161,
        "min": 4.589355147389572,
        "max": 5.184380433133646,
        "n": 2,
        "ci_lower": 4.589355147389572,
        "ci_upper": 5.184380433133646,
        "ci_width": 0.5950252857440743
      }
    },
    "ent": {
      "label": "Enterprise",
      "steps": 50,
      "n_eval": 3,
      "reference_point": [
        -34.48985415916576,
        283.27710221844853
      ],
      "hv_per_run": [
        2577.753861571041,
        2457.489736906311
      ],
      "stats": {
        "mean": 2517.621799238676,
        "std": 85.03957808389487,
        "median": 2517.621799238676,
        "min": 2457.489736906311,
        "max": 2577.753861571041,
        "n": 2,
        "ci_lower": 2457.489736906311,
        "ci_upper": 2577.753861571041,
        "ci_width": 120.26412466472993
      }
    }
  }
}