{
  "config": {
    "eco_steps": 1000,
    "eco_n_eval": 5,
    "ent_steps": 200,
    "ent_n_eval": 10,
    "pop_size": 30,
    "n_generations": 15,
    "n_runs": 20
  },
  "domain_results": {
    "eco": {
      "label": "Ecological",
      "steps": 1000,
      "n_eval": 5,
      "reference_point": [
        -679.0661792835216,
        0.11575336758921352
      ],
      "hv_per_run": [
        5.279530275211753,
        22.241380514173933,
        22.31278150937028,
        22.31278150940746,
        22.31278150926605,
        22.282731367181842,
        22.304367526045695,
        22.31278150936699,
        5.4043204355763335,
        5.292313278508644,
        5.109544480613868,
        5.277522267797817,
        22.31278150939965,
        22.30887629162902,
        22.25088769853912,
        5.238002631823602,
        22.312781509385633,
        22.178363386231467,
        5.114279534998928,
        5.120784770413048
      ],
      "stats": {
        "mean": 15.463979675747051,
        "std": 8.573775851994425,
        "median": 22.24613410635653,
        "min": 5.109544480613868,
        "max": 22.31278150940746,
        "n": 20,
        "ci_lower": 12.031925817221527,
        "ci_upper": 18.882863014100277,
        "ci_width": 6.85093719687875
      }
    },
    "ent": {
      "label": "Enterprise",
      "steps": 200,
      "n_eval": 10,
      "reference_point": [
        -626.9956984273573,
        67967.55662409871
      ],
      "hv_per_run": [
        5596801.693369383,
        5500913.804083297,
        5484961.682910707,
        5651467.870432772,
        5538152.005050138,
        5428567.442367241,
        5593290.947005065,
        5664525.9378317,
        5615547.604811868,
        5633750.553284457,
        5498357.60047368,
        5590803.532832114,
        5549985.636198299,
        5621470.936653046,
        5566245.370147351,
        5622825.012915159,
        5583209.149370496,
        5498977.568612445,
        5625645.79116945,
        5440317.1966497805
      ],
      "stats": {
        "mean": 5565290.866808421,
        "std": 69624.03853036764,
        "median": 5587006.341101306,
        "min": 5428567.442367241,
        "max": 5664525.9378317,
        "n": 20,
        "ci_lower": 5534651.918369088,
        "ci_upper": 5594140.705551557,
        "ci_width": 59488.78718246892
      }
    }
  }
}