{
  "run_id": 16,
  "seed": 59516,
  "pop": 50,
  "ngen": 25,
  "steps": 150,
  "base_seed": 7000,
  "elapsed_s": 9.056879043579102,
  "hof_fitness": [
    [
      -918.0520076818982,
      0.13983163170615745
    ],
    [
      -804.2516212492766,
      0.13949881027559713
    ],
    [
      -804.1812499429423,
      0.13949823376952628
    ],
    [
      -803.9286243731082,
      0.13949616427055572
    ],
    [
      -803.898921352443,
      0.13949592095452032
    ],
    [
      -803.8253392924104,
      0.1393480571272863
    ],
    [
      -803.7938933404971,
      0.13934779807088923
    ],
    [
      -803.7550045383991,
      0.13934747770252884
    ],
    [
      -803.5987677042508,
      0.13934619065105835
    ],
    [
      -803.472822596916,
      0.1393451531808971
    ],
    [
      -803.3076632535904,
      0.139343792743039
    ],
    [
      -803.1706944483367,
      0.1393426645646689
    ],
    [
      -802.9182096217514,
      0.13934058502936975
    ],
    [
      -802.6847602575982,
      0.13933866241403714
    ],
    [
      -802.3719652631522,
      0.1393360865419018
    ],
    [
      -802.0591765788057,
      0.13933351096083127
    ],
    [
      -802.0080512055453,
      0.13869882080066145
    ],
    [
      -801.9766749333292,
      0.13869855649326102
    ],
    [
      -801.9378723034054,
      0.13869822963144154
    ],
    [
      -801.6859374514548,
      0.13869610750718717
    ],
    [
      -801.6669749392775,
      0.13869594778716737
    ],
    [
      -801.6563156442323,
      0.1386958580050413
    ],
    [
      -801.6067864324543,
      0.138695440829763
    ],
    [
      -801.4915222799849,
      0.13869447000733293
    ],
    [
      -801.4150445126397,
      0.13869382588667134
    ],
    [
      -801.3548569888907,
      0.13869331897897566
    ],
    [
      -801.1029316595566,
      0.13869119733626578
    ],
    [
      -800.8699996187567,
      0.13868923580389253
    ],
    [
      -800.5578977894806,
      0.13868660781118533
    ],
    [
      -800.2458022701106,
      0.13868398013782557
    ],
    [
      -800.1365096538817,
      0.13868306001677758
    ],
    [
      -799.759608557638,
      0.13867988718340693
    ],
    [
      -799.6641266701237,
      0.13867908345826302
    ],
    [
      -799.5426692842498,
      0.13867806111864397
    ],
    [
      -799.0302454417953,
      0.138673748352722
    ],
    [
      -798.9700672125512,
      0.13867324191554892
    ],
    [
      -798.7181807813561,
      0.13867112224223463
    ],
    [
      -798.7027206925422,
      0.13749530674798938
    ],
    [
      -798.6714712028743,
      0.13749503433617005
    ],
    [
      -798.3524064084069,
      0.1374922531303155
    ],
    [
      -798.052165898606,
      0.137489636317238
    ],
    [
      -797.8380180796233,
      0.13717677772454454
    ],
    [
      -797.8068017675815,
      0.13717650353759933
    ],
    [
      -797.7986085142956,
      0.13717643157311168
    ],
    [
      -797.7681969587717,
      0.1371761644587889
    ],
    [
      -797.6131010824745,
      0.13717480225224607
    ],
    [
      -797.5175465168567,
      0.1371739630381435
    ],
    [
      -797.4986806798618,
      0.1371737973514448
    ],
    [
      -797.4880757283676,
      0.13717370421540911
    ],
    [
      -797.3241225234219,
      0.13717226437594246
    ],
    [
      -797.1881539940022,
      0.13717107036865864
    ],
    [
      -796.9375130730966,
      0.1371688695332494
    ],
    [
      -796.7057686239618,
      0.13716683481740724
    ],
    [
      -796.3952580564845,
      0.13716410882566776
    ],
    [
      -796.3257670175625,
      0.13661724569059244
    ],
    [
      -796.2946087392122,
      0.1366169687812378
    ],
    [
      -796.005891243139,
      0.13661440306799935
    ],
    [
      -795.9764752443576,
      0.13661414167761546
    ],
    [
      -795.8128268497863,
      0.13661268755793107
    ],
    [
      -795.6771111059367,
      0.13661148171334875
    ],
    [
      -795.60297227782,
      0.1363490240207666
    ],
    [
      -795.5718417419446,
      0.13634874599197186
    ],
    [
      -795.3786733111901,
      0.13634702087622144
    ],
    [
      -795.2833813145422,
      0.13634616991185677
    ],
    [
      -795.2539915074744,
      0.13634590746586475
    ],
    [
      -795.0904888246841,
      0.1363444474756427
    ],
    [
      -794.9548939226308,
      0.1363432367652171
    ],
    [
      -794.4738341227605,
      0.13633894201459434
    ],
    [
      -794.3399593090015,
      0.13587970439395566
    ],
    [
      -794.3088772578159,
      0.13587942470964795
    ],
    [
      -794.0208661015763,
      0.13587683330018593
    ],
    [
      -794.002081407816,
      0.1358766642948782
    ],
    [
      -793.9915220689736,
      0.13587656929347253
    ],
    [
      -793.9424573120367,
      0.13587612786834705
    ],
    [
      -793.8282740422405,
      0.13587510062427202
    ],
    [
      -793.6928903317108,
      0.13587388272106984
    ],
    [
      -793.312435972675,
      0.13549781001971345
    ],
    [
      -793.2813933732439,
      0.13549752928629025
    ],
    [
      -793.2430033930304,
      0.13549718211266198
    ],
    [
      -793.0887706016413,
      0.1354957873974522
    ],
    [
      -792.9644410005615,
      0.1354946631693992
    ],
    [
      -792.8014001861665,
      0.13549318900352614
    ],
    [
      -792.6661883210948,
      0.13549196654585569
    ],
    [
      -791.9878978963684,
      0.13500627698821002
    ],
    [
      -791.9569061620851,
      0.13500599532251334
    ],
    [
      -791.8405226890837,
      0.13495168197639879
    ],
    [
      -791.4931613857548,
      0.13494852387105605
    ],
    [
      -791.1954518093297,
      0.1349458176295866
    ],
    [
      -790.6802350987508,
      0.13452285698129357
    ],
    [
      -790.6492935922711,
      0.1345225748899736
    ],
    [
      -790.6412396668916,
      0.13450848119559627
    ],
    [
      -790.2943947748856,
      0.13450531909909283
    ],
    [
      -789.9971278027268,
      0.13450260946076947
    ],
    [
      -789.7742111814815,
      0.13450057782234257
    ],
    [
      -789.6884819416089,
      0.1341581594047188
    ],
    [
      -789.3420473800271,
      0.13415499766491798
    ],
    [
      -788.5675823187863,
      0.13414793171785308
    ],
    [
      -788.5407207510052,
      0.13373894981752915
    ],
    [
      -788.5098614475819,
      0.13373866818062558
    ],
    [
      -788.4425639279663,
      0.13373805400873515
    ],
    [
      -788.1947805905941,
      0.13373579289374485
    ],
    [
      -788.1387113706724,
      0.13359299567585123
    ],
    [
      -788.1078675163287,
      0.1335927142944209
    ],
    [
      -788.0990605320698,
      0.13357862735739134
    ],
    [
      -788.0682182015515,
      0.13357834600420587
    ],
    [
      -788.035815013645,
      0.13355571951253437
    ],
    [
      -788.0328469095958,
      0.13355464476963608
    ],
    [
      -787.6900923734048,
      0.13355256629312665
    ],
    [
      -787.3937872571465,
      0.13354986431724258
    ],
    [
      -786.9172188873374,
      0.13354551955178184
    ],
    [
      -786.6104528015571,
      0.1335427234956465
    ],
    [
      -786.3036930185597,
      0.13353992801424408
    ],
    [
      -785.6125815042725,
      0.13353363185652814
    ],
    [
      -785.0497695932385,
      0.13352850647200215
    ],
    [
      -784.8021899401002,
      0.13352625237854046
    ],
    [
      -780.4209702890965,
      0.13352275078151352
    ],
    [
      -780.3817008288942,
      0.13350838979398302
    ],
    [
      -780.3190636377517,
      0.13348549392823292
    ]
  ],