{
  "run_id": 13,
  "seed": 59513,
  "pop": 50,
  "ngen": 25,
  "steps": 150,
  "base_seed": 7000,
  "elapsed_s": 9.000662088394165,
  "hof_fitness": [
    [
      -934.599220701745,
      0.1328631457700993
    ]
  ],
  "hall_of_fame": [
    [
      0.9975638939050263,
      0.5676729666937678
    ]
  ]
}