{
  "run_id": 11,
  "seed": 59511,
  "pop": 50,
  "ngen": 25,
  "steps": 150,
  "base_seed": 7000,
  "elapsed_s": 8.974094152450562,
  "hof_fitness": [
    [
      -984.6446749065778,
      0.12318279764616172
    ],
    [
      -984.5156458302374,
      0.12318279764614908
    ],
    [
      -984.5000943714631,
      0.12318279764614329
    ],
    [
      -982.415801978088,
      0.12318279764611897
    ]
  ],
  "hall_of_fame": [
    [
      1.0,
      1.0
    ],
    [
      1.0,
      0.986764832997606
    ],
    [
      1.0,
      0.9851696409692002
    ],
    [
      1.0,
      0.7713731953110642
    ]
  ]
}