{
  "run_id": 18,
  "seed": 59518,
  "pop": 50,
  "ngen": 25,
  "steps": 150,
  "base_seed": 7000,
  "elapsed_s": 9.040932893753052,
  "hof_fitness": [
    [
      -984.6446749065778,
      0.12318279764616172
    ],
    [
      -984.6209160871291,
      0.12318279764615006
    ],
    [
      -983.9057393338601,
      0.12318279764614763
    ]
  ],
  "hall_of_fame": [
    [
      1.0,
      1.0
    ],
    [
      1.0,
      0.9975629373461473
    ],
    [
      1.0,
      0.9242036292414769
    ]
  ]
}