{
  "run_id": 17,
  "seed": 59517,
  "pop": 50,
  "ngen": 25,
  "steps": 150,
  "base_seed": 7000,
  "elapsed_s": 8.897418022155762,
  "hof_fitness": [
    [
      -984.5154217590101,
      0.1231827976461644
    ],
    [
      -984.5154217590101,
      0.1231827976461644
    ],
    [
      -983.9749325776824,
      0.12318279764614723
    ],
    [
      -983.9749325776824,
      0.12318279764614723
    ],
    [
      -983.2806481174594,
      0.12318279764613697
    ],
    [
      -983.2806481174594,
      0.12318279764613697
    ],
    [
      -978.664349016243,
      0.12318279764613574
    ]
  ],
  "hall_of_fame": [
    [
      0.0,
      0.9867418488750141
    ],
    [
      1.0,
      0.9867418488750141
    ],
    [
      0.0,
      0.9313011313193725
    ],
    [
      1.0,
      0.9313011313193725
    ],
    [
      0.0,
      0.8600848517111759
    ],
    [
      1.0,
      0.8600848517111759
    ],
    [
      0.0,
      0.38656763163685137
    ]
  ]
}