{
  "run_id": 19,
  "seed": 59519,
  "pop": 50,
  "ngen": 25,
  "steps": 150,
  "base_seed": 7000,
  "elapsed_s": 9.0491042137146,
  "hof_fitness": [
    [
      -979.7702206514001,
      0.12318279764616633
    ]
  ],
  "hall_of_fame": [
    [
      0.0,
      0.5000024960073631
    ]
  ]
}