{
  "run_id": 4,
  "seed": 59504,
  "pop": 50,
  "ngen": 25,
  "steps": 150,
  "base_seed": 7000,
  "elapsed_s": 8.987112998962402,
  "hof_fitness": [
    [
      -984.6446749065778,
      0.12318279764616172
    ],
    [
      -984.6356067639333,
      0.12318279764616133
    ],
    [
      -984.1358004268044,
      0.12318279764615606
    ],
    [
      -976.805781368106,
      0.12318279764614445
    ]
  ],
  "hall_of_fame": [
    [
      0.0,
      1.0
    ],
    [
      0.0,
      0.9990698346009682
    ],
    [
      0.0,
      0.9478021627831749
    ],
    [
      0.0,
      0.19592491833566006
    ]
  ]
}