{
  "run_id": 4,
  "seed": 58004,
  "pop": 50,
  "ngen": 10,
  "steps": 150,
  "base_seed": 7000,
  "elapsed_s": 3.7829198837280273,
  "hof_fitness": [
    [
      -906.2915819568567,
      0.1433155539202968
    ],
    [
      -810.5814888375185,
      0.14165587123312187
    ],
    [
      -810.296874997733,
      0.1416537565165882
    ],
    [
      -809.8689947241937,
      0.14165057753733307
    ],
    [
      -809.8224466992111,
      0.14165023172042632
    ],
    [
      -809.5809829689751,
      0.14132693604893706
    ],
    [
      -809.2967131552151,
      0.14132478716666527
    ],
    [
      -809.153323629904,
      0.14132370329079827
    ],
    [
      -808.8693500926288,
      0.14132155684345987
    ],
    [
      -808.8228583346087,
      0.14132120544240923
    ],
    [
      -808.7259644671516,
      0.14132047309565668
    ],
    [
      -808.4282686526166,
      0.14131822313487905
    ],
    [
      -808.2058948937578,
      0.1413165425451468
    ],
    [
      -808.1084415267682,
      0.14131580606638813
    ],
    [
      -808.0587445238805,
      0.14131543049994974
    ],
    [
      -806.9680001449605,
      0.14044642347458572
    ],
    [
      -806.8936743881317,
      0.14044583762306057
    ],
    [
      -806.6846290419247,
      0.14044418994129065
    ],
    [
      -806.5416928447238,
      0.14044306337713752
    ],
    [
      -806.3162528246112,
      0.1404412866337791
    ],
    [
      -806.2122723364661,
      0.14044046717401842
    ],
    [
      -806.1156848093871,
      0.14043970599655442
    ],
    [
      -805.8189302042525,
      0.14043736747723526
    ],
    [
      -805.1345259525654,
      0.1404319748197223
    ],
    [
      -805.1216881165487,
      0.14043187367481094
    ],
    [
      -804.3165456306131,
      0.1395243228615158
    ],
    [
      -804.0340868123707,
      0.1395220111573704
    ],
    [
      -803.8916107902082,
      0.1395208451743657
    ],
    [
      -803.5632508488445,
      0.1395181581534783
    ],
    [
      -803.4669742888577,
      0.1395173703556605
    ],
    [
      -802.5165730917469,
      0.13888415417300382
    ],
    [
      -802.2347337868382,
      0.13888179451972082
    ],
    [
      -802.0925702597604,
      0.13888060435877755
    ],
    [
      -802.060921699183,
      0.13874645939613506
    ],
    [
      -801.7110060843819,
      0.1387435166155929
    ],
    [
      -801.4868892915431,
      0.13874163197398146
    ],
    [
      -801.3835191265579,
      0.13874076276008285
    ],
    [
      -800.9924857892864,
      0.13873747492045782
    ],
    [
      -800.8482194936921,
      0.13828213598687636
    ],
    [
      -800.4298754186804,
      0.13813003823874034
    ],
    [
      -800.1487545140874,
      0.13812762889116606
    ],
    [
      -799.9880120133361,
      0.13796894316417904
    ],
    [
      -799.9143163675745,
      0.13796830866128248
    ],
    [
      -799.7070432599012,
      0.13796652417591818
    ],
    [
      -799.2386911728833,
      0.13796249245751496
    ],
    [
      -799.1429225251933,
      0.1379616681345312
    ],
    [
      -798.6288925913688,
      0.13795724413321386
    ],
    [
      -798.5924518974314,
      0.13795693053697372
    ],
    [
      -798.1700823222674,
      0.13795329606521414
    ],
    [
      -798.1573533339432,
      0.1379531865413306
    ],
    [
      -797.2827758002945,
      0.13794566261480112
    ],
    [
      -797.2134811878042,
      0.13694873665825044
    ],
    [
      -797.1400361883643,
      0.1369480883179963
    ],
    [
      -796.9334680436156,
      0.1369462649280233
    ],
    [
      -796.5125044790997,
      0.13694254952692148
    ],
    [
      -796.3712660034507,
      0.1369413031054356
    ],
    [
      -795.714037701509,
      0.13693550403821483
    ],
    [
      -795.2931077844679,
      0.13693179076319018
    ],
    [
      -794.8721894731627,
      0.1369280782219052
    ],
    [
      -794.4512827627149,
      0.13692436641427091
    ],
    [
      -792.5616925332266,
      0.13537351799874686
    ],
    [
      -792.2642135690949,
      0.1351378076954019
    ],
    [
      -792.2202082688292,
      0.13509507956487418
    ],
    [
      -792.1472146206148,
      0.1350944166866094
    ],
    [
      -791.9419159371615,
      0.1350925524348238
    ],
    [
      -791.8015415743189,
      0.13509127785053132
    ],
    [
      -791.4780253303855,
      0.13508834069912373
    ],
    [
      -791.0917332988586,
      0.1350848342407925
    ],
    [
      -790.8971027336639,
      0.13460553287662888
    ],
    [
      -790.431109598408,
      0.13443106328761478
    ],
    [
      -790.4236704827109,
      0.13443099543894332
    ],
    [
      -790.0204395407937,
      0.13428266978310685
    ],
    [
      -789.3821180424002,
      0.13427684616880536
    ],
    [
      -789.2802795743553,
      0.13427591725316343
    ],
    [
      -789.2117648161221,
      0.13398627356956735
    ],
    [
      -788.9345099364538,
      0.1339837427844609
    ],
    [
      -788.8909333443195,
      0.13386912953913294
    ],
    [
      -788.6137891330787,
      0.1338665998826869
    ],
    [
      -788.4739939047735,
      0.13386532404462073
    ],
    [
      -788.0540114319384,
      0.13356492767778003
    ],
    [
      -788.0539825343596,
      0.13356491721140604
    ],
    [
      -788.0305471016677,
      0.13355643005500903
    ],
    [
      -788.0264980266644,
      0.1335549638612159
    ],
    [
      -787.953883736146,
      0.13355430152099676
    ],
    [
      -787.753699704205,
      0.13355390497474792
    ],
    [
      -787.7496520261444,
      0.13355243880793563
    ],
    [
      -787.3938043292791,
      0.13355062305726137
    ],
    [
      -787.3897584672478,
      0.13354915692562208
    ],
    [
      -787.2881723889503,
      0.1335482306874043
    ],
    [
      -787.1938090439417,
      0.13354737035522032
    ],
    [
      -786.9079314868023,
      0.13354619346972796
    ],
    [
      -786.9038880765432,
      0.13354472738576137
    ],
    [
      -786.691721619225,
      0.13354422275281638
    ],
    [
      -786.6554582789391,
      0.13354389224367458
    ],
    [
      -786.6514161427168,
      0.1335424261845758
    ],
    [
      -786.5440149134033,
      0.13354144736285287
    ],
    [
      -786.2392847292929,
      0.13354009969738587
    ],
    [
      -786.2267424735765,
      0.13353998541588652
    ],
    [
      -786.222702500797,
      0.13353851939912925
    ],
    [
      -785.9206167815975,
      0.13353719635301953
    ],
    [
      -785.8706796481189,
      0.1335367414325409
    ],
    [
      -785.3649952222851,
      0.1335321354883641
    ],
    [
      -785.3609595983346,
      0.13353066955723755
    ],
    [
      -784.3109056186563,
      0.13352110985705237
    ],
    [
      -783.736807420948,
      0.13351588582419352
    ],
    [
      -783.1213357470122,
      0.13351171642854073
    ],
    [
      -782.9284615170586,
      0.13350996241269933
    ],
    [
      -781.6510109186344,
      0.13350662253698312
    ],
    [
      -781.6277625120983,
      0.1334981390720243
    ],
    [
      -781.6237457507594,
      0.1334966735200872
    ],
    [
      -780.369127193542,
      0.13349498909250046
    ],
    [
      -780.3690985727612,
      0.1334949786315888
    ],
    [
      -780.3458876184818,
      0.133486495931671
    ],
    [
      -780.3418773280008,
      0.13348503051273294
    ]
  ],