{
  "run_id": 7,
  "seed": 58007,
  "pop": 50,
  "ngen": 10,
  "steps": 150,
  "base_seed": 7000,
  "elapsed_s": 3.8368237018585205,
  "hof_fitness": [
    [
      -976.6259718727412,
      0.12318279764617249
    ]
  ],
  "hall_of_fame": [
    [
      0.0,
      0.1774809461145369
    ]
  ]
}