{
  "run_id": 16,
  "seed": 58016,
  "pop": 50,
  "ngen": 10,
  "steps": 150,
  "base_seed": 7000,
  "elapsed_s": 3.7741639614105225,
  "hof_fitness": [
    [
      -917.651365395214,
      0.1398337022238757
    ],
    [
      -804.1812499429423,
      0.13949823376952628
    ],
    [
      -803.9286243731082,
      0.13949616427055572
    ],
    [
      -803.898921352443,
      0.13949592095452032
    ],
    [
      -803.8253392924104,
      0.1393480571272863
    ],
    [
      -803.7938933404971,
      0.13934779807088923
    ],
    [
      -803.7550045383991,
      0.13934747770252884
    ],
    [
      -803.1706944483367,
      0.1393426645646689
    ],
    [
      -802.0591765788057,
      0.13933351096083127
    ],
    [
      -802.0080512055453,
      0.13869882080066145
    ],
    [
      -801.9766749333292,
      0.13869855649326102
    ],
    [
      -801.9378723034054,
      0.13869822963144154
    ],
    [
      -801.6859374514548,
      0.13869610750718717
    ],
    [
      -801.6563156442323,
      0.1386958580050413
    ],
    [
      -801.4915222799849,
      0.13869447000733293
    ],
    [
      -801.4150445126397,
      0.13869382588667134
    ],
    [
      -801.3548569888907,
      0.13869331897897566
    ],
    [
      -801.1029316595566,
      0.13869119733626578
    ],
    [
      -800.5578977894806,
      0.13868660781118533
    ],
    [
      -800.2458022701106,
      0.13868398013782557
    ],
    [
      -800.1365096538817,
      0.13868306001677758
    ],
    [
      -799.759608557638,
      0.13867988718340693
    ],
    [
      -799.6641266701237,
      0.13867908345826302
    ],
    [
      -799.5426692842498,
      0.13867806111864397
    ],
    [
      -798.7181807813561,
      0.13867112224223463
    ],
    [
      -798.4061224193239,
      0.1386684964509719
    ],
    [
      -798.326693148574,
      0.13866782814194947
    ],
    [
      -797.9789136494101,
      0.13866490216712046
    ],
    [
      -797.8068017675815,
      0.13717650353759933
    ],
    [
      -797.7681969587717,
      0.1371761644587889
    ],
    [
      -797.5175465168567,
      0.1371739630381435
    ],
    [
      -797.4986806798618,
      0.1371737973514448
    ],
    [
      -797.4880757283676,
      0.13717370421540911
    ],
    [
      -797.3241225234219,
      0.13717226437594246
    ],
    [
      -797.1881539940022,
      0.13717107036865864
    ],
    [
      -796.9375130730966,
      0.1371688695332494
    ],
    [
      -796.3952580564845,
      0.13716410882566776
    ],
    [
      -796.2946087392122,
      0.1366169687812378
    ],
    [
      -796.005891243139,
      0.13661440306799935
    ],
    [
      -795.8128268497863,
      0.13661268755793107
    ],
    [
      -795.6771111059367,
      0.13661148171334875
    ],
    [
      -795.60297227782,
      0.1363490240207666
    ],
    [
      -795.5718417419446,
      0.13634874599197186
    ],
    [
      -795.2833813145422,
      0.13634616991185677
    ],
    [
      -795.0904888246841,
      0.1363444474756427
    ],
    [
      -794.9548939226308,
      0.1363432367652171
    ],
    [
      -794.3088772578159,
      0.13587942470964795
    ],
    [
      -794.0208661015763,
      0.13587683330018593
    ],
    [
      -793.9915220689736,
      0.13587656929347253
    ],
    [
      -793.8282740422405,
      0.13587510062427202
    ],
    [
      -793.6928903317108,
      0.13587388272106984
    ],
    [
      -793.312435972675,
      0.13549781001971345
    ],
    [
      -793.2813933732439,
      0.13549752928629025
    ],
    [
      -793.2430033930304,
      0.13549718211266198
    ],
    [
      -792.9644410005615,
      0.1354946631693992
    ],
    [
      -792.8014001861665,
      0.13549318900352614
    ],
    [
      -792.6661883210948,
      0.13549196654585569
    ],
    [
      -791.9569061620851,
      0.13500599532251334
    ],
    [
      -791.4776994846585,
      0.13500164065705772
    ],
    [
      -791.3427091798721,
      0.13500041415882424
    ],
    [
      -790.6492935922711,
      0.1345225748899736
    ],
    [
      -790.6110286326627,
      0.13452222603777275
    ],
    [
      -790.3333734137105,
      0.1345196949380353
    ],
    [
      -790.1708635693647,
      0.13451821367624672
    ],
    [
      -790.0360920486288,
      0.1345169853445713
    ],
    [
      -789.787657688978,
      0.13451472130225406
    ],
    [
      -788.9424060813885,
      0.1345070205799211
    ],
    [
      -788.5098614475819,
      0.13373866818062558
    ],
    [
      -788.4425639279663,
      0.13373805400873515
    ],
    [
      -788.1947805905941,
      0.13373579289374485
    ],
    [
      -788.1387113706724,
      0.13359299567585123
    ],
    [
      -788.1078675163287,
      0.1335927142944209
    ],
    [
      -788.0682182015515,
      0.13357834600420587
    ],
    [
      -788.0049751137445,
      0.13355543820552981
    ],
    [
      -783.7613053569886,
      0.13355311366296935
    ],
    [
      -783.7080955145095,
      0.13355262951945757
    ],
    [
      -782.8939491913983,
      0.1335452237297174
    ],
    [
      -782.8545575079428,
      0.13353086033533845
    ],
    [
      -780.442298224186,
      0.13353055265417138
    ],
    [
      -780.4209702890965,
      0.13352275078151352
    ],
    [
      -780.3817008288942,
      0.13350838979398302
    ]
  ],