{
  "run_id": 15,
  "seed": 58015,
  "pop": 50,
  "ngen": 10,
  "steps": 150,
  "base_seed": 7000,
  "elapsed_s": 3.831407070159912,
  "hof_fitness": [
    [
      -984.6434057689132,
      0.12318279764616288
    ],
    [
      -984.5603757004026,
      0.12318279764616138
    ],
    [
      -984.3140803914224,
      0.12318279764612479
    ]
  ],
  "hall_of_fame": [
    [
      0.0,
      0.9998698181105764
    ],
    [
      0.0,
      0.99135300272203
    ],
    [
      0.0,
      0.9660892432752369
    ]
  ]
}