{
  "run_id": 19,
  "seed": 58019,
  "pop": 50,
  "ngen": 10,
  "steps": 150,
  "base_seed": 7000,
  "elapsed_s": 3.880099058151245,
  "hof_fitness": [
    [
      -884.2676931320032,
      0.14810859117532899
    ],
    [
      -834.0707165952242,
      0.1477112718603215
    ],
    [
      -834.0416530895882,
      0.14771115707069843
    ],
    [
      -833.9886029046986,
      0.14771094754086395
    ],
    [
      -833.886561666401,
      0.14771054450577695
    ],
    [
      -833.7375695739642,
      0.14770995600968276
    ],
    [
      -833.68430199922,
      0.14770974560570485
    ],
    [
      -833.4258196716594,
      0.1477087245762079
    ],
    [
      -833.0659771500556,
      0.1477073030579323
    ],
    [
      -832.9951651759582,
      0.1477070233084346
    ],
    [
      -832.6561873191698,
      0.1477056840775289
    ],
    [
      -832.5322776696354,
      0.14770519450891878
    ],
    [
      -832.4176435694404,
      0.14770474157506389
    ],
    [
      -832.3799003543878,
      0.1477045924440946
    ],
    [
      -831.9173846527301,
      0.14770276484198214
    ],
    [
      -831.7191183366622,
      0.1477019813424893
    ],
    [
      -831.1795370746374,
      0.14769984886112694
    ],
    [
      -830.7934018996527,
      0.1476983226447078
    ],
    [
      -829.2072149357151,
      0.14769205168630858
    ],
    [
      -829.1061939468093,
      0.14769165222116143
    ],
    [
      -828.1846422864422,
      0.14768800770410032
    ],
    [
      -828.1545154874564,
      0.14768788854626488
    ],
    [
      -827.7615157728335,
      0.14768633407135726
    ],
    [
      -827.4356965732753,
      0.14768504521266718
    ],
    [
      -827.2108239429056,
      0.14768415561494222
    ],
    [
      -827.1806988904136,
      0.14768403643640726
    ],
    [
      -825.643174534325,
      0.14767795266392497
    ],
    [
      -820.2070446530103,
      0.14454832807268322
    ],
    [
      -820.130263038636,
      0.14454786164019115
    ],
    [
      -820.0258813643775,
      0.14454722754618707
    ],
    [
      -819.8793097118958,
      0.14454633716419976
    ],
    [
      -819.8269074977222,
      0.14454601883708196
    ],
    [
      -819.2186279071102,
      0.14454232379565884
    ],
    [
      -819.1489663667952,
      0.14454190063917632
    ],
    [
      -818.543697573189,
      0.14453822402490255
    ],
    [
      -818.0886965131574,
      0.1445354602708671
    ],
    [
      -817.8936515684226,
      0.14453427555607734
    ],
    [
      -817.8542502337209,
      0.14453403623155564
    ],
    [
      -815.4225646897777,
      0.1445192671470936
    ],
    [
      -815.3231853652441,
      0.14451866359993024
    ],
    [
      -815.273578145437,
      0.14312891612059891
    ],
    [
      -815.0934810515363,
      0.143127692936506
    ],
    [
      -814.9477720222561,
      0.14312670333050764
    ],
    [
      -814.8956782147162,
      0.1431263495317283
    ],
    [
      -814.2909786570109,
      0.14312224284870323
    ],
    [
      -814.2217271194725,
      0.14312177256301625
    ],
    [
      -814.2071433534182,
      0.14280378362923274
    ],
    [
      -813.8817543544504,
      0.14280152498979853
    ],
    [
      -812.0572475111876,
      0.14212978938678703
    ],
    [
      -811.8778459292913,
      0.14212849129160712
    ],
    [
      -811.7326996157979,
      0.14212744108736278
    ],
    [
      -810.2098887886091,
      0.14153181165635265
    ],
    [
      -810.1340231986802,
      0.1415312442123607
    ],
    [
      -810.1300727727752,
      0.14153121466500332
    ],
    [
      -810.0308868321947,
      0.14153047280803005
    ],
    [
      -809.886063842416,
      0.14152938963766123
    ],
    [
      -808.7145000100986,
      0.14152062837094886
    ],
    [
      -808.1168148021083,
      0.14151615952871174
    ],
    [
      -808.0727082356385,
      0.14092629497364895
    ],
    [
      -805.7004435647129,
      0.14011560036411333
    ],
    [
      -804.794149387782,
      0.14010835682779754
    ],
    [
      -804.2764487417472,
      0.1400164545605194
    ],
    [
      -803.451573261029,
      0.14000983922014182
    ],
    [
      -803.2231992094861,
      0.14000800796345741
    ],
    [
      -802.6341177060859,
      0.13892363073405262
    ],
    [
      -802.4567556618764,
      0.13892214773331482
    ],
    [
      -802.3132594702057,
      0.13892094796019058
    ],
    [
      -802.2619568001286,
      0.13892051903118857
    ],
    [
      -801.6664408791247,
      0.13891554057589686
    ],
    [
      -801.2717679945522,
      0.13891224166309882
    ],
    [
      -801.1524293917221,
      0.13891124424016102
    ],
    [
      -801.0420241949665,
      0.13891032151533506
    ],
    [
      -800.8058802422266,
      0.1389083480212842
    ],
    [
      -800.8015665403441,
      0.13890831197233178
    ],
    [
      -800.560220428053,
      0.13890629515737488
    ],
    [
      -800.3574525904114,
      0.1381009864775011
    ],
    [
      -800.2824910538751,
      0.1381003434600202
    ],
    [
      -800.2785877033962,
      0.1381003099776748
    ],
    [
      -800.037486539325,
      0.1380982419375801
    ],
    [
      -799.3924665599421,
      0.13809271015184596
    ],
    [
      -799.1153769937541,
      0.13809033417536887
    ],
    [
      -798.8798844393137,
      0.13808831506479152
    ],
    [
      -798.7963004144973,
      0.13752970342017543
    ],
    [
      -798.6197698184733,
      0.13752816590178946
    ],
    [
      -798.4769463234531,
      0.13752692203496913
    ],
    [
      -798.4258841569427,
      0.13752647734470713
    ],
    [
      -797.8331600324949,
      0.13752131605358844
    ],
    [
      -797.4403374439003,
      0.13751789608884962
    ],
    [
      -796.7321258536715,
      0.13751173158448937
    ],
    [
      -796.503675637251,
      0.1375097434301602
    ],
    [
      -795.7073256881318,
      0.13638777081905104
    ],
    [
      -795.6795711258227,
      0.13638752311034244
    ],
    [
      -795.6289101870915,
      0.1363870709704958
    ],
    [
      -795.3891828734509,
      0.13638493158095186
    ],
    [
      -794.7335139255867,
      0.13602599159435802
    ],
    [
      -794.4157530890642,
      0.13602313871361135
    ],
    [
      -793.7751787374281,
      0.13601738882872294
    ],
    [
      -793.5270498983627,
      0.13557755338836563
    ],
    [
      -793.4488452078991,
      0.1355768468348664
    ],
    [
      -793.2433418449342,
      0.13547214097169225
    ],
    [
      -792.9261656415788,
      0.1354692719250334
    ],
    [
      -792.9035496616233,
      0.13534594061844843
    ],
    [
      -791.6755893344084,
      0.13489061222333307
    ],
    [
      -791.5006026883126,
      0.13488902048173154
    ],
    [
      -791.3590283505735,
      0.13488773277521549
    ],
    [
      -791.3084127846407,
      0.13488727241792994
    ],
    [
      -790.3205361674466,
      0.1343903579938429
    ],
    [
      -790.24224771008,
      0.1343896438677048
    ],
    [
      -790.0045070616693,
      0.13438747544848959
    ],
    [
      -789.6850011219394,
      0.1341568830605909
    ],
    [
      -789.510446398202,
      0.1341552899045546
    ],
    [
      -789.3764436946784,
      0.1340438548054706
    ],
    [
      -789.2019559352486,
      0.13404226206032435
    ],
    [
      -789.0607852295781,
      0.13404097355273853
    ],
    [
      -788.5137223754481,
      0.13372913233884812
    ],
    [
      -788.5036913585838,
      0.13372548528985714
    ],
    [
      -788.358021273434,
      0.13367255707020315
    ],
    [
      -788.0462941162419,
      0.1335595141985252
    ],
    [
      -788.0363738318908,
      0.13355592186240386
    ],
    [
      -788.0327319145151,
      0.13355460313078704
    ],
    [
      -787.955058797419,
      0.13355389464632647
    ],
    [
      -787.858535813475,
