{
  "run_id": 18,
  "seed": 58018,
  "pop": 50,
  "ngen": 10,
  "steps": 150,
  "base_seed": 7000,
  "elapsed_s": 3.8912136554718018,
  "hof_fitness": [
    [
      -945.7725377800168,
      0.13041039301409507
    ]
  ],
  "hall_of_fame": [
    [
      0.9981704841371488,
      1.0
    ]
  ]
}