{
  "run_id": 1,
  "seed": 8001,
  "domain": "eco",
  "steps": 200,
  "n_eval": 5,
  "elapsed_s": 0.7604460716247559,
  "hof_fitness": [
    [
      -851.8575276648593,
      0.14713566283196955
    ],
    [
      -851.1762053319133,
      0.14713477648468606
    ],
    [
      -851.1001776856971,
      0.1471346775405503
    ],
    [
      -848.2481951204787,
      0.14713096039080234
    ],
    [
      -848.0275070471628,
      0.14713067230871885
    ],
    [
      -847.3462984866525,
      0.14712978266784515
    ],
    [
      -845.3158887888961,
      0.14712712739124184
    ],
    [
      -828.4899561058244,
      0.14270592096838067
    ],
    [
      -825.1322786091093,
      0.14165028971279547
    ],
    [
      -824.5537324370958,
      0.1416472353117054
    ],
    [
      -824.3983202125846,
      0.14164641485284066
    ],
    [
      -821.4205607010351,
      0.14163069707779796
    ],
    [
      -812.4941931348985,
      0.13672610185926432
    ],
    [
      -811.7713082080616,
      0.13672081361635186
    ],
    [
      -809.5230125632706,
      0.1353568232987717
    ],
    [
      -808.8750384651711,
      0.13535177763601178
    ],
    [
      -808.8027321569149,
      0.13535121465265126
    ],
    [
      -805.8804706019691,
      0.1353284706340514
    ],
    [
      -792.1988537328897,
      0.1260418290606526
    ],
    [
      -791.4937713660707,
      0.1260347069866208
    ],
    [
      -788.6331749759079,
      0.12600583480436126
    ],
    [
      -787.3978595883335,
      0.12356813708486084
    ],
    [
      -783.8508153917115,
      0.12353124033199137
    ],
    [
      -780.8865865002361,
      0.11967606759173302
    ],
    [
      -779.2061484215001,
      0.11879340067004444
    ]
  ],
  "hall_of_fame": [
    [
      0.01514469080972336,
      0.8655561317788047
    ],
    [
      0.01514469080972336,
      0.7860986554875202
    ],
    [
      0.01514469080972336,
      0.7772319788764361
    ],
    [
      0.01514469080972336,
      0.44460005501903355
    ],
    [
      0.01514469080972336,
      0.41885907923405163
    ],
    [
      0.01514469080972336,
      0.3394016029427671
    ],
    [
      0.01514469080972336,
      0.1025567422256578
    ],
    [
      0.03841074573686898,
      0.8655561317788047
    ],
    [
      0.04401133980775751,
      0.8655561317788047
    ],
    [
      0.04401133980775751,
      0.7959344531187651
    ],
    [
      0.04401133980775751,
      0.7772319788764361
    ],
    [
      0.04401133980775751,
      0.41885907923405163
    ],
    [
      0.9257792671680686,
      0.8655561317788047
    ],
    [
      0.9257792671680686,
      0.7772319788764361
    ],
    [
      0.08420573350191399,
      0.8655561317788047
    ],
    [
      0.08420573350191399,
      0.7860986554875202
    ],
    [
      0.08420573350191399,
      0.7772319788764361
    ],
    [
      0.08420573350191399,
      0.41885907923405163
    ],
    [
      0.18575359861841467,
      0.8655561317788047
    ],
    [
      0.18575359861841467,
      0.7772319788764361
    ],
    [
      0.18575359861841467,
      0.41885907923405163
    ],
    [
      0.23154858638345968,
      0.7860986554875202
    ],
    [
      0.23154858638345968,
      0.3394016029427671
    ],
    [
      0.3591176043096723,
      0.7959344531187651
    ],
    [
      0.42500483241018194,
      0.7772319788764361
    ]
  ],
  "logbook": [
    {
      "gen": 0,
      "nevals": 10,
      "avg": [
        -803.427242199751,
        0.13154746378404356
      ],
      "min": [
        -848.2481951204787,
        0.11879340067004444
      ],
      "max": [
        -776.4177799287036,
        0.14713096039080234
      ]
    },
    {
      "gen": 1,
      "nevals": 10,
      "avg": [
        -809.6893642462884,
        0.13352912066216618
      ],
      "min": [
        -851.8575276648593,
        0.11879340067004444
      ],
      "max": [
        -779.2061484215001,
        0.14713566283196955
      ]
    },
    {
      "gen": 2,
      "nevals": 10,
      "avg": [
        -810.7697490412481,
        0.1340311752969769
      ],
      "min": [
        -851.8575276648593,
        0.11879340067004444
      ],
      "max": [
        -779.2061484215001,
        0.14713566283196955
      ]
    },
    {
      "gen": 3,
      "nevals": 10,
      "avg": [
        -813.0992755663261,
        0.13447409318499975
      ],
      "min": [
        -851.8575276648593,
        0.11879340067004444
      ],
      "max": [
        -779.2061484215001,
        0.14713566283196955
      ]
    },
    {
      "gen": 4,
      "nevals": 10,
      "avg": [
        -812.6210396079065,
        0.13422663373776272
      ],
      "min": [
        -851.8575276648593,
        0.11879340067004444
      ],
      "max": [
        -779.2061484215001,
        0.14713566283196955
      ]
    },
    {
      "gen": 5,
      "nevals": 10,
      "avg": [
        -816.3835639344992,
        0.13603587678798768
      ],
      "min": [
        -851.8575276648593,
        0.11879340067004444
      ],
      "max": [
        -779.2061484215001,
        0.14713566283196955
      ]
    }
  ]
}