{
  "run_id": 9,
  "seed": 8009,
  "domain": "eco",
  "steps": 1000,
  "n_eval": 5,
  "elapsed_s": 19.809921979904175,
  "hof_fitness": [
    [
      -786.4897616472272,
      0.10523033417201229
    ],
    [
      -786.4277890199577,
      0.10523005761384621
    ],
    [
      -786.1354181707185,
      0.1052287530081871
    ],
    [
      -786.0734457754288,
      0.10522847650378706
    ],
    [
      -785.2890480139538,
      0.1052249775254164
    ],
    [
      -784.6397251942052,
      0.10522208219495921
    ],
    [
      -783.8394167489971,
      0.10521851500973593
    ],
    [
      -783.4718576544718,
      0.10521687721617097
    ],
    [
      -780.9431034493543,
      0.10520561818707037
    ],
    [
      -780.7620675453995,
      0.10520481272840224
    ],
    [
      -780.6706713479156,
      0.10520440612130358
    ],
    [
      -772.1348311314873,
      0.08133773074866452
    ],
    [
      -772.0739860976153,
      0.08133730878101922
    ],
    [
      -771.695523477826,
      0.08043792445579714
    ],
    [
      -771.634712966602,
      0.08043749729133312
    ],
    [
      -770.917276983491,
      0.08043245872827619
    ],
    [
      -770.5173258581624,
      0.08042965072869908
    ],
    [
      -769.8801793776363,
      0.08042517868941325
    ],
    [
      -769.0948787179072,
      0.0804196689310082
    ],
    [
      -768.7342123160572,
      0.08041713925100513
    ],
    [
      -766.4774089722324,
      0.06904765520039093
    ],
    [
      -766.4170087377045,
      0.06904717873871334
    ],
    [
      -765.8168699830142,
      0.06754634409182765
    ],
    [
      -765.7565217263286,
      0.06754586546164315
    ],
    [
      -765.6912124054627,
      0.06726065140961018
    ],
    [
      -765.6308740383342,
      0.06726017256472659
    ],
    [
      -765.2858750830444,
      0.06725743500788137
    ],
    [
      -764.5221625701197,
      0.06725137710590215
    ],
    [
      -764.3317679443907,
      0.06418660151342913
    ],
    [
      -764.2715366055992,
      0.06418612552835543
    ],
    [
      -763.5609336565591,
      0.0641805113999308
    ],
    [
      -763.1647917777632,
      0.06417738287036547
    ],
    [
      -762.5439019980931,
      0.060300621580780624
    ],
    [
      -762.483811545258,
      0.060300170250221094
    ],
    [
      -762.2003203221117,
      0.060298041288093865
    ],
    [
      -762.1721063762766,
      0.05953737936553364
    ],
    [
      -761.8730219024833,
      0.058939789833412214
    ],
    [
      -761.8680916127043,
      0.058930073820903886
    ],
    [
      -761.8080544635122,
      0.05892964088547605
    ],
    [
      -761.5248147131753,
      0.058927598721220595
    ],
    [
      -761.4647777943253,
      0.05892716592023658
    ],
    [
      -761.0997425442602,
      0.05892453491241458
    ],
    [
      -760.7048778536449,
      0.05892168987389505
    ],
    [
      -760.361605414339,
      0.05891921737820112
    ],
    [
      -760.075834397187,
      0.05891715962773379
    ],
    [
      -759.3005209793401,
      0.058911579476857635
    ],
    [
      -759.1394768876269,
      0.05891042088156717
    ],
    [
      -758.9444414504726,
      0.058909017966469204
    ],
    [
      -756.6674378154686,
      0.0589023244945638
    ],
    [
      -756.6625412527201,
      0.05889262211132283
    ],
    [
      -756.4946659521805,
      0.058891417216920317
    ],
    [
      -756.3192842707524,
      0.058890158639790954
    ],
    [
      -756.2307426175805,
      0.05888952332048282
    ],
    [
      -755.3911101631625,
      0.0588835011417008
    ]
  ],
  "hall_of_fame": [
    [
      0.0021180065497519163,
      0.9689071378155142
    ],
    [
      0.0021180065497519163,
      0.9609775972160378
    ],
    [
      0.0021180065497519163,
      0.9235680026774526
    ],
    [
      0.0021180065497519163,
      0.9156384620779763
    ],
    [
      0.0021180065497519163,
      0.8152721350947377
    ],
    [
      0.0021180065497519163,
      0.7321884718028633
    ],
    [
      0.0021180065497519163,
      0.6297847619187824
    ],
    [
      0.0021180065497519163,
      0.582753337028944
    ],
    [
      0.0021180065497519163,
      0.25917890169569957
    ],
    [
      0.0021180065497519163,
      0.2360135719509866
    ],
    [
      0.0021180065497519163,
      0.22431851016621518
    ],
    [
      0.035178229178142284,
      0.9689071378155142
    ],
    [
      0.035178229178142284,
      0.9609775972160378
    ],
    [
      0.03843032639528854,
      0.9689071378155142
    ],
    [
      0.03843032639528854,
      0.9609775972160378
    ],
    [
      0.03843032639528854,
      0.8674253164888276
    ],
    [
      0.03843032639528854,
      0.8152721350947377
    ],
    [
      0.03843032639528854,
      0.7321884718028633
    ],
    [
      0.03843032639528854,
      0.6297847619187824
    ],
    [
      0.03843032639528854,
      0.582753337028944
    ],
    [
      0.88523927303731,
      0.9689071378155142
    ],
    [
      0.88523927303731,
      0.9609775972160378
    ],
    [
      0.13324589938541997,
      0.9689071378155142
    ],
    [
      0.13324589938541997,
      0.9609775972160378
    ],
    [
      0.1371565988180331,
      0.9689071378155142
    ],
    [
      0.1371565988180331,
      0.9609775972160378
    ],
    [
      0.1371565988180331,
      0.9156384620779763
    ],
    [
      0.1371565988180331,
      0.8152721350947377
    ],
    [
      0.8096209781778901,
      0.9689071378155142
    ],
    [
      0.8096209781778901,
      0.9609775972160378
    ],
    [
      0.8096209781778901,
      0.8674253164888276
    ],
    [
      0.8096209781778901,
      0.8152721350947377
    ],
    [
      0.32204437890277926,
      0.9689071378155142
    ],
    [
      0.32204437890277926,
      0.9609775972160378
    ],
    [
      0.32204437890277926,
      0.9235680026774526
    ],
    [
      0.37653461861107207,
      0.9689071378155142
    ],
    [
      0.46638843072199176,
      0.9689071378155142
    ],
    [
      0.4701666323948235,
      0.9689071378155142
    ],
    [
      0.4701666323948235,
      0.9609775972160378
    ],
    [
      0.4701666323948235,
      0.9235680026774526
    ],
    [
      0.4701666323948235,
      0.9156384620779763
    ],
    [
      0.4701666323948235,
      0.8674253164888276
    ],
    [
      0.4701666323948235,
      0.8152721350947377
    ],
    [
      0.4701666323948235,
      0.7699329999566762
    ],
    [
      0.4701666323948235,
      0.7321884718028633
    ],
    [
      0.4701666323948235,
      0.6297847619187824
    ],
    [
      0.4701666323948235,
      0.6085138820839648
    ],
    [
      0.4701666323948235,
      0.582753337028944
    ],
    [
      0.46638843072199176,
      0.28135270708904814
    ],
    [
      0.4701666323948235,
      0.28135270708904814
    ],
    [
      0.4701666323948235,
      0.25917890169569957
    ],
    [
      0.4701666323948235,
      0.2360135719509866
    ],
    [
      0.4701666323948235,
      0.22431851016621518
    ],
    [
      0.4701666323948235,
      0.11341472973989586
    ]
  ],
  "logbook": [
    {
      "gen": 0,
      "nevals": 30,
      "avg": [
        -760.8097398819159,
        0.06507847590826867
      ],
      "min": [
        -780.6706713479156,
        0.05889262211132283
      ],
      "max": [
        -755.2658110274762,
        0.10520440612130358
      ]
    },
    {
      "gen": 1,
      "nevals": 30,
      "avg": [
        -763.7614189465123,
        0.06854381329975386
      ],
      "min": [
        -780.9431034493543,
        0.0588835011417008
      ],
      "max": [
        -755.3911101631625,
        0.10520561818707037
      ]
    },
    {
      "gen": 2,
      "nevals": 30,
      "avg": [
        -764.9949764563473,
        0.06934417113190919
      ],
      "min": [
        -780.9431034493543,
        0.0588835011417008
      ],