{
  "run_id": 18,
  "seed": 8018,
  "domain": "eco",
  "steps": 1000,
  "n_eval": 5,
  "elapsed_s": 19.832056045532227,
  "hof_fitness": [
    [
      -770.8597802842951,
      0.07948502988407374
    ],
    [
      -770.5464430737137,
      0.07948280044920551
    ],
    [
      -770.4292714452541,
      0.07948196685697338
    ],
    [
      -770.4240523326562,
      0.07948192972797695
    ],
    [
      -770.2016236515917,
      0.07948034746020172
    ],
    [
      -769.5271864005642,
      0.07947555097381348
    ],
    [
      -769.400910150128,
      0.0763864163317802
    ],
    [
      -769.0881644282224,
      0.07638410202487828
    ],
    [
      -768.9660047254002,
      0.07638319815817199
    ],
    [
      -768.7439959258363,
      0.0763815556613849
    ],
    [
      -768.3728423265421,
      0.07637881019879737
    ],
    [
      -768.0708318237647,
      0.0763765766180686
    ],
    [
      -767.3806189388315,
      0.07193252176153878
    ],
    [
      -767.0686926153217,
      0.07193010780576611
    ],
    [
      -767.0038015753144,
      0.07192960567837899
    ],
    [
      -766.9520485853238,
      0.07192920522703405
    ],
    [
      -766.9468529732713,
      0.07192916502538807
    ],
    [
      -766.725425841829,
      0.07192745182200223
    ],
    [
      -766.6607344119388,
      0.07031050421402858
    ],
    [
      -766.3491001671916,
      0.07030806390548175
    ],
    [
      -766.2842698893522,
      0.0703075562976676
    ],
    [
      -766.2273746124221,
      0.07030711083556009
    ],
    [
      -765.7955466579482,
      0.0683471077956511
    ],
    [
      -765.4842635376975,
      0.06834464579456924
    ],
    [
      -765.4195063055088,
      0.06834413367640076
    ],
    [
      -765.3678600322135,
      0.06834372525810742
    ],
    [
      -765.36267513372,
      0.06834368425666484
    ],
    [
      -764.7722867583607,
      0.06833901641679013
    ],
    [
      -764.4716886630347,
      0.0683366404292565
    ],
    [
      -764.456776399798,
      0.06530673968599628
    ],
    [
      -764.2955671547026,
      0.06494283729117019
    ],
    [
      -763.9848930721838,
      0.0649403752222196
    ],
    [
      -763.8687173150118,
      0.06493945467044097
    ],
    [
      -763.8635425609915,
      0.06493941366843892
    ],
    [
      -763.3896821428372,
      0.06291946693353609
    ],
    [
      -763.0793761001058,
      0.06291703813602181
    ],
    [
      -763.0148221326815,
      0.06291653293376956
    ],
    [
      -762.9633379705523,
      0.06291613003325204
    ],
    [
      -762.9581693468048,
      0.06291608958588395
    ],
    [
      -762.5273904264401,
      0.06104817230614371
    ],
    [
      -762.1015278534336,
      0.06104492406953897
    ],
    [
      -762.0963650681775,
      0.06104488469740667
    ],
    [
      -762.0414929722186,
      0.06002978038128405
    ],
    [
      -761.7317350662678,
      0.0600274701863485
    ],
    [
      -761.6672951295432,
      0.06002698966367311
    ],
    [
      -761.615901911099,
      0.06002660644755718
    ],
    [
      -761.610742417417,
      0.06002656797641805
    ],
    [
      -761.5629056145527,
      0.05906090447632824
    ],
    [
      -761.4827419765095,
      0.058902492851196794
    ],
    [
      -761.4802393822213,
      0.05889756685428037
    ],
    [
      -761.4772607879427,
      0.058891705468461786
    ],
    [
      -761.1677324548434,
      0.05888947734987935
    ],
    [
      -761.1033402768979,
      0.05888901390486179
    ],
    [
      -761.0519851478354,
      0.05888864430953951
    ],
    [
      -761.0468294780418,
      0.058888607205851554
    ],
    [
      -760.827104610642,
      0.058887026077788965
    ],
    [
      -760.4597692874579,
      0.0588843834481408
    ],
    [
      -760.1608657501574,
      0.05888223376209706
    ],
    [
      -758.1121654171278,
      0.058878253511118285
    ],
    [
      -758.1067085195511,
      0.05886747601992798
    ],
    [
      -756.8644652261349,
      0.058864131166596126
    ],
    [
      -756.861639766071,
      0.05885854424499774
    ],
    [
      -755.0537654738908,
      0.058856322364916024
    ],
    [
      -755.0512840338416,
      0.05885140498778986
    ],
    [
      -755.0483306174559,
      0.058845553874095936
    ]
  ],