{
  "run_id": 11,
  "seed": 8011,
  "domain": "eco",
  "steps": 1000,
  "n_eval": 5,
  "elapsed_s": 19.672121047973633,
  "hof_fitness": [
    [
      -777.3086067161386,
      0.09200409133368918
    ],
    [
      -777.2674214891523,
      0.09200385187067821
    ],
    [
      -777.1205985905736,
      0.09200299824233353
    ],
    [
      -776.9178428610396,
      0.0920018195311989
    ],
    [
      -776.1931118954184,
      0.0919976073904799
    ],
    [
      -776.1234064853251,
      0.09199720234863219
    ],
    [
      -775.1103846594589,
      0.09199131762628317
    ],
    [
      -774.8485841745231,
      0.09198979732720843
    ],
    [
      -774.5286792357326,
      0.09198793990021278
    ],
    [
      -774.0880814323058,
      0.0919853822299726
    ],
    [
      -773.8099653100081,
      0.09198376807699872
    ],
    [
      -773.4687734701165,
      0.09198178816886389
    ],
    [
      -772.2820987633908,
      0.08264085165161739
    ],
    [
      -771.7086037714121,
      0.08148373592174396
    ],
    [
      -771.6677143677334,
      0.08148345303773825
    ],
    [
      -771.3206466813634,
      0.08148105218409785
    ],
    [
      -771.21124414565,
      0.08046552840566246
    ],
    [
      -771.1703810222674,
      0.08046524156438095
    ],
    [
      -771.0247064050459,
      0.08046421904463798
    ],
    [
      -770.8235364024368,
      0.0804628071261077
    ],
    [
      -770.1044734918512,
      0.08045776163482227
    ],
    [
      -770.0353132435592,
      0.08045727645911842
    ],
    [
      -769.514812896901,
      0.07689299226110119
    ],
    [
      -769.4740394263114,
      0.07689269235181659
    ],
    [
      -768.3414619744121,
      0.07688436441824166
    ],
    [
      -767.5567196541972,
      0.07259719037734753
    ],
    [
      -767.5160497002117,
      0.07259687740163948
    ],
    [
      -767.3710637210054,
      0.07259576172221496
    ],
    [
      -767.1708446974849,
      0.07259422117487387
    ],
    [
      -766.4551809838213,
      0.07258871610608285
    ],
    [
      -766.3863476750557,
      0.0725881867436806
    ],
    [
      -766.3368105387012,
      0.06985030221260785
    ],
    [
      -766.2962051028197,
      0.06984998335278278
    ],
    [
      -766.1875675433852,
      0.06984913029979699
    ],
    [
      -765.9613436015196,
      0.0689981622785769
    ],
    [
      -765.9207580282992,
      0.06899784215013831
    ],
    [
      -765.8121736103224,
      0.06899698570377891
    ],
    [
      -765.5762692472142,
      0.06899512523362378
    ],
    [
      -765.1965878130342,
      0.06725870089426268
    ],
    [
      -765.1560427049945,
      0.06725837922905478
    ],
    [
      -765.0499552797335,
      0.06692520940728602
    ],
    [
      -765.0094179318403,
      0.06692488763374926
    ],
    [
      -763.9703251334316,
      0.06448154706515175
    ],
    [
      -763.9298449384977,
      0.06448122681227784
    ],
    [
      -763.8725955634932,
      0.06426215457098029
    ],
    [
      -763.7022545755235,
      0.06388083447409425
    ],
    [
      -763.6617885765093,
      0.06388051534507305
    ],
    [
      -763.517529685097,
      0.06387937774223892
    ],
    [
      -763.3318436047413,
      0.06305722183336368
    ],
    [
      -763.2913972247883,
      0.0630569048431498
    ],
    [
      -762.9480899118744,
      0.06305421461300123
    ],
    [
      -762.1679055056425,
      0.06304810338381528
    ],
    [
      -762.0301781487743,
      0.06025476633285383
    ],
    [
      -761.9898007503683,
      0.060254463489401756
    ],
    [
      -761.6470789503811,
      0.060251893368947186
    ],
    [
      -761.5795444724829,
      0.05933341569071261
    ],
    [
      -761.3905052621252,
      0.05895696875942513
    ],
    [
      -761.3571510696078,
      0.05889122791835509
    ],
    [
      -761.3569000731097,
      0.05889073400392887
    ],
    [
      -761.1729935776258,
      0.05888990232255807
    ],
    [
      -761.1727426419129,
      0.05888940843288024
    ],
    [
      -760.9743905362725,
      0.05888847299044188
    ],
    [
      -760.9741396661132,
      0.05888797912744639
    ],
    [
      -760.1962252588212,
      0.05888287504010915
    ],
    [
      -760.1959746455115,
      0.05888238128176658
    ],
    [
      -759.2039515826988,
      0.05887574250024351
    ],
    [
      -759.203701296909,
      0.05887524887544249
    ],
    [
      -758.9475131742935,
      0.05887390023202179
    ],
    [
      -758.6341603942931,
      0.05887164966211007
    ],
    [
      -757.9301669206467,
      0.05886659572655086
    ],
    [
      -757.5959632815453,
      0.058864197609943325
    ],
    [
      -757.595713526504,
      0.05886370420180727
    ]
  ],