{
  "run_id": 0,
  "seed": 8000,
  "domain": "eco",
  "steps": 1000,
  "n_eval": 5,
  "elapsed_s": 19.72743010520935,
  "hof_fitness": [
    [
      -777.2569248334318,
      0.09067549979141494
    ],
    [
      -777.2453485429843,
      0.09067543081839978
    ],
    [
      -777.0139801762954,
      0.09067405238567999
    ],
    [
      -776.9354615255014,
      0.09067358463090144
    ],
    [
      -776.8846386930394,
      0.09067328187742493
    ],
    [
      -776.4972888671334,
      0.09067097469207824
    ],
    [
      -776.0991744913046,
      0.09066860389019836
    ],
    [
      -776.087598345815,
      0.09066853496093222
    ],
    [
      -775.7656195431656,
      0.09066661793528362
    ],
    [
      -775.3782744027337,
      0.09066431216536065
    ],
    [
      -775.1059472625251,
      0.09066269135649174
    ],
    [
      -774.7938571556839,
      0.09066083418197121
    ],
    [
      -774.0342414044686,
      0.09065631518879734
    ],
    [
      -773.6847362189799,
      0.09065423658349217
    ],
    [
      -773.4124140553288,
      0.09065261727754789
    ],
    [
      -772.5270305252699,
      0.09064735416718842
    ],
    [
      -772.0683352479065,
      0.09064462846287272
    ],
    [
      -770.2476920866015,
      0.07695876894638067
    ],
    [
      -770.2362198904096,
      0.07695868459034726
    ],
    [
      -769.9291193880097,
      0.07695642665531796
    ],
    [
      -769.878753557051,
      0.0769560563812018
    ],
    [
      -769.4948868078452,
      0.07695323465422177
    ],
    [
      -769.1387307699708,
      0.0769506171662276
    ],
    [
      -769.0964182821689,
      0.07695030623491267
    ],
    [
      -769.0888802663385,
      0.07695025084290241
    ],
    [
      -768.8688502156202,
      0.07694863408826962
    ],
    [
      -768.7697967407021,
      0.07694790632024634
    ],
    [
      -768.3859346720351,
      0.07694508638125147
    ],
    [
      -768.3839323897189,
      0.07287980038754582
    ],
    [
      -768.3724878892584,
      0.0728797124967207
    ],
    [
      -768.1437535328574,
      0.07287795599804774
    ],
    [
      -768.0661287779425,
      0.07287735995452017
    ],
    [
      -768.0158845385553,
      0.07287697416727769
    ],
    [
      -767.6329445097589,
      0.07287403423271134
    ],
    [
      -767.4059565537465,
      0.07068638777657368
    ],
    [
      -767.3945265912721,
      0.07068629845149332
    ],
    [
      -767.1370662579851,
      0.07068428656225047
    ],
    [
      -767.0885566493704,
      0.07068390752508442
    ],
    [
      -766.65592265867,
      0.0706805275603244
    ],
    [
      -766.6444927911264,
      0.07068043827602473
    ],
    [
      -766.4314992684562,
      0.06847848831506269
    ],
    [
      -766.276260496429,
      0.06812569352275645
    ],
    [
      -766.0367392913479,
      0.06812379686475835
    ],
    [
      -765.9593270868392,
      0.06812318393384749
    ],
    [
      -765.1234116271535,
      0.06811656724659626
    ],
    [
      -764.475881536774,
      0.06405232488355793
    ],
    [
      -764.4644951619977,
      0.064052234953769
    ],
    [
      -764.2369225295529,
      0.06405043772947953
    ],
    [
      -764.1596920250685,
      0.06404982787641306
    ],
    [
      -764.1097029725811,
      0.06404943315370142
    ],
    [
      -763.9209444288567,
      0.06282025896654028
    ],
    [
      -763.9095663163197,
      0.06282016995223759
    ],
    [
      -763.8189016975052,
      0.06259594301821278
    ],
    [
      -763.807525104548,
      0.06259585422344933
    ],
    [
      -763.5029838183464,
      0.06259347754069515
    ],
    [
      -763.1053493750586,
      0.06105317205718388
    ],
    [
      -763.0939834109461,
      0.0610530853097607
    ],
    [
      -762.9690199501073,
      0.06076453727497486
    ],
    [
      -762.6534536330525,
      0.060762142645345206
    ],
    [
      -762.3110568361839,
      0.059407075001133944
    ],
    [
      -762.2997027102854,
      0.05940699177383661
    ],
    [
      -762.1177847304352,
      0.05902137919567476
    ],
    [
      -762.1064334862809,
      0.059021297057575015
    ],
    [
      -762.057633841678,
      0.05890272107287642
    ],
    [
      -762.0462834944933,
      0.058902639294230764
    ],
    [
      -762.0453385485212,
      0.05890078061835276
    ],
    [
      -761.8184862596878,
      0.058899146446282746
    ],
    [
      -761.4754283830023,
      0.05889852738536636
    ],
    [
      -761.3128243073844,
      0.05889735652171792
    ],
    [
      -761.3118802720131,
      0.05889549821599651
    ],
    [
      -760.9604511079217,
      0.05889481977204132
    ],
    [
      -760.9595075100266,
      0.05889296164424054
    ],
    [
      -760.2156507021441,
      0.05888946055595769
    ],
    [
      -760.2147080289297,
      0.05888760280438353
    ],
    [
      -760.0462861571266,
      0.058886391502847954
    ],
    [
      -759.6426401455549,
      0.05888533988723434
    ],
    [
      -759.6416981837413,
      0.05888348242527748
    ],
    [
      -758.9623956484817,
      0.05888045081545681
    ],
    [
      -758.9614545312004,
      0.05887859369750588
    ],
    [
      -758.6944467453831,
      0.05887667559824515
    ],
    [
      -758.5542266146757,
      0.05887566848496575
    ],
    [
      -757.4200580164963,
      0.05886937670801131
    ],
    [
      -757.0550569551436,
      0.058866758208011814
    ],
    [
      -756.9703157566545,
      0.058866150401104975
    ],
    [
      -756.0897198219737,
      0.05885983704795158
    ],
    [
      -756.0042499602952,
      0.05885922454435797
    ],
    [
      -755.8227202392667,
      0.05885792380139685
    ],
    [
      -755.7247241589587,
      0.0588572217027651
    ],
    [
      -755.4577256587861,
      0.05885530908888799
    ],
    [
      -755.3449598128943,
      0.05885450144060147
    ],
    [
      -754.5896506673569,
      0.058849093888083494
    ],
    [
      -754.5179769816907,
      0.05884858093811442
    ]
  ],