{
  "run_id": 10,
  "seed": 8010,
  "domain": "eco",
  "steps": 1000,
  "n_eval": 5,
  "elapsed_s": 19.781733751296997,
  "hof_fitness": [
    [
      -770.9018999113015,
      0.07965251152673236
    ],
    [
      -770.6286985405383,
      0.07965057210672033
    ],
    [
      -770.6235590377638,
      0.07965053562489857
    ],
    [
      -770.4698826253317,
      0.07874813905536175
    ],
    [
      -770.1968339537368,
      0.07874617711040299
    ],
    [
      -770.1916973235642,
      0.07874614020488364
    ],
    [
      -770.0164332757303,
      0.07874488103488139
    ],
    [
      -769.9602597844261,
      0.0787444774869698
    ],
    [
      -769.7846116760043,
      0.07874321571975487
    ],
    [
      -769.6168538581028,
      0.07693392005505083
    ],
    [
      -769.4493858568123,
      0.07693268882943592
    ],
    [
      -769.3441067255077,
      0.07693191487585645
    ],
    [
      -769.1639052718654,
      0.0769305902412003
    ],
    [
      -769.1077938154721,
      0.07693017780134044
    ],
    [
      -768.9323396833435,
      0.0769288882326745
    ],
    [
      -768.5055586193081,
      0.07692575196798777
    ],
    [
      -766.606904106502,
      0.0702747700717502
    ],
    [
      -766.3352214038458,
      0.07027264215647243
    ],
    [
      -766.3301104705025,
      0.07027260212919045
    ],
    [
      -766.1557232102441,
      0.07027123645378516
    ],
    [
      -766.1082134505717,
      0.06914413438149755
    ],
    [
      -765.9415073504035,
      0.06914282033972673
    ],
    [
      -765.8367071904283,
      0.0691419943331036
    ],
    [
      -765.8315995763486,
      0.0691419540776552
    ],
    [
      -765.6573255708978,
      0.06914058061871407
    ],
    [
      -765.4268135014289,
      0.06913876417096443
    ],
    [
      -765.20190623831,
      0.06913699213658613
    ],
    [
      -765.0019741037084,
      0.0691354170850545
    ],
    [
      -764.8923594033224,
      0.06637964644859688
    ],
    [
      -764.6161839475297,
      0.06637745340740409
    ],
    [
      -764.5590406600402,
      0.06562384354211263
    ],
    [
      -764.3926712388701,
      0.0656225230036633
    ],
    [
      -764.2880827330533,
      0.0656216929185623
    ],
    [
      -764.158141156882,
      0.06471864839928945
    ],
    [
      -763.8873251922765,
      0.06471650387427731
    ],
    [
      -763.8822305641435,
      0.0647164635349864
    ],
    [
      -763.7210434376398,
      0.06471518732526618
    ],
    [
      -763.7083996450255,
      0.06471508722315106
    ],
    [
      -763.54736793186,
      0.06335240479688073
    ],
    [
      -763.3812185097717,
      0.06335109935269148
    ],
    [
      -763.2767683069387,
      0.06335027876111636
    ],
    [
      -763.2716777486207,
      0.06335023876977282
    ],
    [
      -763.1381806698486,
      0.06244965333002238
    ],
    [
      -762.8677260254376,
      0.06244754690959655
    ],
    [
      -762.8483080308029,
      0.06181822741968078
    ],
    [
      -762.4553725327656,
      0.060975521067953745
    ],
    [
      -762.1851599042503,
      0.060973462792806056
    ],
    [
      -762.0066329757022,
      0.060972103150078526
    ],
    [
      -761.8359647662403,
      0.05968594966952588
    ],
    [
      -761.6701878284083,
      0.05968472480661012
    ],
    [
      -761.5659717886839,
      0.059683954881948345
    ],
    [
      -761.5608926427049,
      0.05968391736012783
    ],
    [
      -761.4639769805572,
      0.058939945056701214
    ],
    [
      -761.461557829836,
      0.05893517435214705
    ],
    [
      -761.191697677637,
      0.05893322867815433
    ],
    [
      -761.1866210303878,
      0.05893319208036325
    ],
    [
      -761.0134036268753,
      0.05893194344707462
    ],
    [
      -760.9578861014176,
      0.058931543291236635
    ],
    [
      -760.784289124767,
      0.0589302921776223
    ],
    [
      -760.3620254807482,
      0.0589272497327518
    ],
    [
      -758.3683130846259,
      0.0589176497625817
    ],
    [
      -758.3659037804872,
      0.05891288302971224
    ],
    [
      -758.2002141197202,
      0.05891169166079032
    ],
    [
      -756.5907467716446,
      0.05890487536093766
    ],
    [
      -756.5883431215168,
      0.058900110913504534
    ],
    [
      -754.5832423039329,
      0.058890472860221345
    ],
    [
      -754.580845039185,
      0.058885710998091235
    ]
  ],