{
  "run_id": 19,
  "seed": 8019,
  "domain": "eco",
  "steps": 1000,
  "n_eval": 5,
  "elapsed_s": 19.759548902511597,
  "hof_fitness": [
    [
      -771.0369194275069,
      0.07888994182846239
    ],
    [
      -770.99636041344,
      0.0788896508293551
    ],
    [
      -770.2626089221706,
      0.07888438750644315
    ],
    [
      -770.2578564941329,
      0.07888435342343598
    ],
    [
      -770.0936978993045,
      0.07888317618223696
    ],
    [
      -769.9897861562259,
      0.07888243104852641
    ],
    [
      -769.7760960060775,
      0.0788808988470453
    ],
    [
      -769.7313635200223,
      0.07619218198942616
    ],
    [
      -768.9988128884613,
      0.07618674800102601
    ],
    [
      -768.9940682382855,
      0.07618671281298155
    ],
    [
      -768.8301783069295,
      0.0761854974040766
    ],
    [
      -768.726436626969,
      0.07618472811305473
    ],
    [
      -768.5142725351134,
      0.07352549185680947
    ],
    [
      -768.0916286277693,
      0.07258530858616574
    ],
    [
      -767.3606350480378,
      0.07257968178595367
    ],
    [
      -767.3559004827462,
      0.07257964534958987
    ],
    [
      -767.1923589041634,
      0.07257838682527826
    ],
    [
      -767.0888377303693,
      0.07257759024638416
    ],
    [
      -766.8759507706654,
      0.07257595226639184
    ],
    [
      -766.3912690871927,
      0.07257222382066862
    ],
    [
      -766.3578522474525,
      0.0725719667982132
    ],
    [
      -766.189577966602,
      0.07257067260883836
    ],
    [
      -765.8072347474898,
      0.07256773249738485
    ],
    [
      -765.7751591517435,
      0.07256748587486991
    ],
    [
      -765.7668292171728,
      0.07256742182848895
    ],
    [
      -765.4989858062221,
      0.06672208282053047
    ],
    [
      -765.4165084634892,
      0.0665347974946078
    ],
    [
      -764.6880567066506,
      0.06652901248362879
    ],
    [
      -764.6833386045057,
      0.06652897502360322
    ],
    [
      -764.5203656970386,
      0.06652768114844224
    ],
    [
      -764.4172044901244,
      0.06652686220100631
    ],
    [
      -764.2050577879886,
      0.06652517824145425
    ],
    [
      -763.7220614594423,
      0.06652134521617341
    ],
    [
      -763.4102021968176,
      0.06205104731759829
    ],
    [
      -762.6836587447059,
      0.062045415838007226
    ],
    [
      -762.5164070312929,
      0.062044119893732
    ],
    [
      -762.4135160735086,
      0.062043322727122506
    ],
    [
      -761.9807117333291,
      0.059064603249571024
    ],
    [
      -761.9156504837728,
      0.05893599572570198
    ],
    [
      -761.9131498701363,
      0.05893106846297709
    ],
    [
      -761.4323575845308,
      0.05892760183707961
    ],
    [
      -761.1880319936539,
      0.058925840762645856
    ],
    [
      -761.183335484707,
      0.05892580691441472
    ],
    [
      -761.0211084506379,
      0.05892463781550834
    ],
    [
      -760.9184193787977,
      0.05892389786810596
    ],
    [
      -760.7072436030526,
      0.0589223764106858
    ],
    [
      -760.6466737485756,
      0.058921940076197096
    ],
    [
      -760.2264577933806,
      0.058918913565472596
    ],
    [
      -760.0263878693473,
      0.0589174730062069
    ],
    [
      -759.651957324242,
      0.05891477769380131
    ],
    [
      -759.6471179350799,
      0.058914742863705884
    ],
    [
      -759.6153001640371,
      0.058914513868232196
    ],
    [
      -759.6070371857626,
      0.05891445439984259
    ],
    [
      -759.5456057123419,
      0.05891401229351687
    ],
    [
      -759.171177174869,
      0.05891131815316401
    ],
    [
      -759.1589070679487,
      0.05891122988077211
    ],
    [
      -759.1262572771891,
      0.058910994999797836
    ],
    [
      -758.6781295610139,
      0.05890777188279622
    ],
    [
      -757.1302427790079,
      0.058901551834628064
    ],
    [
      -757.1277578899079,
      0.05889663092737816
    ],
    [
      -757.0040921766475,
      0.058895742931075926
    ],
    [
      -755.9813067706978,
      0.05889330403641411
    ],
    [
      -755.9788256569171,
      0.05888838465899585
    ],
    [
      -755.3649209996547,
      0.05888398192841147
    ],
    [
      -755.3248421601896,
      0.05888369457952949
    ]
  ],