{
  "run_id": 15,
  "seed": 8015,
  "domain": "eco",
  "steps": 1000,
  "n_eval": 5,
  "elapsed_s": 19.770605087280273,
  "hof_fitness": [
    [
      -775.2148827499633,
      0.08793037978532024
    ],
    [
      -774.9151603620448,
      0.08792850724097744
    ],
    [
      -774.8354970943955,
      0.08792800958796727
    ],
    [
      -774.4087999686939,
      0.08792534439306422
    ],
    [
      -774.3933499000199,
      0.08792524790184526
    ],
    [
      -774.0326200379315,
      0.08792299524214454
    ],
    [
      -773.8204327703393,
      0.08792167039495409
    ],
    [
      -773.2479508568344,
      0.08791809670837945
    ],
    [
      -772.8685732934388,
      0.0879157290718959
    ],
    [
      -772.4418852652608,
      0.08791306675585378
    ],
    [
      -772.3980770930704,
      0.0825037259953512
    ],
    [
      -772.369701698707,
      0.08250353259249356
    ],
    [
      -772.1351313137154,
      0.08250193390735139
    ],
    [
      -772.0994405528501,
      0.08250169067936496
    ],
    [
      -771.5949146318667,
      0.08249825290597013
    ],
    [
      -771.2200975538858,
      0.08249569956400014
    ],
    [
      -771.0086790164057,
      0.08249425956144235
    ],
    [
      -770.4382711471137,
      0.08249037525793881
    ],
    [
      -770.2849142288186,
      0.07814440733978695
    ],
    [
      -770.2695620007253,
      0.0781442961461022
    ],
    [
      -770.1381366138025,
      0.07783277170691641
    ],
    [
      -770.1098440182035,
      0.07783256597535414
    ],
    [
      -769.8403714893894,
      0.07783060665019416
    ],
    [
      -769.3373177709777,
      0.07782694975198833
    ],
    [
      -769.1161688935708,
      0.07563321948256295
    ],
    [
      -769.0879137499945,
      0.07563300855498116
    ],
    [
      -769.0022091158296,
      0.07538486004783147
    ],
    [
      -768.1872419837405,
      0.07537876075496214
    ],
    [
      -767.8293951025444,
      0.07537608348501
    ],
    [
      -767.3876086180694,
      0.07537277896123663
    ],
    [
      -767.0509970914381,
      0.07537026169239297
    ],
    [
      -766.5879822871332,
      0.07536679993143651
    ],
    [
      -766.2513737200759,
      0.07536428382527388
    ],
    [
      -766.1961395454176,
      0.06911600065525801
    ],
    [
      -765.9353001828607,
      0.06911394426351924
    ],
    [
      -765.8998953353514,
      0.06911366516597481
    ],
    [
      -765.399411105139,
      0.06910972048061007
    ],
    [
      -765.0275966482751,
      0.06910679071979603
    ],
    [
      -764.8178717670507,
      0.06910513845946822
    ],
    [
      -764.3998144611475,
      0.06503776979445007
    ],
    [
      -764.3717322909097,
      0.06503754715163634
    ],
    [
      -764.2396130459402,
      0.06503649973222922
    ],
    [
      -764.1042639583004,
      0.065035426803617
    ],
    [
      -764.0257095384371,
      0.06503480413797494
    ],
    [
      -763.2340079163455,
      0.06502853050937067
    ],
    [
      -763.0247741452799,
      0.06502687304963421
    ],
    [
      -762.9262377641944,
      0.061770737087441
    ],
    [
      -762.8982097098728,
      0.06177052068252392
    ],
    [
      -762.8473040288266,
      0.06160034339568974
    ],
    [
      -762.8192788747107,
      0.06160012756914488
    ],
    [
      -762.5523535918095,
      0.06159807216327342
    ],
    [
      -761.9035178985125,
      0.05962048097474332
    ],
    [
      -761.8883325008769,
      0.05962036897498836
    ],
    [
      -761.6089325576531,
      0.059618308522341824
    ],
    [
      -761.5636836879048,
      0.05893998097786213
    ],
    [
      -761.5393736778184,
      0.05889209704341615
    ],
    [
      -761.5113966056897,
      0.058891895616129133
    ],
    [
      -761.2449292792033,
      0.05888997737750111
    ],
    [
      -760.7474857106835,
      0.05888639761808919
    ],
    [
      -760.3779301932962,
      0.0588837392140328
    ],
    [
      -760.1694794859358,
      0.05888224010847256
    ],
    [
      -759.6070788503812,
      0.05887819691376857
    ],
    [
      -758.8616868225051,
      0.05887284130102362
    ],
    [
      -758.8152079589333,
      0.058872507470666934
    ],
    [
      -757.9929285815739,
      0.05886660381826778
    ],
    [
      -757.9928418631088,
      0.05886643257371592
    ],
    [
      -757.362765810114,
      0.05886208243209865
    ],
    [
      -757.3626791638305,
      0.05886191121703298
    ],
    [
      -757.1963018181327,
      0.0588608884874056
    ],
    [
      -756.823615035962,
      0.05885821607762611
    ],
    [
      -755.7798796376483,
      0.05885073655230155
    ],
    [
      -755.7385787592607,
      0.05885044072936838
    ]
  ],