{
  "run_id": 0,
  "seed": 8000,
  "domain": "eco",
  "steps": 200,
  "n_eval": 5,
  "elapsed_s": 0.8140950202941895,
  "hof_fitness": [
    [
      -816.2700205151195,
      0.1380192195035002
    ],
    [
      -815.3380900270017,
      0.1380128449791698
    ],
    [
      -811.2105196869411,
      0.13798462674799666
    ],
    [
      -810.8145920989376,
      0.13798192125596143
    ],
    [
      -806.8408389843622,
      0.13366141095237025
    ],
    [
      -805.9195156504727,
      0.1336537388696473
    ],
    [
      -801.8389303578934,
      0.1336197839175323
    ],
    [
      -801.4475101627916,
      0.13361652902033547
    ],
    [
      -801.0560974064631,
      0.1336132745609379
    ],
    [
      -789.4254688069601,
      0.12394608131943582
    ],
    [
      -789.0422873870828,
      0.12394210307483164
    ],
    [
      -784.6733635900217,
      0.12295691267644386
    ],
    [
      -783.6662831504576,
      0.1216066485336349
    ],
    [
      -781.3009854281153,
      0.11916455862329607
    ],
    [
      -780.4084374791877,
      0.11915520767411365
    ],
    [
      -778.1840476515571,
      0.1191319277655454
    ],
    [
      -776.0761206294351,
      0.11910989875133413
    ],
    [
      -775.606510915625,
      0.11910499530844876
    ]
  ],
  "hall_of_fame": [
    [
      0.06553934375859238,
      0.9644136948748001
    ],
    [
      0.06553934375859238,
      0.8509592843694375
    ],
    [
      0.06553934375859238,
      0.3484030420428066
    ],
    [
      0.06553934375859238,
      0.30019131841376734
    ],
    [
      0.9021269914761142,
      0.9644136948748001
    ],
    [
      0.9021269914761142,
      0.8509592843694375
    ],
    [
      0.9021269914761142,
      0.3484030420428066
    ],
    [
      0.9021269914761142,
      0.30019131841376734
    ],
    [
      0.9021269914761142,
      0.2519795947847281
    ],
    [
      0.7761404117859521,
      0.9644136948748001
    ],
    [
      0.7761404117859521,
      0.9162019712457609
    ],
    [
      0.24502407822518557,
      0.5681877239745887
    ],
    [
      0.7183522657522128,
      0.7303392857351648
    ],
    [
      0.39275451377034865,
      0.9644136948748001
    ],
    [
      0.39275451377034865,
      0.8509592843694375
    ],
    [
      0.39275451377034865,
      0.5681877239745887
    ],
    [
      0.39275451377034865,
      0.30019131841376734
    ],
    [
      0.39275451377034865,
      0.2404823835868518
    ]
  ],
  "logbook": [
    {
      "gen": 0,
      "nevals": 10,
      "avg": [
        -789.2317189456853,
        0.125762807044341
      ],
      "min": [
        -815.3380900270017,
        0.11910499530844876
      ],
      "max": [
        -775.606510915625,
        0.1380128449791698
      ]
    },
    {
      "gen": 1,
      "nevals": 10,
      "avg": [
        -795.2247822872221,
        0.12874564860668097
      ],
      "min": [
        -815.3380900270017,
        0.11910499530844876
      ],
      "max": [
        -775.606510915625,
        0.1380128449791698
      ]
    },
    {
      "gen": 2,
      "nevals": 10,
      "avg": [
        -798.1201929310994,
        0.1300064114897455
      ],
      "min": [
        -815.3380900270017,
        0.11910499530844876
      ],
      "max": [
        -775.606510915625,
        0.1380128449791698
      ]
    },
    {
      "gen": 3,
      "nevals": 10,
      "avg": [
        -798.1201929310994,
        0.1300064114897455
      ],
      "min": [
        -815.3380900270017,
        0.11910499530844876
      ],
      "max": [
        -775.606510915625,
        0.1380128449791698
      ]
    },
    {
      "gen": 4,
      "nevals": 10,
      "avg": [
        -798.5812417742362,
        0.13001024870350958
      ],
      "min": [
        -815.3380900270017,
        0.11910499530844876
      ],
      "max": [
        -775.606510915625,
        0.1380128449791698
      ]
    },
    {
      "gen": 5,
      "nevals": 10,
      "avg": [
        -795.6860856715357,
        0.12860109845401657
      ],
      "min": [
        -816.2700205151195,
        0.11910499530844876
      ],
      "max": [
        -775.606510915625,
        0.1380192195035002
      ]
    }
  ]
}