{
  "run_id": 8,
  "seed": 8008,
  "domain": "eco",
  "steps": 1000,
  "n_eval": 5,
  "elapsed_s": 19.6394100189209,
  "hof_fitness": [
    [
      -783.0286674879496,
      0.0999935999269796
    ],
    [
      -782.7949759961297,
      0.09999243478151064
    ],
    [
      -782.7230527763741,
      0.09999207621422421
    ],
    [
      -782.4197642750662,
      0.09999056434701653
    ],
    [
      -782.2734744395306,
      0.099989835192905
    ],
    [
      -781.1691517864258,
      0.09998433275537678
    ],
    [
      -781.0219601221224,
      0.09998359959963476
    ],
    [
      -778.9158268238672,
      0.09997311538225237
    ],
    [
      -776.7590224827278,
      0.0897329622616004
    ],
    [
      -776.5271961787427,
      0.0897315578139843
    ],
    [
      -776.1549791859729,
      0.08972930321952595
    ],
    [
      -776.0385514005924,
      0.08972859808534515
    ],
    [
      -776.0098569565014,
      0.08972842430686054
    ],
    [
      -775.3743423413785,
      0.08719756507710814
    ],
    [
      -775.1429280292235,
      0.08719610074876898
    ],
    [
      -774.655151652908,
      0.08719301482835609
    ],
    [
      -774.6265082036778,
      0.08719283364065505
    ],
    [
      -774.6197063755001,
      0.08577158354558649
    ],
    [
      -774.0173216363572,
      0.0857676814132574
    ],
    [
      -773.9729438214058,
      0.08576739399261075
    ],
    [
      -773.8725978791189,
      0.08576674411010787
    ],
    [
      -773.1864256960957,
      0.0829760023536853
    ],
    [
      -772.5851522893902,
      0.08297193238916763
    ],
    [
      -772.4406955322622,
      0.08297095477326928
    ],
    [
      -772.2065214265765,
      0.0809989088992382
    ],
    [
      -771.9760498161486,
      0.08099730257755573
    ],
    [
      -771.8941973073756,
      0.0809967321377185
    ],
    [
      -771.6986413961703,
      0.07995342428341981
    ],
    [
      -771.4683209535053,
      0.07995179528608685
    ],
    [
      -771.0985217571945,
      0.07994918022399794
    ],
    [
      -770.9543421953092,
      0.07994816079211324
    ],
    [
      -769.9425609431643,
      0.07623371837545621
    ],
    [
      -769.7127632772077,
      0.07623201412610064
    ],
    [
      -769.3722468376427,
      0.07622948915864514
    ],
    [
      -769.3438034459014,
      0.07622927826964099
    ],
    [
      -769.2283944881935,
      0.07622842262300539
    ],
    [
      -769.1999511414982,
      0.0762282117514289
    ],
    [
      -768.7050996536173,
      0.07352358877931298
    ],
    [
      -768.0899449715054,
      0.0721533935663883
    ],
    [
      -767.5534954927873,
      0.07094843607775564
    ],
    [
      -767.0795717964758,
      0.06987775190105029
    ],
    [
      -766.6565634535746,
      0.06891858072645528
    ],
    [
      -766.4277445531052,
      0.0689167744449811
    ],
    [
      -766.2758574841349,
      0.06805365486222782
    ],
    [
      -766.0471520447154,
      0.06805184337669246
    ],
    [
      -765.6799458804804,
      0.06804893542350325
    ],
    [
      -765.6360449441183,
      0.06804858781098543
    ],
    [
      -765.5367773077453,
      0.06804780183395504
    ],
    [
      -764.4560167901946,
      0.06803924779019353
    ],
    [
      -764.4400865759952,
      0.06803912174836653
    ],
    [
      -764.0879541555578,
      0.06311998499540387
    ],
    [
      -763.859901149702,
      0.06311819595002359
    ],
    [
      -763.7897132887936,
      0.06311764539440992
    ],
    [
      -763.5103528493972,
      0.061855315038790507
    ],
    [
      -763.282472216664,
      0.06185355293030339
    ],
    [
      -763.2123374070425,
      0.06185301066722525
    ],
    [
      -762.9165903518181,
      0.06185072434799699
    ],
    [
      -762.1071515101503,
      0.06013359626554375
    ],
    [
      -762.0860449616641,
      0.05889740637825621
    ],
    [
      -761.8585896960923,
      0.05889576802391079
    ],
    [
      -761.7885858017117,
      0.05889526385485936
    ],
    [
      -761.5215442533477,
      0.058893340908365246
    ],
    [
      -761.4933907947818,
      0.05889313820418658
    ],
    [
      -761.3791582402887,
      0.058892315785266124
    ],
    [
      -761.3510048265169,
      0.05889211310726337
    ],
    [
      -760.2761520967347,
      0.05888437900568551
    ],
    [
      -760.2603089623984,
      0.05888426506212273
    ],
    [
      -760.1328884043471,
      0.0588833487143859
    ],
    [
      -760.1047353823553,
      0.058883146265441756
    ],
    [
      -759.6673107839542,
      0.058880001392008274
    ],
    [
      -758.0829600925599,
      0.05886862097884967
    ],
    [
      -756.8228584163373,
      0.058859581173952166
    ],
    [
      -756.7947064323939,
      0.05885937933179227
    ],
    [
      -755.5799500878121,
      0.05885594341548146
    ],
    [
      -755.5772796431447,
      0.05885065557385133
    ],
    [
      -755.5319490765091,
      0.05885033093061916
    ]
  ],